:0400000081EF00F09C
:10000800BB7EBB7EBB7EBB7E4000BB7E4000BB7E12
:10001800BB7EBB7EBB7EBB7EBB7EBB7EBB7EBB7E10
:10002800BB7E400040004000BB7EBB7EBB7EBB7EEB
:10003800BB7EBB7EBB7EBB7EBB7EBB7EBB7EC37AEC
:10004800BB7EBB7EBB7EBB7E40004000BB7EBB7ED2
:10005800BB7EBB7EBB7E4000BB7EBB7EBB7EBB7EC9
:10006800BB7EBB7EBB7EBB7EBB7EBB7EBB7EBB7EC0
:10007800BB7EBB7EBB7EBB7E4000BB7EBB7EBB7EA9
:10008800BB7EBB7EBB7EBB7EBB7EBB7EBB7EBB7EA0
:10009800117BBB7EBB7EBB7E4000BB7E4000400028
:1000A800BB7EBB7EBB7EBB7EBB7EBB7EBB7EBB7E80
:1000B800BB7EBB7EBB7EBB7EBB7EBB7EBB7EBB7E70
:1000C800BB7EBB7EBB7EBB7EBB7EBB7EBB7EBB7E60
:1000D800E77CBB7EBB7EBB7EBB7EBB7EBB7EBB7E26
:1000E8004000BB7EBB7EBB7E40004000400040001D
:0E00F800BB7EBB7EBB7EBB7EFF0045EFE6F00D
:10F61800001F001C001F001E001F001E001F001FEF
:10F62800001E001F001E001F00819FE0FC407E801E
:10F63800FC0000534420436172643A20726561649F
:10F648003531323A20435243206572726F72202856
:10F658002530347820213D20253034782C207265DF
:10F668007472793D2564290A0D00496D616765202A
:10F6780066696C652025732F445249564525632ECB
:10F6880044534B2069732061737369676E65642006
:10F69800746F2064726976652025630A0D006469B9
:10F6A800736B5F696F63746C3A20706472763D2582
:10F6B800642C20636D643D25642C20627566663D6C
:10F6C8003078256C783A207265733D25640A0D0000
:10F6D800534420436172643A202072656164353175
:10F6E800323A20616464723D25386C642C206F6660
:10F6F80066733D25642C20636F756E743D25640A1E
:10F708000D00534420436172643A2077726974652E
:10F718003531323A20616464723D25386C642C209E
:10F728006F6666733D25642C20636F756E743D2586
:10F73800640A0D00534420436172643A2077726969
:10F7480074653531323A206661696C656420746F7E
:10F758002067657420746F6B656E2C2074696D6505
:10F768006F75740A0D005573652050574D31202070
:10F77800252E32664D487A284475747920252E3115
:10F788006625252920666F72203830383820636C4A
:10F798006F636B0A0D00534420436172643A20770B
:10F7A800726974653531323A2074696D656F7574A4
:10F7B8002C20726573706F6E736520697320253015
:10F7C80032780A0D00534420436172643A20434D55
:10F7D8004435382C2052333D2530327820253032BC
:10F7E800782025303278202530327820253032783C
:10F7F8000A0D0025733A204552524F523A20636C45
:10F808006F636B20737065656420256420697320BD
:10F818006E6F7420737570706F727465640A0D0072
:10F82800534420436172643A20434D44382C20529B
:10F83800373D25303278202530327820253032780F
:10F84800202530327820253032780A0D006469731B
:10F858006B5F696F63746C3A20706472763D2564DF
:10F868002C20636D643D25643A204E6F74206861D6
:10F878006E646C65642E0A0D006469736B5F726553
:10F8880061643A2020706472763D25642C2073658B
:10F8980063746F723D256C642C20636F756E743DC4
:10F8A80025640A0D006469736B5F77726974653A41
:10F8B80020706472763D25642C20736563746F72C2
:10F8C8003D256C642C20636F756E743D25640A0DAC
:10F8D80000536574757020445331333037205254C7
:10F8E80043206D6F64756C6520666F7220636C6F62
:10F8F800636B206465766963652E0D0A00534420A6
:10F90800436172643A204343532028436172642060
:10F9180043617061636974792053746174757329E4
:10F9280020697320300A0D00534420436172643A01
:10F938002077726974653531323A20435243206525
:10F9480072726F72202872657472793D2564290A73
:10F958000D00534420436172643A2043617264206D
:10F96800706F776572207570207374617475732079
:10F9780062697320697320300A0D00726561642022
:10F988004D425220706172746974696F6E2074619F
:10F99800626C6520617420736563746F7220300A2D
:10F9A8000D00534420436172643A20534448432075
:10F9B8006F722053445843206361726420646574F5
:10F9C80065637465640A0D0025733A204552524FE9
:10F9D800523A206D6F6465202564206973206E6F2C
:10F9E8007420737570706F727465640A0D005344E7
:10F9F80020436172643A20696E697469616C697A3E
:10FA080065202E2E2E207375636365656465640A10
:10FA18000D00534420436172643A20756E65787016
:10FA2800656374656420726573706F6E73652025F5
:10FA38003032780A0D002573204C6F6164204164D0
:10FA480072203D202530366C782C2053697A652049
:10FA58003D20253034780D0A0053442043617264F8
:10FA68003A2041434D44343120726573706F6E7390
:10FA78006520697320253032780A0D0053442043ED
:10FA88006172643A2077726974653531323A20744C
:10FA98006F6B656E20697320253032780A0D004D32
:10FAA800656D6F727920303030303030202D202550
:10FAB80030366C5848202564204B42204F4B0D0AA5
:10FAC80000534420436172643A20434D4435392041
:10FAD800726573706F6E7365206973202530327894
:10FAE8000A0D00706172746974696F6E20737461B5
:10FAF80072747320617420736563746F7220256C4F
:10FB0800640A0D0053657475702074696D657230F0
:10FB180020666F7220636C6F636B2064657669631F
:10FB2800652E0D0A00665F777269746528293A2088
:10FB38004552524F52207265733D25642C206E3D0C
:10FB480025640A0D004D455A38382F5632305F5219
:10FB5800414D20526576312E32206F6E20454D552D
:10FB68005A383000665F7265616428293A20455228
:10FB7800524F52207265733D25642C206E3D2564DA
:10FB88000A0D0053656C6563742843504D203D2071
:10FB9800312C204D53444F53203D203229203A2008
:10FBA80000536574757020554152543520666F7244
:10FBB80020415558206465766963652E0D0A0066F4
:10FBC80061696C656420746F20777269746520734D
:10FBD8006563746F7220256C640A0D00554E4B4E98
:10FBE8004F574E20444556494345203A20434D44FB
:10FBF8002825303278290D0A006661696C65642011
:10FC0800746F207265616420736563746F72202558
:10FC18006C640A0D000A0D534420436172643A2053
:10FC2800696E697469616C697A65202E2E2E0A0DD9
:10FC38000050726F6772616D2046696C65204C6F69
:10FC48006164204572726F722E0D0A004661696CFC
:10FC5800656420746F206F70656E20534420436183
:10FC680072642E2E0A0D004661696C656420746FFB
:10FC7800206D6F756E7420534420436172642E0AA0
:10FC88000D00554E4B4E4F574E20756E696D6F6E79
:10FC980020434D442825303278290D0A005344204A
:10FCA800436172643A2041434D4434312C2052312F
:10FCB8003D253032780A0D000A4D656D6F72792046
:10FCC8006572726F72206174202530366C58480A4C
:10FCD8000D006661696C656420746F2072656164EB
:10FCE80020736563746F7220300A0D006469736B4A
:10FCF8005F696E697469616C697A65282564292E63
:10FD08002E2E0A0D004654323030584420555342A6
:10FD18002D55415254206D6F64756C652000534415
:10FD280020436172643A206E6F74207375706F702F
:10FD3800727465640A0D00534420436172643A206A
:10FD4800434D44302C2052313D253032780A0D0085
:10FD5800202020202020202020202020202020209B
:10FD6800202020202020200D007761697420666FF4
:10FD7800722070726F6772616D6D6572202E2E2E03
:10FD88000D004D656D6F7279203030303030302085
:10FD98002D202530366C58480D00257325353373D2
:10FDA80020434845434B53554D3A20253032780A75
:10FDB8000D0049324320627573206973206E6F7499
:10FDC8002065786973742E0A0D000A4D656D6F728F
:10FDD8007920777261702061726F756E642E0A0DDA
:10FDE80000706879736963616C2064726976657202
:10FDF80020213D20300A0D00665F6C7365656B2815
:10FE0800293A204552524F522025640A0D006E6F40
:10FE180020464154333220706172746974696F6E80
:10FE28000A0D00665F73796E6328293A204552529D
:10FE38004F522025640A0D006E6F204D42522073E8
:10FE480069676E61747572650A0D004E6F204F53B5
:10FE5800206469726563746F72792E0A0D004453C9
:10FE68003133303720525443206D6F64756C6520F0
:10FE780000534420436172643A2074696D656F755C
:10FE8800740A0D006E6F2076616C696420766F6C61
:10FE9800756D650A0D0025732069732073656C659F
:10FEA800637465642E0A0D00534420436172643AFA
:10FEB8002072656164792E0A0D005350495F5344DE
:10FEC8005F636F6E666967757265004E6F20626F5B
:10FED8006F74206469736B2E0A0D0025732F554DBE
:10FEE8004F4E5F43504D2E42494E0025732F4343DA
:10FEF800505F42444F532E42494E0025732F554DB3
:10FF08004F4E5F444F532E42494E00776173204451
:10FF1800657465637465642E0D0A006973206E6FDD
:10FF2800742065786973742E0D0A002A2B2C3A3BCD
:10FF38003C3D3E5B5D7C223F7F0025732F44524948
:10FF4800564525632E44534B004E6F20534420439F
:10FF58006172643F0A0D0025732F4342494F532EA7
:10FF680042494E0025732F4D53444F532E53595336
:10FF780000426F6172643A2025730A0D004465746B
:10FF88006563742025730A0D0025732F494F2E537E
:10FF98005953004641543332202020002573253020
:10FFA800366C783A0043504D4449534B5300444F04
:10FFB800534449534B53002573253034783A00286D
:10FFC8006E756C6C29002025303278006661743AB1
:10FFD80020006275663A200052443A200057523A8F
:10FFE8002000303A2F2F0053443A2000696E6600F3
:08FFF8006E616E00257300002C
:020000040001F9
:1000000096C6D9F497C6DAF4DE6ADD6A94C609F5B5
:1000100095C60AF5B9ECD0F009C5A5F60AC5A6F64D
:100020000601A6BF18EF80F016EF80F01BEF80F0FE
:100030000B0E61EF85F0D890A535D96EA635DA6E36
:10004000ED0ED926060EDA22DEC4C0F6DDC4C1F6F6
:10005000C051C111D8A42FEF80F031EF80F034EF00
:1000600080F00C0E61EF85F096C6D9F497C6DAF4ED
:10007000C0C6DEF4C1C6DDF49891C0C6D9F4C1C6CD
:10008000DAF4DF50D8B447EF80F049EF80F070EF3A
:1000900080F020EE01F0C051D926C151DA22DF50A4
:1000A00076ECF3F00601B56FB5B159EF80F05BEF78
:1000B00080F070EF80F09851D8B461EF80F063EF7A
:1000C00080F06DEF80F0B5A568EF80F06AEF80F00A
:1000D0006DEF80F00A0E61EF85F0000E61EF85F0A4
:1000E000C0C6D9F4C1C6DAF4DF6A20EE01F0C0510F
:1000F000D926C151DA22DF5093ECBAF00601B56F70
:10010000B5A185EF80F087EF80F08AEF80F0030ED5
:1001100061EF85F09851D8B490EF80F092EF80F0C5
:100120009BEF80F0B5A597EF80F099EF80F09BEF03
:1001300080F06AEF80F0C0C647F6C1C648F6000EF0
:100140004A6F000E496FBCECC8F047C6BEF648C601
:10015000BFF6040E0601BE19BF11D8A4B2EF80F09D
:10016000B4EF80F0B7EF80F0010E61EF85F0BF5182
:1001700009E1020EBE5DD8A0C0EF80F0C2EF80F0B2
:10018000C5EF80F00D0E61EF85F020EE2CF0C05130
:10019000D926C151DA22DEC4B1F6DEC4B2F6DEC41D
:1001A000B3F6DEC4B4F63B0EC025096E000EC121C5
:1001B0000A6E19ECFBF0020E0A180910D8B4E3EF2E
:1001C00080F0E5EF80F0E7EF80F0C2EF80F0460EC0
:1001D0000601C025096E000EC1210A6E19ECFBF064
:1001E00009C5BAF60AC5BBF60601BC6BBD6BBA51B0
:1001F000BB11BC11BD11D8A400EF81F002EF81F05A
:1002000012EF81F0540EC025096E000EC1210A6E56
:1002100050ECEDF009C5BAF60AC5BBF60BC5BCF645
:100220000CC5BDF6060120EE18F0C051D926C1510B
:10023000DA22BAC6DEF4BBC6DEF4BCC6DEF4BDC646
:10024000DEF420EE40F0C051D926C151DA2210EE82
:1002500003F0C051E126C151E222DFC4E7F420EEF1
:1002600003F0C051D926C151DA22DE04D8B43BEFE5
:1002700081F03DEF81F04EEF81F020EE03F0C051B0
:10028000D926C151DA22020EDE18D8B44AEF81F025
:100290004CEF81F04EEF81F0C2EF80F0BAC609F565
:1002A000BBC60AF5BCC60BF5BDC60CF520EE03F0C7
:1002B000C051D926C151DA22DF50996F99510D6E84
:1002C0000E6A0F6A106A51ECF5F009C5BAF60AC554
:1002D000BBF60BC5BCF60CC5BDF6060120EE3DF025
:1002E000C051D926C151DA22DF50996F9A6B20EEA6
:1002F0000AF0C051D926C151DA2299C6DEF49AC655
:10030000DDF420EE0AF0C051D926C151DA22DE50C8
:10031000DE10D8B48EEF81F090EF81F0C2EF80F064
:1003200020EE0AF0C051D926C151DA22DEC499F676
:10033000DDC49AF620EE0AF0C051D926C151DA2266
:10034000DEC49BF6DDC49CF6FF0E9B259D6FFF0E61
:100350009C219E6F99519D159F6F9A519E15A06F7C
:100360009F51A011D8B4B7EF81F0B9EF81F0BBEF86
:1003700081F0C2EF80F0410EC025096E000EC12150
:100380000A6E19ECFBF0060120EE08F0C051D926E8
:10039000C151DA2209C5DEF40AC5DDF420EE08F009
:1003A000C051D926C151DA22DEC499F6DDC49AF6CD
:1003B0000F0E9917000E9A1799519A11D8B4E3EFBE
:1003C00081F0E5EF81F0E7EF81F0C2EF80F0430EBE
:1003D000C025096E000EC1210A6E19ECFBF009C59B
:1003E000ADF60AC5AEF60601AF6BB06BAD51AE11FE
:1003F000AF11B011D8A4FFEF81F001EF82F011EF3F
:1004000082F0500EC025096E000EC1210A6E50EC1C
:10041000EDF009C5ADF60AC5AEF60BC5AFF60CC5D5
:10042000B0F63E0E0601C025096E000EC1210A6E0F
:1004300019ECFBF009C5ABF60AC5ACF60601AB51E9
:10044000AC11D8A426EF82F028EF82F02AEF82F0D8
:10045000C2EF80F020EE08F0C051D926C151DA2257
:10046000DEC499F6DDC49AF6040E9B6FD8909A33D9
:1004700099339B2F36EF82F0AB5199259C6FAC518D
:100480009A219D6F9E6BD8B09E2B9F6BBA519C2575
:10049000A76FBB519D21A86FBC519E21A96FBD5173
:1004A0009F21AA6FA751AD5DA851AE59A951AF596F
:1004B000AA51B059D8B05FEF82F061EF82F063EFDC
:1004C00082F0C2EF80F0A751AD5D096EA851AE5920
:1004D0000A6EA951AF590B6EAA51B0590C6E20EE9D
:1004E0000AF0C051D926C151DA22DEC499F6DDC422
:1004F0009AF699C60DF59AC60EF50F6A106A0DECBC
:10050000F0F009C5B6F60AC5B7F60BC5B8F60CC5C6
:10051000B9F60601B651B711B811B911D8A493EFC5
:1005200082F095EF82F097EF82F0C2EF80F0000E3C
:10053000BF6F000EBE6FF60EB65DFF0EB759FF0E11
:10054000B8590F0EB959D8B0A8EF82F0AAEF82F0CF
:10055000AEEF82F0000EBF6F030EBE6FB951B8113F
:1005600009E1F60EB65DFF0EB759D8B0BAEF82F0CA
:10057000BCEF82F0C0EF82F0000EBF6F020EBE6FC4
:10058000B951B81109E1F60EB65D0F0EB759D8B0E2
:10059000CCEF82F0CEEF82F0D2EF82F0000EBF6F90
:1005A000010EBE6FBE51BF11D8A4D9EF82F0DBEFB0
:1005B00082F0DDEF82F0C2EF80F0020EB625996F77
:1005C000000EB7219A6F000EB8219B6F000EB92163
:1005D0009C6F20EE14F0C051D926C151DA2299C681
:1005E000DEF49AC6DEF49BC6DEF49CC6DEF420EE92
:1005F0001CF0C051D926C151DA22B1C6DEF4B2C610
:10060000DEF4B3C6DEF4B4C6DEF4AB51B125996FA7
:10061000AC51B2219A6F000EB3219B6F000EB42132
:100620009C6F20EE20F0C051D926C151DA2299C624
:10063000DEF49AC6DEF49BC6DEF49CC6DEF4A75157
:10064000B125996FA851B2219A6FA951B3219B6F1F
:10065000AA51B4219C6F20EE28F0C051D926C15177
:10066000DA2299C6DEF49AC6DEF49BC6DEF49CC696
:10067000DEF4030EBE19BF11D8A441EF83F043EF9F
:1006800083F0A0EF83F05A0EC025096E000EC12141
:100690000A6E19ECFBF009500A10D8B452EF83F03F
:1006A00054EF83F056EF83F0C2EF80F0060120EEA6
:1006B00008F0C051D926C151DA22DE50DE10D8B47C
:1006C00064EF83F066EF83F068EF83F0C2EF80F0B1
:1006D0005C0EC025096E000EC1210A6E50ECEDF0D3
:1006E000060120EE24F0C051D926C151DA2209C5F5
:1006F000DEF40AC5DEF40BC5DEF40CC5DEF420EE34
:1007000014F0C051D926C151DA22DEC499F6DEC4F4
:100710009AF6DEC49BF6DEC49CF6020ED89099379A
:100720009A379B379C37E82E8EEF83F099C6A1F657
:100730009AC6A2F69BC6A3F69CC6A4F640EF84F028
:1007400020EE08F0C051D926C151DA22DE50DE1069
:10075000D8A4ADEF83F0AFEF83F0B1EF83F0C2EF39
:1007600080F020EE20F0C051D926C151DA22DEC43B
:1007700099F6DEC49AF6DEC49BF6DEC49CF6BA5146
:1007800099259D6FBB519A219E6FBC519B219F6FF4
:10079000BD519C21A06F20EE24F0C051D926C1513B
:1007A000DA229DC6DEF49EC6DEF49FC6DEF4A0C645
:1007B000DEF4020EBE19BF11D8B4E1EF83F0E3EF0F
:1007C00083F029EF84F020EE14F0C051D926C151F6
:1007D000DA22DEC499F6DEC49AF6DEC49BF6DEC4E5
:1007E0009CF6010E99159D6F000E9A159E6F000ED6
:1007F0009B159F6F000E9C15A06F20EE14F0C0514A
:10080000D926C151DA22DEC409F5DEC40AF5DEC4F8
:100810000BF5DEC40CF5030E0D6E000E0E6E000E11
:100820000F6E000E106E51ECF5F0D8900C320B32BA
:100830000A32093206019D510924A16F9E510A20F6
:10084000A26F9F510B20A36FA0510C20A46F40EF0B
:1008500084F020EE14F0C051D926C151DA22DEC452
:1008600099F6DEC49AF6DEC49BF6DEC49CF6D890F8
:100870009935A16F9A35A26F9B35A36F9C35A46FF4
:10088000FF0EA125996F010EA2219A6F000EA321E0
:100890009B6F000EA4219C6F0A0E54EF84F0D89039
:1008A0009C339B339A339933E82E4FEF84F020EE3C
:1008B00018F0C051D926C151DA229951DE5C9A5103
:1008C000DE589B51DE589C51DE58D8B06AEF84F058
:1008D0006CEF84F06EEF84F0C2EF80F020EE10F049
:1008E000C051D926C151DA22FF0EDE6EFF0EDE6E38
:1008F000FF0EDE6EFF0EDD6EDD52DD5210EE0CF0EF
:10090000C051E126C151E222DEC4E6F4DEC4E6F4C1
:10091000DEC4E6F4DEC4E6F420EE05F0C051D926CC
:10092000C151DA22800EDF6E030EBE19BF11D8A4AA
:100930009CEF84F09EEF84F04BEF85F0600EC025B5
:10094000096E000EC1210A6E19ECFBF009040A10B1
:10095000D8A4ADEF84F0AFEF84F04BEF85F0C0C6C4
:100960002EF6C1C62FF6010E0601B125306F000E1E
:10097000B221316F000EB321326F000EB421336FFC
:1009800001ECEBF00009D8A4C8EF84F0CAEF84F0C2
:100990004BEF85F0060120EE05F0C051D926C1517C
:1009A000DA22DF6A2E0EC025096E020EC1210A6E00
:1009B00019ECFBF0550E091807E1AA0E0A18D8A485
:1009C000E4EF84F0E6EF84F04BEF85F0300E0601A3
:1009D000C025096E000EC1210A6E50ECEDF0520EDA
:1009E00009180DE1520E0A180AE1610E0B1807E111
:1009F000410E0C18D8A4FFEF84F001EF85F04BEF07
:100A000085F0140E0601C025096E020EC1210A6E82
:100A100050ECEDF0720E09180DE1720E0A180AE1A1
:100A2000410E0B1807E1610E0C18D8A41AEF85F0DF
:100A30001CEF85F04BEF85F0180E0601C025096EFE
:100A4000020EC1210A6E50ECEDF0060120EE10F00E
:100A5000C051D926C151DA2209C5DEF40AC5DEF437
:100A60000BC5DEF40CC5DEF41C0EC025096E020EAB
:100A7000C1210A6E50ECEDF0060120EE0CF0C051E1
:100A8000D926C151DA2209C5DEF40AC5DEF40BC548
:100A9000DEF40CC5DEF4C0C6D9F4C1C6DAF4BEC6B5
:100AA000DFF407011B4B1C2B060120EE06F0C051A2
:100AB000D926C151DA221BC7DEF41CC7DDF46DEF65
:100AC00080F0120005019E6B76C59FF577C5A0F5F5
:100AD00078C5A1F579C5A2F5A2BF73EF85F071EFD6
:100AE00085F087EF85F0010E9E6F9FC509F5A0C5C3
:100AF0000AF5A1C50BF5A2C50CF5FDECFAF009C588
:100B00009FF50AC5A0F50BC5A1F50CC5A2F5000E11
:100B10000501A46F000EA36F51C592F552C593F560
:100B20009E51D8B496EF85F098EF85F0ACEF85F044
:100B30009E51D8A49EEF85F0A0EF85F0A6EF85F03A
:100B4000000E846F2B0E836FAAEF85F0000E846F6A
:100B50002D0E836F83C59EF59FC509F5A0C50AF5C7
:100B6000A1C50BF5A2C50CF5CBECE4F009040A1005
:100B7000D8A4BDEF85F0BFEF85F0F2EF85F0050159
:100B80009E51D8B4C6EF85F0C8EF85F0D1EF85F05F
:100B90009EC574F89207D8A09307000EA46F010EAB
:100BA000A36F740EA325096E080EA4210A6EF40E1D
:100BB0000B6EFF0E0C6E52ECFAF00501FD0E922743
:100BC000FF0E932374C51AF575C51BF5740E1C6EC4
:100BD000080E1D6E92C51EF593C51FF55FECF0F073
:100BE00091EF8AF09FC509F5A0C50AF5A1C50BF5DF
:100BF000A2C50CF5CBECE4F009500A10D8A403EF21
:100C000086F005EF86F025EF86F005019E51D8B4F9
:100C10000CEF86F00EEF86F017EF86F09EC574F8A5
:100C20009207D8A09307000EA46F010EA36F740E55
:100C3000A325096E080EA4210A6EF80E0B6EFF0E96
:100C40000C6E52ECFAF0DDEF85F0000E0501A56F99
:100C5000000EA66F800EA76F3F0EA86F000E8D6F5F
:100C6000000E8C6F9FC509F5A0C50AF5A1C50BF54F
:100C7000A2C50CF5000E0D6E000E0E6E000E0F6E6E
:100C8000000E106E13ECEFF0D8B049EF86F04BEF8A
:100C900086F02AEF87F058EF86F08EC5A5F58FC550
:100CA000A6F590C5A7F591C5A8F505018C4B8D2B30
:100CB000A5C51EF5A6C51FF5A7C520F5A8C521F534
:100CC000000E226E000E236E200E246E410E256E45
:100CD0005EECACF01EC58EF51FC58FF520C590F5F6
:100CE00021C591F505018E519F5D096E8F51A05967
:100CF0000A6E9051A1590B6E9151A2590C6EF7ECEE
:100D0000F7F00CBE8FEF86F00C500B100A1009E1C3
:100D1000020E095CD8A08FEF86F091EF86F04DEFC0
:100D200086F08EC537F58FC538F590C539F591C574
:100D30003AF59FC53BF5A0C53CF5A1C53DF5A2C55B
:100D40003EF5C9ECE3F0D8A0A8EF86F0AAEF86F054
:100D50004DEF86F00501A5519F5D096EA651A05982
:100D60000A6EA751A1590B6EA851A2590C6EF7EC4F
:100D7000F7F00CBEC9EF86F00C500B100A1007E11B
:100D8000020E095CD8B0C7EF86F0C9EF86F011EF0C
:100D900087F0A5C59FF5A6C5A0F5A7C5A1F5A8C56F
:100DA000A2F52AEF87F0A5C537F5A6C538F5A7C582
:100DB00039F5A8C53AF5000E3B6E000E3C6E200ECC
:100DC0003D6E410E3E6EFCECB3F037C5A5F538C55F
:100DD000A6F539C5A7F53AC5A8F505018C07D8A031
:100DE0008D07A5519F5D096EA651A0590A6EA751A6
:100DF000A1590B6EA851A2590C6EF7ECF7F00CBE7E
:100E00000FEF87F00C500B100A1007E1020E095C7F
:100E1000D8B00DEF87F00FEF87F011EF87F0C9EF33
:100E200086F09FC537F5A0C538F5A1C539F5A2C52F
:100E30003AF5A5C53BF5A6C53CF5A7C53DF5A8C542
:100E40003EF5C9ECE3F0D8A028EF87F02AEF87F051
:100E5000D3EF86F07AC586F586C587F554BE33EFA5
:100E600087F035EF87F03BEF87F053C57FF554C52A
:100E700080F540EF87F0000E0501806F060E7F6F52
:100E80007FC58AF580C58BF505018A4B8B2B660ED5
:100E90008719D8A44EEF87F050EF87F070EF87F0F6
:100EA0008DBF57EF87F055EF87F063EF87F0000EA7
:100EB000A56F000EA66F800EA76F3F0EA86F000EE5
:100EC0008D6F000E8C6F670E8619D8B46AEF87F0AD
:100ED0006CEF87F070EF87F08C518A278D518B2350
:100EE000000E9D6F000E9C6F9FC594F5A0C595F5F3
:100EF000A1C596F5A2C597F5A5C58EF5A6C58FF532
:100F0000A7C590F5A8C591F501EF88F094C537F510
:100F100095C538F596C539F597C53AF5A5C53BF59C
:100F2000A6C53CF5A7C53DF5A8C53EF5FCECB3F05C
:100F300037C560F538C561F539C562F53AC563F561
:100F4000A4ECC3F060C598F561C599F562C59AF542
:100F500063C59BF598C509F599C50AF59AC50BF5C2
:100F60009BC50CF546ECE3F009C588F50AC589F583
:100F700094C537F595C538F596C539F597C53AF551
:100F800098C522F599C523F59AC524F59BC525F585
:100F9000A5C51EF5A6C51FF5A7C520F5A8C521F551
:100FA0005EECACF01EC53BF51FC53CF520C53DF51C
:100FB00021C53EF587ECF9F037C594F538C595F5B0
:100FC00039C596F53AC597F5A5C537F5A6C538F5DF
:100FD000A7C539F5A8C53AF5000E3B6E000E3C6E6C
:100FE000200E3D6E410E3E6EFCECB3F037C5A5F50C
:100FF00038C5A6F539C5A7F53AC5A8F505019C4B36
:101000009D2B8A519C5D9D51800A7B6F8B51800A7C
:101010007B59D8A00EEF88F010EF88F086EF87F0AC
:10102000A5C51EF5A6C51FF5A7C520F5A8C521F5C0
:10103000000E226E000E236EA00E246E400E256E52
:101040005EECACF01EC598F51FC599F520C59AF564
:1010500021C59BF594C537F595C538F596C539F585
:1010600097C53AF598C53BF599C53CF59AC53DF548
:101070009BC53EF5C9ECE3F0D8B041EF88F043EFF3
:1010800088F04EEF88F0000E0501986F000E996F02
:10109000000E9A6F000E9B6F77EF88F094C509F5EC
:1010A00095C50AF596C50BF597C50CF598C50DF5D0
:1010B00099C50EF59AC50FF59BC510F513ECEFF029
:1010C000D8A065EF88F067EF88F077EF88F005012A
:1010D00088B16DEF88F06FEF88F077EF88F0000E41
:1010E000986F000E996F000E9A6F000E9B6F9FC550
:1010F00009F5A0C50AF5A1C50BF5A2C50CF598C563
:101100000DF599C50EF59AC50FF59BC510F5C7EC01
:10111000A5F009C594F50AC595F50BC596F50CC55E
:1011200097F594C537F595C538F596C539F597C542
:101130003AF5000E226E000E236E200E246E410E34
:10114000256E8EC51EF58FC51FF590C520F591C57E
:1011500021F55EECACF01EC53BF51FC53CF520C586
:101160003DF521C53EF5C9ECE3F0D8A0BAEF88F013
:10117000BCEF88F0E5EF88F005018C4B8D2B8EC518
:101180001EF58FC51FF590C520F591C521F5000E00
:10119000226E000E236E200E246E410E256E5EEC34
:1011A000ACF01EC58EF51FC58FF520C590F521C585
:1011B00091F5660E05018719D8A4E1EF88F0E3EFF9
:1011C00088F0E5EF88F08A4B8B2B8EC5A5F58FC58F
:1011D000A6F590C5A7F591C5A8F58CC57DF58DC57B
:1011E0007EF50501856B000E826F000E816F000E8B
:1011F0009D6F000E9C6FE2EF89F094C537F595C5A1
:1012000038F596C539F597C53AF5A5C53BF5A6C598
:101210003CF5A7C53DF5A8C53EF5FCECB3F037C5D8
:1012200060F538C561F539C562F53AC563F5A4ECDA
:10123000C3F060C598F561C599F562C59AF563C5B7
:101240009BF598C509F599C50AF59AC50BF59BC597
:101250000CF546ECE3F00ABE39EF89F00A5007E1DD
:101260000A0E095CD8B037EF89F039EF89F049EF01
:1012700089F098C509F599C50AF59AC50BF59BC57E
:101280000CF546ECE3F009C588F50AC589F54EEF83
:1012900089F0000E0501896F090E886F05018551DF
:1012A000D8A455EF89F057EF89F07FEF89F07EBF22
:1012B0005EEF89F05CEF89F07FEF89F0740EA32573
:1012C000D96E080EA421DA6E2E0EDF6EA34BA42B6E
:1012D0009207D8A09307010E856F7FEF89F0740EF7
:1012E000A325D96E080EA421DA6E300EDF6EA34B53
:1012F000A42B9207D8A093078107D8A08207815119
:101300008211D8A486EF89F088EF89F06FEF89F019
:10131000740EA325D96E080EA421DA6E8851300F01
:10132000DF6EA34BA42B9207D8A0930794C537F583
:1013300095C538F596C539F597C53AF598C522F59E
:1013400099C523F59AC524F59BC525F5A5C51EF5B8
:10135000A6C51FF5A7C520F5A8C521F55EECACF024
:101360001EC53BF51FC53CF520C53DF521C53EF525
:1013700087ECF9F037C594F538C595F539C596F57C
:101380003AC597F5A5C537F5A6C538F5A7C539F50A
:10139000A8C53AF5000E3B6E000E3C6E200E3D6E69
:1013A000410E3E6EFCECB3F037C5A5F538C5A6F589
:1013B00039C5A7F53AC5A8F505017D07D8A07E0770
:1013C0009C4B9D2B8A519C5D9D51800A7B6F8B515C
:1013D000800A7B59D8B0EFEF89F0F1EF89F0FFEF89
:1013E00089F0A4BFFDEF89F0A45109E14B0EA35D84
:1013F000D8A0FDEF89F0FFEF89F0FDEF88F0000E37
:101400009D6F4F0E9C6F740E9C25D96E080E9D210A
:10141000DA6EDF6A740E7B6F080E7C6FA3517B5F00
:10142000A4517C5B9C517B25096E9D517C210A6EE9
:10143000740E0B6E080E0C6EA3C50DF5A4C50EF54B
:10144000C6ECF8F00501A3519C5DA36FA4519D5912
:10145000A46F9E51D8A42FEF8AF032EF8AF0010ECC
:1014600033EF8AF0000E9C6F9D6B57A23AEF8AF023
:101470003CEF8AF06AEF8AF04CEF8AF0A307D8A01D
:10148000A407740EA325D96E080EA421DA6E300EBF
:10149000DF6E9207D8A0930792519C5D9D51800A00
:1014A0007B6F9351800A7B59D8B059EF8AF05BEF7C
:1014B0008AF06AEF8AF0A3519C5D9D51800A7B6F90
:1014C000A451800A7B59D8A068EF8AF06AEF8AF0AD
:1014D0003EEF8AF09E51D8B470EF8AF072EF8AF036
:1014E0007DEF8AF0A307D8A0A407740EA325D96EB8
:1014F000080EA421DA6E9EC5DFF49C51925F9D51C7
:10150000935B74C51AF575C51BF5740EA3251C6E87
:10151000080EA4211D6E92C51EF593C51FF55FEC44
:10152000F0F0120079C690F67AC691F67DC6D9F42D
:101530007EC6DAF4DE6ADD6A77C6D1F578C6D2F502
:10154000A00E0501D36F060ED46F4BECE4F006013C
:101550008F6F8F51D8A4AFEF8AF0B1EF8AF0C1EF4F
:101560008AF020EE0FF07751D9267851DA22DF5039
:101570008F6F8F51D8B4BFEF8AF0C1EF8AF0C4EFFC
:101580008AF08F51CFEF8EF020EE0EF07751D926F2
:101590007851DA22DFB2CFEF8AF0D1EF8AF0D4EFC0
:1015A0008AF0070ECFEF8EF020EE10F07751D9269B
:1015B0007851DA2210EE10F07751E1267851E222CC
:1015C000E6C483F6E6C484F6E6C485F6E6C486F689
:1015D0007B518325876F7C518421886F000E852184
:1015E000896F000E86218A6FDE50875DDE50885934
:1015F000DE508959DE508A59D8B001EF8BF003EFE5
:101600008BF011EF8BF020EE10F07751D926785146
:10161000DA22DEC47FF6DDC480F67F1D7B6F801D7D
:101620007C6F7B517C11D8A418EF8BF01AEF8BF0F4
:101630001CEF8BF0C6EF8EF020EE10F07751D9261C
:101640007851DA22FF0EDE147F6F010EDE14806FF8
:10165000000EDE14816F000EDE14826F7F51801148
:1016600081118211D8A437EF8BF039EF8BF00AEF9C
:101670008EF020EE10F07751D9267851DA22DEC4B0
:101680007FF6DEC480F6DEC481F6DEC482F60A0E82
:101690004FEF8BF0D8908233813380337F33E82E45
:1016A0004AEF8BF020EE0AF0A051D926A151DA22A0
:1016B000DEC483F6DDC484F6FF0E8325856FFF0E3E
:1016C0008421866F7F518515926F80518615936FA7
:1016D00092519311D8A46FEF8BF071EF8BF039EF2B
:1016E0008CF020EE10F07751D9267851DA22DE50B6
:1016F000DE10DE10DE10D8A480EF8BF082EF8BF0CE
:10170000B3EF8BF020EE06F07751D9267851DA222C
:10171000DEC496F6DEC497F6DEC498F6DEC499F60B
:101720009651971198119911D8A499EF8BF09BEFCE
:101730008BF0CFEF8BF077C65AF678C65BF6000ECB
:101740005C6F000E5D6F000E5E6F000E5F6F03EC4E
:101750009EF05AC696F65BC697F65CC698F65DC6CE
:1017600099F6CFEF8BF077C65AF678C65BF620EE87
:1017700014F07751D9267851DA22DEC45CF6DEC443
:101780005DF6DEC45EF6DEC45FF603EC9EF05AC67C
:1017900096F65BC697F65CC698F65DC699F60601A6
:1017A0009651971198119911D8A4D9EF8BF0DBEFCE
:1017B0008BF0DDEF8BF0C6EF8EF096059711981148
:1017C0009911D8A4E6EF8BF0E8EF8BF0F3EF8BF0F4
:1017D00020EE0FF07751D9267851DA22020EDF6E13
:1017E000020ECFEF8EF096290AE1972908E1982999
:1017F00006E19929D8A4FFEF8BF001EF8CF00CEFF4
:101800008CF020EE0FF07751D9267851DA22010EB4
:10181000DF6E010ECFEF8EF020EE14F07751D92657
:101820007851DA2296C6DEF497C6DEF498C6DEF466
:1018300099C6DEF420EE06F07751D9267851DA22E7
:10184000DE50DE10DE10DE10D8A429EF8CF02BEF76
:101850008CF039EF8CF020EE06F07751D9267851D4
:10186000DA2296C6DEF497C6DEF498C6DEF499C690
:10187000DEF420EE0EF07751D9267851DA22DFAE71
:1018800044EF8CF046EF8CF083EF8CF0220E77253E
:101890000D6F000E78210E6F20EE18F07751D926CB
:1018A0007851DA22DEC40FF6DEC410F6DEC411F67B
:1018B000DEC412F6000E146F010E136F20EE01F05D
:1018C000A051D926A151DA22DF507DECD8F00009D1
:1018D000D8B46DEF8CF06FEF8CF07AEF8CF00601DE
:1018E00020EE0FF07751D9267851DA22010EDF6E03
:1018F00009EF8CF0060120EE0EF07751D9267851D1
:10190000DA227F0EDF16A0C615F5A1C616F520EE69
:1019100014F07751D9267851DA22DEC417F5DEC4E7
:1019200018F5DEC419F5DEC41AF59BECEAF015C50E
:101930009CF616C59DF617C59EF618C59FF60601BE
:101940009C519D119E119F11D8A4A9EF8CF0ABEF73
:101950008CF0B5EF8CF020EE0FF07751D92678514E
:10196000DA22020EDF6EF0EF8BF092519C2793513A
:101970009D23000E9E23000E9F237BC67FF67CC610
:1019800080F6090E816FD89080337F33812FC3EFAB
:101990008CF07FC694F680C695F694519511D8B414
:1019A000D4EF8CF0D6EF8CF09AEF8DF09451922515
:1019B0007F6F95519321806F20EE0AF0A051D926B8
:1019C000A151DA227F51DE5C8051DE58D8B0EBEFB6
:1019D0008CF0EDEF8CF0FDEF8CF020EE0AF0A051D2
:1019E000D926A151DA22DEC47FF6DDC480F69251F9
:1019F0007F5D946F93518059956F90C60DF691C697
:101A00000EF69CC60FF69DC610F69EC611F69FC632
:101A100012F694C613F695C614F620EE01F0A05106
:101A2000D926A151DA22DF507DECD8F00009D8B4D4
:101A30001CEF8DF01EEF8DF029EF8DF0060120EEEA
:101A40000FF07751D9267851DA22010EDF6E09EFB7
:101A50008CF0060194517F6F9551806F816B826B82
:101A600020EE18F07751D9267851DA22DEC483F6B9
:101A7000DEC484F6DEC485F6DEC486F69C51835D42
:101A8000876F9D518459886F9E518559896F9F51E9
:101A900086598A6F7F51875D805188598151895954
:101AA00082518A59D8B057EF8DF059EF8DF089EFF8
:101AB0008DF0220E7725096E000E78210A6E20EE39
:101AC00018F07751D9267851DA22DEC47FF6DDC4CA
:101AD00080F69C517F5F9D51805B090ED8907F37C7
:101AE0008037E82E6EEF8DF07F5190250B6E805180
:101AF00091210C6E020E0E6E000E0D6EC6ECF8F00B
:101B0000060120EE0EF07751D9267851DA227F0EA9
:101B1000DF1694C67FF695C680F6090ED8907F37FB
:101B20008037E82E8EEF8DF07FC69AF680C69BF642
:101B300060EF8EF020EE18F07751D9267851DA2236
:101B40009C51DE180FE19D51DE180CE19E51DE180C
:101B500009E19F51DE18D8B4B0EF8DF0B2EF8DF0EF
:101B6000FBEF8DF020EE0AF07751D9267851DA227A
:101B700010EE10F07751E1267851E222DE50E65C5B
:101B8000DE50E658DE50E658DE50E658D8B0CBEFCF
:101B90008DF0CDEF8DF0FBEF8DF0220E77250F6FDE
:101BA000000E7821106F9CC611F69DC612F69EC6D7
:101BB00013F69FC614F6000E166F010E156F20EE79
:101BC00001F0A051D926A151DA22DF503CECD9F026
:101BD0000009D8B4EEEF8DF0F0EF8DF0FBEF8DF053
:101BE000060120EE0FF07751D9267851DA22010E46
:101BF000DF6E09EF8CF0060120EE18F07751D92640
:101C00007851DA229CC6DEF49DC6DEF49EC6DEF470
:101C10009FC6DEF420EE10F07751D9267851DA22F3
:101C2000DEC47FF6DDC480F6FF0E7F15816F010EE6
:101C30008015826F815100089A6F8251D8A0E82ADE
:101C400002089B6F9A517B5D9B517C59D8B02BEF5A
:101C50008EF02DEF8EF031EF8EF07BC69AF67CC6BB
:101C60009BF620EE10F07751D9267851DA22DEC4A7
:101C70007FF6DDC480F6FF0E7F15816F010E8015A3
:101C8000826F81517725836F82517821846F220E74
:101C90008325096E000E84210A6E90C60BF591C64D
:101CA0000CF59AC60DF59BC60EF5C6ECF8F00601CC
:101CB00020EE0EF07751D9267851DA22000EDB8E15
:101CC0009A517B5F9B517C5B7DC6D9F47EC6DAF46A
:101CD0009A51DE269B51DD229A5190279B519123E8
:101CE00020EE10F07751D9267851DA229A51DE266B
:101CF0009B51DE22000EDE22DE2220EE10F0775114
:101D0000D9267851DA2210EE0AF07751E12678517F
:101D1000E222DE50E65CDE50E658DE50E658DE5049
:101D2000E658D8A096EF8EF098EF8EF0A8EF8EF0E0
:101D300020EE0AF07751D9267851DA22DEC48BF6EC
:101D4000DEC48CF6DEC48DF6DEC48EF6B6EF8EF001
:101D500020EE10F07751D9267851DA22DEC48BF6C6
:101D6000DEC48CF6DEC48DF6DEC48EF620EE0AF0FC
:101D70007751D9267851DA228BC6DEF48CC6DEF490
:101D80008DC6DEF48EC6DEF411EF8BF020EE0EF081
:101D90007751D9267851DA22000EDB8C000E120022
:101DA00077C6D1F578C6D2F59A0E0501D36F060E27
:101DB000D46F4BECE4F00601956F9551D8A4E3EF96
:101DC0008EF0E5EF8EF0EDEF8EF020EE0FF0775114
:101DD000D9267851DA22DF50956F9551D8B4F3EFB8
:101DE0008EF0F5EF8EF0F8EF8EF09551D0EF92F087
:101DF00020EE0AF07751D9267851DA227951DE5C4B
:101E00007A51DE587B51DE587C51DE58D8B00BEF4A
:101E10008FF00DEF8FF028EF8FF020EE0EF077515E
:101E2000D9267851DA22DFB218EF8FF01AEF8FF04F
:101E300028EF8FF020EE0AF07751D9267851DA2278
:101E4000DEC479F6DEC47AF6DEC47BF6DEC47CF648
:101E500020EE10F07751D9267851DA22DEC48DF6C3
:101E6000DEC48EF6DEC48FF6DEC490F6000E916FEF
:101E7000000E926F000E936F000E946F20EE10F024
:101E80007751D9267851DA2291C6DEF492C6DEF473
:101E900093C6DEF494C6DEF479517A117B117C117D
:101EA000D8B455EF8FF057EF8FF0DBEF91F020EEC5
:101EB0000AF09A51D9269B51DA22DEC47DF6DDC4A0
:101EC0007EF67D517F6F7E51806F816B826B090E34
:101ED000D8907F37803781378237E82E68EF8FF0D0
:101EE0007FC696F680C697F681C698F682C699F6A2
:101EF0008D518E118F119011D8B481EF8FF083EF37
:101F00008FF020EF90F0FF0E7925096EFF0E7A21F9
:101F10000A6EFF0E7B210B6EFF0E7C210C6E96C6A7
:101F20000DF597C60EF598C60FF599C610F50DEC90
:101F3000F0F009C57DF60AC57EF60BC57FF60CC527
:101F400080F6FF0E06018D25096EFF0E8E210A6EAA
:101F5000FF0E8F210B6EFF0E90210C6E96C60DF5B5
:101F600097C60EF598C60FF599C610F50DECF0F072
:101F7000095006017D5D0A507E590B507F590C5067
:101F80008059D8A0C6EF8FF0C8EF8FF020EF90F007
:101F9000FF0E96257D6FFF0E97217E6FFF0E982115
:101FA0007F6FFF0E9921806F7D1D816F7E1D826F77
:101FB0007F1D836F801D846FFF0E8D25856FFF0E43
:101FC0008E21866FFF0E8F21876FFF0E9021886F05
:101FD00081518515896F825186158A6F83518715C6
:101FE0008B6F845188158C6F20EE10F07751D926B5
:101FF0007851DA2289C6DEF48AC6DEF48BC6DEF4B6
:102000008CC6DEF420EE10F07751D9267851DA2212
:10201000DE50795FDE507A5BDE507B5BDD507C5BAF
:1020200020EE14F07751D9267851DA22DEC49CF6DE
:10203000DEC49DF6DEC49EF6DEC49FF69BEF90F0F4
:1020400020EE06F07751D9267851DA22DEC49CF6CC
:10205000DEC49DF6DEC49EF6DEC49FF69C519D1143
:102060009E119F11D8A437EF90F039EF90F08DEFCB
:1020700090F077C65AF678C65BF6000E5C6F000EDD
:102080005D6F000E5E6F000E5F6F03EC9EF05AC630
:102090009CF65BC69DF65CC69EF65DC69FF6060185
:1020A0009C059D119E119F11D8A459EF90F05BEFF4
:1020B00090F066EF90F020EE0FF07751D92678512E
:1020C000DA22020EDF6E020ED0EF92F09C290AE1B6
:1020D0009D2908E19E2906E19F29D8A472EF90F07E
:1020E00074EF90F07FEF90F020EE0FF07751D9264B
:1020F0007851DA22010EDF6E010ED0EF92F020EE61
:1021000006F07751D9267851DA229CC6DEF49DC6B6
:10211000DEF49EC6DEF49FC6DEF420EE14F07751A6
:10212000D9267851DA229CC6DEF49DC6DEF49EC61E
:10213000DEF49FC6DEF49C519D119E119F11D8B410
:10214000A4EF90F0A6EF90F0DBEF91F060EF91F04C
:102150009651795F97517A5B98517B5B99517C5B83
:1021600020EE10F07751D9267851DA229651DE26EA
:102170009751DE229851DE229951DE2220EE0EF098
:102180007751D9267851DA22DFA2C9EF90F0CBEF50
:1021900090F0F7EF90F077C65AF678C65BF69CC6DB
:1021A0005CF69DC65DF69EC65EF69FC65FF603ECC6
:1021B0009EF05AC69CF65BC69DF65CC69EF65DC652
:1021C0009FF606019C519D119E119F11D8A4EBEF23
:1021D00090F0EDEF90F00DEF91F0000E796F000EA2
:1021E0007A6F000E7B6F000E7C6F6FEF91F077C6F9
:1021F00039F678C63AF69CC63BF69DC63CF69EC6B6
:102200003DF69FC63EF671ECAEF039C69CF63AC676
:102210009DF63BC69EF63CC69FF606019C290AE148
:102220009D2908E19E2906E19F29D8A41AEF91F083
:102230001CEF91F026EF91F020EE0FF07751D926A8
:102240007851DA22010EDF6E7CEF90F09F519E11E3
:102250009D1109E1020E9C5DD8A031EF91F033EFA2
:1022600091F048EF91F020EE14F09A51D9269B514D
:10227000DA22DE509C5DDE509D59DE509E59DE50C4
:102280009F59D8A046EF91F048EF91F052EF91F0AE
:1022900020EE0FF07751D9267851DA22020EDF6E48
:1022A00063EF90F020EE14F07751D9267851DA22BE
:1022B0009CC6DEF49DC6DEF49EC6DEF49FC6DEF448
:1022C0007951965D7A5197597B5198597C5199591A
:1022D000D8A06DEF91F06FEF91F0A8EF90F020EEA5
:1022E00010F07751D9267851DA227951DE267A51C9
:1022F000DE227B51DE227C51DE22FF0E79157D6FBE
:10230000010E7A157E6F000E7B157F6F000E7C1517
:10231000806F7D517E117F118011D8B492EF91F0C2
:1023200094EF91F0DBEF91F09AC615F59BC616F588
:102330009CC617F59DC618F59EC619F59FC61AF5D9
:102340009BECEAF015C591F616C592F617C593F603
:1023500018C594F606019151921193119411D8A4C5
:10236000B4EF91F0B6EF91F0C0EF91F020EE0FF0E6
:102370007751D9267851DA22020EDF6E63EF90F0A2
:1023800079C67DF67AC67EF67BC67FF67CC680F679
:102390000A0ED0EF91F0D89080337F337E337D33B7
:1023A000E82ECBEF91F07D5191277E5192237F5102
:1023B00093238051942320EE10F07751D926785141
:1023C000DA2210EE0AF07751E1267851E222DE504F
:1023D000E65CDE50E658DE50E658DE50E658D8B0EF
:1023E000F4EF91F0F6EF91F012EF92F020EE10F092
:1023F0007751D9267851DA2210EE0AF07751E1268A
:102400007851E222DEC4E6F4DEC4E6F4DEC4E6F48B
:10241000DEC4E6F420EE0EF07751D9267851DA22A8
:10242000000EDB8C20EE10F07751D9267851DA229D
:10243000FF0EDE147D6F010EDE147E6F000EDE14C3
:102440007F6F000EDE14806F7D517E117F11801131
:10245000D8B42DEF92F02FEF92F0F5EF8EF020EE42
:1024600018F07751D9267851DA229151DE180FE110
:102470009251DE180CE19351DE1809E19451DE18F7
:10248000D8B445EF92F047EF92F0F5EF8EF020EEE2
:102490000EF07751D9267851DA22DFAE52EF92F062
:1024A00054EF92F091EF92F0220E77250D6F000E0F
:1024B00078210E6F20EE18F07751D9267851DA2264
:1024C000DEC40FF6DEC410F6DEC411F6DEC412F66A
:1024D000000E146F010E136F20EE01F09A51D926F1
:1024E0009B51DA22DF507DECD8F00009D8B47BEFA5
:1024F00092F07DEF92F088EF92F0060120EE0FF05F
:102500007751D9267851DA22010EDF6E7CEF90F0F8
:10251000060120EE0EF07751D9267851DA227F0E8F
:10252000DF16220E77250F6F000E7821106F91C6EF
:1025300011F692C612F693C613F694C614F6000E60
:10254000166F010E156F20EE01F09A51D9269B519E
:10255000DA22DF503CECD9F00009D8B4B2EF92F0A7
:10256000B4EF92F0BFEF92F0060120EE0FF077513A
:10257000D9267851DA22010EDF6E7CEF90F0060149
:1025800020EE18F07751D9267851DA2291C6DEF480
:1025900092C6DEF493C6DEF494C6DEF4F5EF8EF058
:1025A00012000601C251C311D8A4D9EF92F0DBEF9B
:1025B00092F0DEEF92F0090EC4EF96F03F0EC617D0
:1025C000C40E946F060E956FA10E966F070E976F4F
:1025D000C6C698F600EC80F00701A36FA351D8A4FB
:1025E000F4EF92F0F6EF92F0B4EF96F0A1C7A4F7F3
:1025F000A2C7A5F7A40E0601996F070E9A6FC4C66D
:102600009BF6C5C69CF68BECC1F00701A36FA351E6
:10261000D8A40DEF93F00FEF93F018EF93F0CBAF3A
:1026200014EF93F016EF93F018EF93F0060EA36FEC
:10263000C6C6C7F61C0E0601C717D8B422EF93F022
:1026400024EF93F050EF94F00701A351D8B42BEF8F
:1026500093F02DEF93F043EF93F0040EA319D8A459
:1026600034EF93F036EF93F03FEF93F0A40E0601B2
:102670009D6F070E9E6FA9ECE7F00701A36F06019F
:10268000C6875EEF93F0A8C7C7F6110E0601C717FD
:10269000D8B44DEF93F04FEF93F054EF93F0070E53
:1026A0000701A36F5EEF93F0C6A559EF93F05BEFC0
:1026B00093F05EEF93F0080E0701A36F0701A3519B
:1026C000D8A465EF93F067EF93F076EF94F00601EE
:1026D000C6A76DEF93F06FEF93F076EF94F042ECB6
:1026E000FDF009C58DF70AC58EF70BC58FF70CC530
:1026F00090F70E0E0701BE25096E000EBF210A6E6F
:102700008DC70BF58EC70CF58FC70DF590C70EF56D
:102710001BECF5F0160E0701BE25096E000EBF2159
:102720000A6E8DC70BF58EC70CF58FC70DF590C7D8
:102730000EF51BECF5F0A1C710F5A2C711F5BEC749
:1027400012F5BFC713F536ECF3F010C591F711C5BC
:1027500092F712C593F713C594F7070120EE0BF01B
:10276000BE51D926BF51DA22200EDF6EA1C70DF56A
:10277000A2C70EF5BEC70FF5BFC710F5000E116E4C
:10278000000E126E000E136E000E146E3CECF9F08B
:102790001C0E0701BE25096E000EBF210A6E000E39
:1027A0000B6E000E0C6E000E0D6E000E0E6E1BEC0E
:1027B000F5F0070120EE04F0A151D926A251DA224A
:1027C000010EDF6E9151921193119411D8B4EBEF79
:1027D00093F0EDEF93F076EF94F020EE2CF0A15112
:1027E000D926A251DA22DEC495F7DEC496F7DEC4FC
:1027F00097F7DEC498F7A40E06015A6F070E5B6FB9
:1028000091C75CF692C75DF693C75EF694C75FF614
:10281000000E606F000E616F000E626F000E636F3E
:102820005FECBFF00701A36FA351D8A41AEF94F097
:102830001CEF94F076EF94F0A1C72EF6A2C72FF606
:1028400095C730F696C731F697C732F698C733F674
:1028500001ECEBF00701A36FFF0E91250601C76F96
:10286000FF0E070192210601C86FFF0E0701932199
:102870000601C96FFF0E070194210601CA6F070107
:1028800020EE0CF0A151D926A251DA22C7C6DEF4FF
:10289000C8C6DEF4C9C6DEF4CAC6DEF476EF94F02C
:1028A0000701A351D8A457EF94F059EF94F076EFB5
:1028B00094F0A8A95EEF94F060EF94F064EF94F0C8
:1028C000040EA36F76EF94F00601C6A36AEF94F0AE
:1028D0006CEF94F076EF94F00701A8A172EF94F0FA
:1028E00074EF94F076EF94F0070EA36F0701A351F5
:1028F000D8A47DEF94F07FEF94F0A8EF94F0060158
:10290000C6A785EF94F087EF94F088EF94F0C68D1A
:10291000070120EE2CF0A151D926A251DA2206019E
:1029200010EE1CF0C251E126C351E222DEC4E6F4EF
:10293000DEC4E6F4DEC4E6F4DEC4E6F420EE20F005
:10294000C251D926C351DA22BEC7DEF4BFC7DDF4B7
:102950000701A351D8A4AFEF94F0B1EF94F0B4EF16
:1029600096F0A1C710F5A2C711F5BEC712F5BFC7F3
:1029700013F536ECF3F0060120EE06F0C251D9262D
:10298000C351DA2210C5DEF411C5DEF412C5DEF43F
:1029900013C5DEF41C0E0701BE25096E000EBF2113
:1029A0000A6E50ECEDF0060120EE0AF0C251D92675
:1029B000C351DA2209C5DEF40AC5DEF40BC5DEF424
:1029C0000CC5DEF4C2C6D9F4C3C6DAF4A1C7DEF47E
:1029D000A2C7DDF4070120EE06F0A151D926A251CD
:1029E000DA22060110EE02F0C251E126C351E222C2
:1029F000DEC4E6F4DDC4E5F420EE0EF0C251D926C3
:102A0000C351DA22C6C6DFF420EE0FF0C251D92638
:102A1000C351DA22DF6A20EE18F0C251D926C35121
:102A2000DA22DE6ADE6ADE6ADD6A20EE10F0C2516A
:102A3000D926C351DA22DE6ADE6ADE6ADD6A220E38
:102A4000C225096E000EC3210A6E000E0C6E000E28
:102A50000B6E020E0E6E000E0D6EC5ECFAF0060146
:102A6000C6AB35EF95F037EF95F0B4EF96F020EE6A
:102A70000AF0C251D926C351DA22DE50DE10DE1030
:102A8000DE10D8B446EF95F048EF95F0B4EF96F02D
:102A900020EE0AF0C251D926C351DA2210EE10F00E
:102AA000C251E126C351E222DEC4E6F4DEC4E6F4FC
:102AB000DEC4E6F4DEC4E6F4070120EE0AF0A1511C
:102AC000D926A251DA22DEC4C7F6DDC4C8F6060153
:102AD000C751C96FC851CA6FCB6BCC6B090ED89068
:102AE000C937CA37CB37CC37E82E6FEF95F0C9C658
:102AF00089F7CAC68AF7CBC68BF7CCC68CF720EE0F
:102B000006F0C251D926C351DA22DEC49DF7DEC4D5
:102B10009EF7DEC49FF7DEC4A0F720EE0AF0C25194
:102B2000D926C351DA22DEC499F7DEC49AF7DEC48F
:102B30009BF7DEC49CF7DBEF95F0C2C639F6C3C63F
:102B40003AF69DC73BF69EC73CF69FC73DF6A0C729
:102B50003EF671ECAEF039C69DF73AC69EF73BC61D
:102B60009FF73CC6A0F70701A0519F119E1107E1F6
:102B7000020E9D5DD8B0BFEF95F0C1EF95F0C3EFA9
:102B800095F0020EA36F9D290AE19E2908E19F2975
:102B900006E1A029D8A4CFEF95F0D1EF95F0D3EFBF
:102BA00095F0010EA36F8951995F8A519A5B8B5101
:102BB0009B5B8C519C5B0701A351D8A4E2EF95F07D
:102BC000E4EF95F0F3EF95F09951895D9A518A59A8
:102BD0009B518B599C518C59D8A0F1EF95F0F3EF94
:102BE00095F09DEF95F0060120EE14F0C251D92624
:102BF000C351DA229DC7DEF49EC7DEF49FC7DEF420
:102C0000A0C7DEF40701A351D8A409EF96F00BEF9B
:102C100096F0B4EF96F0FF0E99150601C76F010EFE
:102C200007019A150601C86F000E07019B150601E2
:102C3000C96F000E07019C150601CA6FC751C81164
:102C4000C911CA11D8B427EF96F029EF96F0B4EF66
:102C500096F0A1C715F5A2C716F59DC717F59EC733
:102C600018F59FC719F5A0C71AF59BECEAF015C532
:102C700095F716C596F717C597F718C598F7070182
:102C80009551961197119811D8A449EF96F04BEFF2
:102C900096F04FEF96F0020EA36FB4EF96F099C73F
:102CA000C7F69AC7C8F69BC7C9F69CC7CAF60A0EEC
:102CB00060EF96F00601D890CA33C933C833C733E2
:102CC000E82E5AEF96F0070195510601C725CB6F04
:102CD000070196510601C821CC6F070197510601E3
:102CE000C921CD6F070198510601CA21CE6F20EE90
:102CF00018F0C251D926C351DA22CBC6DEF4CCC6B5
:102D0000DEF4CDC6DEF4CEC6DEF4220EC2250F6F91
:102D1000000EC321106F20EE18F0C251D926C35106
:102D2000DA22DEC411F6DEC412F6DEC413F6DEC407
:102D300014F6000E166F010E156F070120EE01F05C
:102D4000A151D926A251DA22DF503CECD9F000097A
:102D5000D8B4ADEF96F0AFEF96F0B4EF96F0010E69
:102D60000701A36FB4EF96F00701A351D8B4BBEFEE
:102D700096F0BDEF96F0C3EF96F0C2C6D9F4C3C685
:102D8000DAF4DE6ADD6AA3511200ABC5D9F4ACC532
:102D9000DAF4DEC4F6F4DDC4F7F4000EF86E0800D1
:102DA000F550250AD8A4D7EF96F0D9EF96F062EF48
:102DB0009AF0ABC5D9F4ACC5DAF4DE2A000EDD22F8
:102DC000000E526E000E516E51C557F5536854688F
:102DD0000501B36B0CEF97F05782ABC5D9F4ACC5C6
:102DE000DAF4DE2A000EDD220CEF97F0010EB36F4D
:102DF0000CEF97F0ABC5D9F4ACC5DAF4DEC4F6F449
:102E0000DDC4F7F4000EF86E0800F550300AD8B4AF
:102E1000ECEF96F0F6EF96F0B351D8B412EF97F0CE
:102E200014EF97F0FAEF96F0ABC509F5ACC50AF5CB
:102E3000ADC50BF5AEC50CF535ECEAF009C551F59D
:102E40000AC552F552BE29EF97F027EF97F02EEF03
:102E500097F05780516C521ED8B0522AABC5D9F4A6
:102E6000ACC5DAF4DEC4F6F4DDC4F7F4000EF86E97
:102E70000800F5502E0AD8A440EF97F042EF97F0E3
:102E800057EF97F0ABC5D9F4ACC5DAF4DE2A000EE3
:102E9000DD22ABC509F5ACC50AF5ADC50BF5AEC570
:102EA0000CF535ECEAF009C553F50AC554F5ABC588
:102EB000D9F4ACC5DAF4DEC4F6F4DDC4F7F4000EE0
:102EC000F86E0800F550630AD8A469EF97F06BEF2D
:102ED00097F08FEF97F0ABC5D9F4ACC5DAF4DE2AE2
:102EE000000EDD22ADC5D9F4AEC5DAF4DFC4AFF50E
:102EF000020EDE26DFC4B0F5000EDD22AFC5D9F428
:102F0000B0C5DAF4DF500501B86FA9C513F5AAC53D
:102F100014F5B8C515F5CBECEBF078EF9AF0ABC52E
:102F2000D9F4ACC5DAF4DEC4B9F5DDC4BAF5B9C577
:102F3000F6F4BAC5F7F4000EF86E0800F5C4B8F55B
:102F4000ADEF97F0B94BBA2BC5EF97F0690EB86F9C
:102F5000C5EF97F0B86BC5EF97F00501B851580A67
:102F6000D8B4A6EF97F03C0AD8B4A6EF97F00D0AB4
:102F7000D8B4A6EF97F0050AD8B4A2EF97F0140AD8
:102F8000D8B4A6EF97F0AAEF97F0B9C5F6F4BAC592
:102F9000F7F4000EF86E0800F550640AD8B4D3EFC9
:102FA00097F0D5EF97F01CEF98F0B9C5F6F4BAC5D5
:102FB000F7F4000EF86E0800F550690AD8A4E3EFA4
:102FC00097F0E5EF97F045EF98F01CEF98F0ADC55E
:102FD000D9F4AEC5DAF4DFC4AFF5020EDE26DFC4E5
:102FE000B0F5000EDD22AFC5D9F4B0C5DAF4DEC409
:102FF000B4F5DDC4B5F5000EB5BFFF0EB66FB76F03
:1030000027EF98F0ADC5D9F4AEC5DAF4DFC4AFF55B
:10301000040EDE26DFC4B0F5000EDD22AFC5D9F404
:10302000B0C5DAF4DEC4B4F5DEC4B5F5DEC4B6F579
:10303000DEC4B7F527EF98F0B851690AD8B4E7EFC6
:1030400097F0050AD8B402EF98F027EF98F0010E38
:10305000B925AF6F000EBA21B06FABC5D9F4ACC5BE
:10306000DAF4AFC5DEF4B0C5DDF4A9C523F5AAC511
:1030700024F5B4C525F5B5C526F5B6C527F5B7C5FC
:1030800028F5A9ECCAF078EF9AF0B9C5F6F4BAC5FC
:10309000F7F4000EF86E0800F550780AD8B453EF34
:1030A00098F055EF98F09DEF98F0B9C5F6F4BAC5D1
:1030B000F7F4000EF86E0800F550580AD8A463EF34
:1030C00098F065EF98F0E3EF98F09DEF98F0ADC5BC
:1030D000D9F4AEC5DAF4DFC4AFF5020EDE26DFC4E4
:1030E000B0F5000EDD22AFC5D9F4B0C5DAF4DEC408
:1030F000B1F5DDC4B2F5B1C5B4F5B2C5B5F5B66B81
:10310000B76BA8EF98F0ADC5D9F4AEC5DAF4DFC45B
:10311000AFF5040EDE26DFC4B0F5000EDD22AFC52C
:10312000D9F4B0C5DAF4DEC4B4F5DEC4B5F5DEC456
:10313000B6F5DEC4B7F5A8EF98F0B851690AD8B46F
:1031400067EF98F0050AD8B483EF98F0A8EF98F0ED
:10315000010EB925AF6F000EBA21B06FABC5D9F41F
:10316000ACC5DAF4AFC5DEF4B0C5DDF4D1EF98F04C
:10317000A9C523F5AAC524F5B4C525F5B5C526F519
:10318000B6C527F5B7C528F5B9C5F6F4BAC5F7F43D
:10319000000EF86E0800F5C429F578ECD5F078EF4C
:1031A0009AF0B9C5F6F4BAC5F7F4000EF86E080047
:1031B000F550580AD8B4B8EF98F0200AD8B4B8EF50
:1031C00098F0E3EF98F0B36BABC5D9F4ACC5DAF483
:1031D000DEC4F6F4DDC4F7F4000EF86E0800F55016
:1031E000730AD8A4F6EF98F0F8EF98F003EF99F08F
:1031F000ABC5D9F4ACC5DAF4DE2A000EDD22010E2F
:10320000B36F59EF99F0ABC5D9F4ACC5DAF4DEC4AD
:10321000F6F4DDC4F7F4000EF86E0800F5506C0A01
:10322000D8A415EF99F017EF99F059EF99F0ABC5C5
:10323000D9F4ACC5DAF4DEC4AFF5DDC4B0F5010EE7
:10324000AF27000EB023AFC5F6F4B0C5F7F4000EFB
:10325000F86E0800F5506C0AD8A431EF99F033EFFE
:1032600099F059EF99F0ABC5D9F4ACC5DAF4DEC4E6
:10327000AFF5DDC4B0F5020EAF27000EB023AFC529
:10328000F6F4B0C5F7F4000EF86E0800F550730AB6
:10329000D8A44DEF99F04FEF99F059EF99F0030E44
:1032A000ABC5D9F4ACC5DAF4DE26000EDD22FFEFA3
:1032B00098F0B351D8B45FEF99F061EF99F07DEFDA
:1032C00099F0A9C513F5AAC514F5ADC5D9F4AEC5D5
:1032D000DAF4DFC4AFF5020EDE26DFC4B0F5000E6F
:1032E000DD22AFC5D9F4B0C5DAF4DEC415F5DDC40E
:1032F00016F588ECD1F078EF9AF0ABC5D9F4ACC5EF
:10330000DAF4DEC4B9F5DDC4BAF5B9C5F6F4BAC568
:10331000F7F4000EF86E0800F5C4B8F59BEF99F0CD
:10332000B94BBA2BAAEF99F06C0EB86FAAEF99F0CF
:10333000B86BAAEF99F0B8514C0AD8B490EF99F055
:103340002A0AD8B494EF99F00A0AD8B490EF99F009
:1033500098EF99F0B9C5F6F4BAC5F7F4000EF86E17
:103360000800F550660AD8A4B8EF99F0BAEF99F0C2
:1033700032EF9AF0F0EF99F0ADC5D9F4AEC5DAF4BA
:10338000DFC4AFF5040EDE26DFC4B0F5000EDD228B
:10339000AFC5D9F4B0C5DAF4DEC4B4F5DEC4B5F512
:1033A000DEC4B6F5DEC4B7F5FBEF99F0ADC5D9F4D0
:1033B000AEC5DAF4DFC4AFF5040EDE26DFC4B0F527
:1033C000000EDD22AFC5D9F4B0C5DAF4DEC4B4F521
:1033D000DEC4B5F5DEC4B6F5DEC4B7F5FBEF99F093
:1033E000B8514C0AD8B4D6EF99F0200AD8B4BCEF43
:1033F00099F0FBEF99F0010EB925AF6F000EBA21DD
:10340000B06FABC5D9F4ACC5DAF4AFC5DEF4B0C566
:10341000DDF424EF9AF0A9C574F5AAC575F5B4C515
:1034200076F5B5C577F5B6C578F5B7C579F5B9C5FB
:10343000F6F4BAC5F7F4000EF86E0800F5C47AF594
:1034400062EC85F078EF9AF0B9C5F6F4BAC5F7F4F6
:10345000000EF86E0800F550660AD8B40BEF9AF02B
:1034600032EF9AF0ABC5D9F4ACC5DAF4DEC4F6F4A9
:10347000DDC4F7F4000EF86E0800F550250AD8A454
:1034800044EF9AF046EF9AF059EF9AF0ABC5D9F4B1
:10349000ACC5DAF4DE2A000EDD22000E0B6E250E1E
:1034A0000A6EA9C50CF5AAC50DF566ECEBF078EF30
:1034B0009AF0ABC5D9F4ACC5DAF4DE2A000EDD22F1
:1034C00078EF9AF0ABC5D9F4ACC5DAF4DEC4F6F403
:1034D000DDC4F7F4000EF86E0800F5500A6E0B6AB2
:1034E000A9C50CF5AAC50DF566ECEBF059EF9AF0FD
:1034F000120055C670F656C671F659C6D9F45AC6AA
:10350000DAF4DE6ADD6A53C6D1F554C6D2F57C0E14
:103510000501D36F060ED46F4BECE4F006016B6F20
:103520006B51D8A496EF9AF098EF9AF0A8EF9AF022
:1035300020EE0FF05351D9265451DA22DF506B6F31
:103540006B51D8B4A6EF9AF0A8EF9AF0ABEF9AF0CF
:103550006B5102EF9EF020EE0EF05351D9265451DC
:10356000DA22DFB0B6EF9AF0B8EF9AF0BBEF9AF03C
:10357000070E02EF9EF020EE10F05351D926545161
:10358000DA22DEC45BF6DEC45CF6DEC45DF6DEC4C1
:103590005EF620EE0AF05351D9265451DA22DEC4E9
:1035A0005FF6DEC460F6DEC461F6DEC462F65B512F
:1035B0005F5D676F5C516059686F5D516159696FFC
:1035C0005E5162596A6F57515B6F58515C6F5D6B0A
:1035D0005E6B5B51675D5C5168595D5169595E5125
:1035E0006A59D8B0F6EF9AF0F8EF9AF0FCEF9AF03B
:1035F00067C657F668C658F657515811D8A403EF56
:103600009BF005EF9BF007EF9BF001EF9EF020EEA3
:1036100010F05351D9265451DA22FF0EDE145B6F9D
:10362000010EDE145C6F000EDE145D6F000EDE1402
:103630005E6F5B515C115D115E11D8A422EF9BF0AF
:1036400024EF9BF094EF9DF020EE10F05351D9261B
:103650005451DA22DEC45BF6DEC45CF6DEC45DF6ED
:10366000DEC45EF60A0E3AEF9BF0D8905E335D330F
:103670005C335B33E82E35EF9BF020EE0AF07C5193
:10368000D9267D51DA22DEC45FF6DDC460F6FF0E76
:103690005F25616FFF0E6021626F5B516115726F74
:1036A0005C516215736F72517311D8A45AEF9BF07D
:1036B0005CEF9BF0D9EF9BF020EE10F05351D92630
:1036C0005451DA22DE50DE10DE10DE10D8A46BEF8B
:1036D0009BF06DEF9BF07DEF9BF020EE06F05351D9
:1036E000D9265451DA22DEC46CF6DEC46DF6DEC48F
:1036F0006EF6DEC46FF699EF9BF053C639F654C6EA
:103700003AF620EE14F05351D9265451DA22DEC491
:103710003BF6DEC43CF6DEC43DF6DEC43EF671EC9C
:10372000AEF039C66CF63AC66DF63BC66EF63CC6D0
:103730006FF606016F516E116D1107E1020E6C5D9F
:10374000D8B0A5EF9BF0A7EF9BF0B2EF9BF020EE77
:103750000FF05351D9265451DA22020EDF6E020EB9
:1037600002EF9EF06C290AE16D2908E16E2906E15D
:103770006F29D8A4BEEF9BF0C0EF9BF0CBEF9BF07E
:1037800020EE0FF05351D9265451DA22010EDF6E8C
:10379000010E02EF9EF020EE14F05351D926545141
:1037A000DA226CC6DEF46DC6DEF46EC6DEF46FC6D9
:1037B000DEF47CC615F57DC616F520EE14F05351E7
:1037C000D9265451DA22DEC417F5DEC418F5DEC45A
:1037D00019F5DEC41AF59BECEAF015C578F616C5A6
:1037E00079F617C57AF618C57BF606017851791176
:1037F0007A117B11D8A4FFEF9BF001EF9CF00BEF47
:103800009CF020EE0FF05351D9265451DA22020ECB
:10381000DF6EAFEF9BF07251782773517923000E62
:103820007A23000E7B2357C65BF658C65CF6090E5A
:103830005D6FD8905C335B335D2F19EF9CF05BC6F6
:1038400074F65CC675F674517511D8B42AEF9CF005
:103850002CEF9CF0F5EF9CF0745172255B6F755165
:1038600073215C6F20EE0AF07C51D9267D51DA225B
:103870005B51DE5C5C51DE58D8B041EF9CF043EF09
:103880009CF053EF9CF020EE0AF07C51D9267D513C
:10389000DA22DEC45BF6DDC45CF672515B5D746FE8
:1038A00073515C59756F70C60FF671C610F678C605
:1038B00011F679C612F67AC613F67BC614F674C6EC
:1038C00015F675C616F620EE01F07C51D9267D510D
:1038D000DA22DF503CECD9F00009D8B472EF9CF04A
:1038E00074EF9CF07FEF9CF0060120EE0FF0535137
:1038F000D9265451DA22010EDF6EC8EF9BF0060183
:1039000020EE0EF05351D9265451DA22DFAE8BEF60
:103910009CF08DEF9CF0E3EF9CF074515B6F755160
:103920005C6F5D6B5E6B20EE18F05351D9265451DD
:10393000DA22DEC45FF6DEC460F6DEC461F6DEC401
:1039400062F678515F5D636F79516059646F7A51A7
:103950006159656F7B516259666F5B51635D5C5164
:1039600064595D5165595E516659D8B0BAEF9CF003
:10397000BCEF9CF0E3EF9CF020EE18F05351D926F9
:103980005451DA22DEC45BF6DDC45CF678515B5F2D
:1039900079515C5B090ED8905B375C37E82ECBEF32
:1039A0009CF05B517025096E5C5171210A6E220EEC
:1039B00053250B6E000E54210C6E020E0E6E000E7F
:1039C0000D6EC6ECF8F074C65BF675C65CF6090EB3
:1039D000D89006015B375C37E82EE8EF9CF05BC6B9
:1039E00076F65CC677F6E1EF9DF020EE18F05351C5
:1039F000D9265451DA227851DE180FE17951DE18B8
:103A00000CE17A51DE1809E17B51DE18D8B40BEFD6
:103A10009DF00DEF9DF085EF9DF020EE0EF05351DF
:103A2000D9265451DA22DFAE18EF9DF01AEF9DF03F
:103A300057EF9DF0220E53250D6F000E54210E6F8F
:103A400020EE18F05351D9265451DA22DEC40FF675
:103A5000DEC410F6DEC411F6DEC412F6000E146FDA
:103A6000010E136F20EE01F07C51D9267D51DA2230
:103A7000DF507DECD8F00009D8B441EF9DF043EF62
:103A80009DF04EEF9DF0060120EE0FF05351D92628
:103A90005451DA22010EDF6EC8EF9BF0060120EED2
:103AA0000EF05351D9265451DA227F0EDF16220E22
:103AB00053250F6F000E5421106F78C611F679C68A
:103AC00012F67AC613F67BC614F6000E166F010EB8
:103AD000156F20EE01F07C51D9267D51DA22DF509E
:103AE0003CECD9F00009D8B478EF9DF07AEF9DF066
:103AF00085EF9DF0060120EE0FF05351D926545169
:103B0000DA22010EDF6EC8EF9BF0060120EE18F0FE
:103B10005351D9265451DA2278C6DEF479C6DEF440
:103B20007AC6DEF47BC6DEF420EE10F05351D926BF
:103B30005451DA22DEC45BF6DDC45CF6FF0E5B1581
:103B40005D6F010E5C155E6F5D510008766F5E5112
:103B5000D8A0E82A0208776F7651575D77515859F7
:103B6000D8B0B5EF9DF0B7EF9DF0BBEF9DF057C615
:103B700076F658C677F670C609F571C60AF520EED6
:103B800010F05351D9265451DA22DEC45BF6DDC45D
:103B90005CF6FF0E5B155D6F010E5C155E6F5D518F
:103BA00053255F6F5E515421606F220E5F250B6EAF
:103BB000000E60210C6E76C60DF577C60EF5C6ECCC
:103BC000F8F006017651575F7751585B59C6D9F422
:103BD0005AC6DAF47651DE267751DD227651702707
:103BE0007751712320EE10F05351D9265451DA2227
:103BF0007651DE267751DE22000EDE22DE22FCEF39
:103C00009AF0000E12005AC6D9F45BC6DAF4DEC48C
:103C100071F6DDC472F606015C515D115E115F1133
:103C2000D8A415EF9EF017EF9EF04FEF9EF020EE18
:103C30000CF07151D9267251DA22DEC469F6DEC465
:103C40006AF6DEC46BF6DEC46CF669516A116B115C
:103C50006C11D8B42EEF9EF030EF9EF045EF9EF041
:103C600020EE14F07151D9267251DA22DE50695DCE
:103C7000DE506A59DE506B59DE506C59D8A043EFC4
:103C80009EF045EF9EF0B4EF9EF0010E696F000EBE
:103C90006A6F000E6B6F000E6C6FB4EF9EF05AC629
:103CA00039F65BC63AF65CC63BF65DC63CF65EC6C8
:103CB0003DF65FC63EF671ECAEF039C673F63AC615
:103CC00074F63BC675F63CC676F60601765175115C
:103CD000741107E1020E735DD8B071EF9EF073EFBF
:103CE0009EF07DEF9EF0010E5A6F000E5B6F000E8E
:103CF0005C6F000E5D6FDAEFA0F073290AE17429A2
:103D000008E1752906E17629D8A489EF9EF08BEFAA
:103D10009EF095EF9EF073C65AF674C65BF675C6B4
:103D20005CF676C65DF6DAEFA0F020EE14F0715185
:103D3000D9267251DA22DE50735DDE507459DE509E
:103D40007559DE507659D8B0A8EF9EF0AAEF9EF0D4
:103D5000ACEF9EF08BEF9EF05CC669F65DC66AF62E
:103D60005EC66BF65FC66CF620EE10F07151D92678
:103D70007251DA22DE50DE10DE10DE10D8A4C3EF5E
:103D80009EF0C5EF9EF0CFEF9EF0000E5A6F000E32
:103D90005B6F000E5C6F000E5D6FDAEFA0F0000E3F
:103DA0006D6F000E6E6F000E6F6F000E706F5C51C6
:103DB00069190DE15D516A190AE15E516B1907E15C
:103DC0005F516C19D8A4E7EF9EF0E9EF9EF08FEFFA
:103DD0009FF0010E69256D6F000E6A216E6F000E57
:103DE0006B216F6F000E6C21706F20EE14F071511B
:103DF000D9267251DA22DE506D5DDE506E59DE50EA
:103E00006F59DE507059D8A008EF9FF00AEF9FF06D
:103E100012EF9FF0020E6D6F000E6E6F000E6F6F4F
:103E2000000E706F5AC639F65BC63AF66DC63BF6A1
:103E30006EC63CF66FC63DF670C63EF671ECAEF04F
:103E400039C673F63AC674F63BC675F63CC676F6C6
:103E500006017305741175117611D8B432EF9FF015
:103E600034EF9FF08BEF9EF073290AE1742908E18B
:103E7000752906E17629D8A440EF9FF042EF9FF024
:103E800044EF9FF08BEF9EF0735174117511761112
:103E9000D8B44DEF9FF04FEF9FF08FEF9FF020EEE3
:103EA0000CF07151D9267251DA22DEC473F6DEC4E9
:103EB00074F6DEC475F6DEC476F6765175117411AB
:103EC00009E1020E735DD8A068EF9FF06AEF9FF0E2
:103ED00087EF9FF020EE14F07151D9267251DA224B
:103EE000DE50735DDE507459DE507559DE507659E0
:103EF000D8B07DEF9FF07FEF9FF087EF9FF073C604
:103F000069F674C66AF675C66BF676C66CF6000E70
:103F10006D6F000E6E6F000E6F6F000E706F6D5143
:103F20006E116F117011D8A498EF9FF09AEF9FF067
:103F300027EFA0F069C66DF66AC66EF66BC66FF61F
:103F40006CC670F6010E6D27000E6E236F23702372
:103F500020EE14F07151D9267251DA22DE506D5DD7
:103F6000DE506E59DE506F59DE507059D8A0BBEF4D
:103F70009FF0BDEF9FF0D4EF9FF0020E6D6F000E2B
:103F80006E6F000E6F6F000E706F6C516B116A11C7
:103F900007E1020E695DD8B0D0EF9FF0D2EF9FF03D
:103FA000D4EF9FF0C5EF9EF05AC639F65BC63AF6DD
:103FB0006DC63BF66EC63CF66FC63DF670C63EF665
:103FC00071ECAEF039C673F63AC674F63BC675F6B8
:103FD0003CC676F606017351741175117611D8A49A
:103FE000F4EF9FF0F6EF9FF0F8EF9FF027EFA0F0CF
:103FF0007305741175117611D8B401EFA0F003EFB9
:10400000A0F08BEF9EF073290AE1742908E175296D
:1040100006E17629D8A40FEFA0F011EFA0F013EF7E
:10402000A0F08BEF9EF069516D190DE16A516E1988
:104030000AE16B516F1907E16C517019D8A423EF95
:10404000A0F025EFA0F0A2EF9FF0C5EF9EF071C6A3
:1040500039F672C63AF66DC63BF66EC63CF66FC6CA
:104060003DF670C63EF6FF0E3F6FFF0E406FFF0E2F
:10407000416FFF0E426F51ECA3F00601686F68516B
:10408000D8A445EFA0F047EFA0F06AEFA0F05C5194
:104090005D115E115F11D8B450EFA0F052EFA0F0A7
:1040A0006AEFA0F071C639F672C63AF65CC63BF606
:1040B0005DC63CF65EC63DF65FC63EF66DC63FF693
:1040C0006EC640F66FC641F670C642F651ECA3F0DC
:1040D0000601686F6851D8A470EFA0F072EFA0F0ED
:1040E000BCEFA0F020EE0CF07151D9267251DA220B
:1040F0006DC6DEF46EC6DEF46FC6DEF470C6DEF4A6
:1041000020EE10F07151D9267251DA2210EE14F01F
:104110007151E1267251E222FE0EE624646FFF0E19
:10412000E620656FFF0EE620666FFF0EE620676FE4
:10413000DE50645DDE506559DE506659DE506759C9
:10414000D8A0A5EFA0F0A7EFA0F0B2EFA0F020EE6E
:1041500010F07151D9267251DA22DE06000EDE5AB5
:10416000DE5ADE5A20EE05F07151D9267251DA225C
:10417000000EDB80D2EFA0F06805D8B4C2EFA0F04B
:10418000C4EFA0F0CEEFA0F0010E6D6F000E6E6FC9
:10419000000E6F6F000E706FD2EFA0F06D696E6948
:1041A0006F6970696DC65AF66EC65BF66FC65CF6CF
:1041B00070C65DF61200850E0601E86F070EE96F06
:1041C000DDC5EAF6DEC5EBF6EC91E8C6E1F5E9C639
:1041D000E2F5E1C509F5E2C50AF585ECFBF006015B
:1041E000F151F211D8B4F7EFA0F0F9EFA0F000EF21
:1041F000A1F01D0E0501C36FFC0EC46FDAECFBF0DD
:10420000E1C5D1F5E2C5D2F5D9C5D3F5DAC5D4F506
:10421000010E0501D56F000ED66F69ECDFF0E1C528
:104220000DF5E2C50EF544ECFCF0E1C513F5E2C571
:1042300014F5000E166E0A0E156E17ECF7F0B1ECC1
:10424000FBF0000E306E000E316E000E326E000E6E
:10425000336EE30E346E050E356E000E376E010EB2
:10426000366E000EB6ECF3F00601F151F211D8B43F
:104270003CEFA1F03EEFA1F048EFA1F03F0E0501A9
:10428000C36FFD0EC46FE3C5C5F5C66BDAECFBF07A
:104290000501E305D8B44FEFA1F051EFA1F069EFAC
:1042A000A1F00601F151F211D8B459EFA1F05BEF82
:1042B000A1F062EFA1F0790E0501C36FFE0EC46F8D
:1042C000DAECFBF0000E0501DA6F010ED96F50EF4A
:1042D000A3F0AA0E306E010E316E000E326E000E8B
:1042E000336EE30E346E050E356E000E376E050E1E
:1042F000366E080EB6ECF3F00601F151F211D8B4A7
:1043000084EFA1F086EFA1F09CEFA1F0280E05014B
:10431000C36FF80EC46FE3C5C5F5C66BE4C5C7F53A
:10432000C86BE5C5C9F5CA6BE6C5CBF5CC6BE7C56F
:10433000CDF5CE6BDAECFBF00501E305D8A4A3EFD5
:10434000A1F0A5EFA1F0B5EFA1F0E6A1AAEFA1F0D1
:10435000ACEFA1F0B5EFA1F0AA0EE719D8B4B3EF16
:10436000A1F0B5EFA1F0CDEFA1F00601F151F211EE
:10437000D8B4BDEFA1F0BFEFA1F0C6EFA1F0260EBB
:104380000501C36FFD0EC46FDAECFBF0000E0501F2
:10439000DA6F020ED96F50EFA3F0000EE06F000E3F
:1043A000DF6FE0BFDDEFA1F0B80EDF5D0B0EE0596F
:1043B000D8A0DDEFA1F0DFEFA1F0E1EFA1F016EF63
:1043C000A2F0000E306E000E316E000E326E000E46
:1043D000336EE30E346E050E356E000E376E010E31
:1043E000366E370EB6ECF3F0000E306E000E316E06
:1043F000000E326E400E336EE30E346E050E356ED7
:10440000000E376E050E366E290EB6ECF3F0050180
:10441000E351D8A40EEFA2F010EFA2F012EFA2F039
:1044200016EFA2F0DF4BE02BD1EFA1F00601F15126
:10443000F211D8B41EEFA2F020EFA2F02AEFA2F002
:10444000A50E0501C36FFC0EC46FE3C5C5F5C66BB1
:10445000DAECFBF00501E351D8B431EFA2F033EF11
:10446000A2F049EFA2F00601F151F211D8B43BEFEE
:10447000A2F03DEFA2F062EFA1F0610E0501C36F63
:10448000FA0EC46FE3C5C5F5C66BDAECFBF062EF5C
:10449000A1F0000E306E000E316E000E326E000E76
:1044A000336EE30E346E050E356E000E376E050E5C
:1044B000366E3A0EB6ECF3F00601F151F211D8B4B3
:1044C00064EFA2F066EFA2F07CEFA2F0CD0E050142
:1044D000C36FF70EC46FE3C5C5F5C66BE4C5C7F57A
:1044E000C86BE5C5C9F5CA6BE6C5CBF5CC6BE7C5AE
:1044F000CDF5CE6BDAECFBF0E3C550F5FE0E5016B1
:10450000D8B485EFA2F087EFA2F0A2EFA2F00601E7
:10451000F151F211D8B48FEFA2F091EFA2F09BEF1E
:10452000A2F01A0E0501C36FFA0EC46FE3C5C5F5FC
:10453000C66BDAECFBF0000E0501DA6F030ED96FE3
:1045400050EFA3F00501E4BDA8EFA2F0AAEFA2F09E
:10455000BDEFA2F00601F151F211D8B4B2EFA2F012
:10456000B4EFA2F0C6EFA1F0050E0501C36FF90E7E
:10457000C46FDAECFBF0C6EFA1F00601F151F211C5
:10458000D8B4C5EFA2F0C7EFA2F0CEEFA2F0AA0E0A
:104590000501C36FF90EC46FDAECFBF00501E4BF4F
:1045A000D4EFA2F0D6EFA2F0E9EFA2F00601F151AC
:1045B000F211D8B4DEEFA2F0E0EFA2F09BEFA2F090
:1045C0005A0E0501C36FF90EC46FDAECFBF09BEFD6
:1045D000A2F00601F151F211D8B4F1EFA2F0F3EF1D
:1045E000A2F0FAEFA2F0B00E0501C36FFE0EC46F89
:1045F000DAECFBF0010E306E000E316E000E326E02
:10460000000E336EE30E346E050E356E000E376EFF
:10461000010E366E3B0EB6ECF3F00501E351D8B453
:1046200014EFA3F016EFA3F02CEFA3F00601F15165
:10463000F211D8B41EEFA3F020EFA3F09BEFA2F08D
:10464000C90E0501C36FFA0EC46FE3C5C5F5C66B8D
:10465000DAECFBF09BEFA2F0E1C5D1F5E2C5D2F5B3
:10466000DBC5D3F5DCC5D4F5010ED56F000ED66FD2
:1046700069ECDFF00601F151F211D8B442EFA3F07A
:1046800044EFA3F04BEFA3F0F60E0501C36FF90E54
:10469000C46FDAECFBF0000E0501DA6F000ED96F83
:1046A0001200020E0601596F3E513D113C1109E105
:1046B000020E3B5DD8A05FEFA3F061EFA3F0C5EF62
:1046C000A5F020EE14F03951D9263A51DA22DE5005
:1046D0003B5DDE503C59DE503D59DE503E59D8B06E
:1046E00074EFA3F076EFA3F0C5EFA5F0B2EFA5F05D
:1046F0003BC657F63CC658F6D8905831446F5731F0
:10470000436F435157274451582339C62EF63AC6B2
:104710002FF620EE20F03951D9263A51DA22DEC4A4
:1047200043F6DEC444F6DEC445F6DEC446F657C69C
:1047300047F658C648F6090E496FD89048334733B4
:10474000492F9DEFA3F047514325306F4851442135
:10475000316F000E4521326F000E4621336F01ECA0
:10476000EBF00601596F5951D8B4B9EFA3F0BBEF84
:10477000A3F0BDEFA3F0C5EFA5F0FF0E5715436FF3
:10478000010E5815446F43513925456F44513A2164
:10479000466F300E4525556F000E4621566F574B1C
:1047A000582B3BB1D6EFA3F0D8EFA3F0DDEFA3F089
:1047B0003FC651F6526BF7EFA3F03F51436F446B86
:1047C000433B443BF00E441743510F0B4413F00E90
:1047D000431755C6D9F456C6DAF4DF500F0B456FB0
:1047E000466B43514511516F44514611526F55C6A6
:1047F000D9F456C6DAF451C6DFF420EE04F039518C
:10480000D9263A51DA22010EDF6E39C62EF63AC6A3
:104810002FF620EE20F03951D9263A51DA22DEC4A3
:1048200043F6DEC444F6DEC445F6DEC446F657C69B
:1048300047F658C648F6090E496FD89048334733B3
:10484000492F1DEFA4F047514325306F48514421B3
:10485000316F000E4521326F000E4621336F01EC9F
:10486000EBF00601596F5951D8B439EFA4F03BEF82
:10487000A4F03DEFA4F0C5EFA5F0FF0E5715436F70
:10488000010E5815446F43513925456F44513A2163
:10489000466F300E4525556F000E4621566F3BB1D1
:1048A00054EFA4F056EFA4F074EFA4F03FC643F623
:1048B00040C644F641C645F642C646F644C643F6EF
:1048C00045C644F646C645F6466B0F0E431755C619
:1048D000D9F456C6DAF4DF50F00B4311476F475155
:1048E000536F546B8AEFA4F03FC643F640C644F6BC
:1048F00041C645F642C646F6050E84EFA4F0D890B0
:104900004633453344334333E82E7FEFA4F043511D
:10491000536F546B55C6D9F456C6DAF453C6DFF458
:1049200020EE04F03951D9263A51DA22010EDF6E19
:10493000C5EFA5F039C62EF63AC62FF620EE20F0C8
:104940003951D9263A51DA22DEC443F6DEC444F6A0
:10495000DEC445F6DEC446F63BC647F63CC648F61E
:104960003DC649F63EC64AF648C647F649C648F629
:104970004AC649F64A6B43514725306F4451482196
:10498000316F45514921326F46514A21336F01EC55
:10499000EBF00601596F5951D8B4D1EFA4F0D3EF21
:1049A000A4F0D5EFA4F0C5EFA5F03BC643F63CC696
:1049B00044F6D89043374437FF0E4315456F010E38
:1049C0004415466F45513925476F46513A21486F86
:1049D000300E4725096E000E48210A6E3FC60BF5C2
:1049E00040C60CF5C6ECFBF0060120EE04F0395190
:1049F000D9263A51DA22010EDF6EC5EFA5F039C68D
:104A00002EF63AC62FF620EE20F03951D9263A512B
:104A1000DA22DEC443F6DEC444F6DEC445F6DEC464
:104A200046F63BC647F63CC648F63DC649F63EC686
:104A30004AF6080E21EFA5F0D8904A33493348339F
:104A40004733E82E1CEFA5F043514725306F445102
:104A50004821316F45514921326F46514A21336F08
:104A600001ECEBF00601596F5951D8B43AEFA5F0BB
:104A70003CEFA5F03EEFA5F0C5EFA5F03BC643F631
:104A80003CC644F6D89043374437D8904337443730
:104A9000FF0E4315456F010E4415466F45513925EC
:104AA000476F46513A21486F300E4725096E000E78
:104AB00048210A6E50ECEDF0000E09140601496F12
:104AC000000E0A144A6F000E0B144B6FF00E0C14FC
:104AD0004C6FFF0E3F154D6FFF0E40154E6FFF0ED2
:104AE00041154F6F0F0E4215506F49514D113F6FD9
:104AF0004A514E11406F4B514F11416F4C51501163
:104B0000426F3BC643F63CC644F6D8904337443721
:104B1000D89043374437FF0E4315456F010E4415B7
:104B2000466F45513925476F46513A21486F300E3F
:104B30004725096E000E48210A6E3FC60BF540C698
:104B40000CF541C60DF542C60EF51BECF5F006015D
:104B500020EE04F03951D9263A51DA22010EDF6EE7
:104B6000C5EFA5F039C6D9F43AC6DAF4DF50010A28
:104B7000D8B478EFA3F0030AD8B49AEFA4F0010AEE
:104B8000D8B4FFEFA4F0C5EFA5F0595112000C50B6
:104B9000800B156E0C500C24176E0BAED2EFA5F0E7
:104BA000D4EFA5F0D5EFA5F017801750D8B4DBEF00
:104BB000A5F0DDEFA5F0F1EFA5F01728D8A4E3EFFD
:104BC000A5F0E5EFA5F0EDEFA5F0000E096E000EE3
:104BD0000A6E000E0B6E000E0C6E0B8E0C6AF9EF57
:104BE000A5F0000E096E000E0A6E000E0B6E000E90
:104BF0000C6E1050800B166E15501618D8B403EFBB
:104C0000A6F005EFA6F006EFA6F0158C10501024C4
:104C1000166E0FAE0EEFA6F010EFA6F011EFA6F095
:104C200016801650D8B417EFA6F019EFA6F02DEFA6
:104C3000A6F01628D8A41FEFA6F021EFA6F029EFC2
:104C4000A6F0000E0D6E000E0E6E000E0F6E000E22
:104C5000106E0F8E106A35EFA6F0000E0D6E000E6E
:104C60000E6E000E0F6E000E106E1750165CD8B050
:104C70003CEFA6F03EEFA6F065EFA6F015AC43EFD3
:104C8000A6F045EFA6F047EFA6F0800E151A17C55F
:104C900018F516C517F518C516F509C518F50DC58B
:104CA00009F518C50DF50AC518F50EC50AF518C59C
:104CB0000EF50BC518F50FC50BF518C50FF50CC58E
:104CC00018F510C50CF518C510F5186A175016C55B
:104CD00011F5126A115E000E125A12BE79EFA6F09B
:104CE000125009E11A0E115CD8A079EFA6F07BEF03
:104CF000A6F0B2EFA6F009500A100B100C10D8A4C1
:104D000084EFA6F087EFA6F0010E88EFA6F0000E64
:104D1000186E000E096E000E0A6E000E0B6E000E6D
:104D20000C6E16C517F5BBEFA6F018A09AEFA6F00B
:104D30009CEFA6F0A2EFA6F0D89018300109186EEB
:104D4000A4EFA6F0D890183209A0A9EFA6F0ABEF17
:104D5000A6F0ACEFA6F0188E0C340C320B320A32EF
:104D60000932172A1650175CD8A0B9EFA6F0BBEF8E
:104D7000A6F095EFA6F015BCC0EFA6F0C2EFA6F026
:104D800002EFA7F01750D8A4C8EFA6F0CAEFA6F01C
:104D9000D4EFA6F0000E096E000E0A6E000E0B6E28
:104DA000000E0C6E21EFA8F00D5009260E500A22BD
:104DB0000F500B2210500C220CA0E1EFA6F0E3EFF5
:104DC000A6F08FEFA7F018A0E8EFA6F0EAEFA6F0A4
:104DD000F0EFA6F0D89018300109186EF2EFA6F0A7
:104DE000D890183209A0F7EFA6F0F9EFA6F0FAEF85
:104DF000A6F0188E0C340C320B320A320932172A04
:104E00008FEFA7F00D50095C0E500A580F500B5849
:104E10000C50800A116E1050800A1158D8B013EF50
:104E2000A7F015EFA7F040EFA7F009500D5C116E49
:104E30000A500E58126E0B500F58136E0C5010582B
:104E4000146EFF0E1124096EFF0E12200A6EFF0E63
:104E500013200B6EFF0E14200C6E800E151A186CAA
:104E60001850D8A436EFA7F038EFA7F048EFA7F016
:104E7000010E0926000E0A220B220C2248EFA7F091
:104E80000D50095E0E500A5A0F500B5A10500C5A12
:104E900009500A100B100C10D8A451EFA7F053EFD3
:104EA000A7F088EFA7F01850D8A459EFA7F05BEF50
:104EB000A7F088EFA7F0000E096E000E0A6E000E34
:104EC0000B6E000E0C6E21EFA8F0D89009360A3652
:104ED0000B360C3618AE6FEFA7F071EFA7F072EF3C
:104EE000A7F0098018A077EFA7F079EFA7F07DEF82
:104EF000A7F0D88018367FEFA7F0D8901836175053
:104F0000D8B485EFA7F087EFA7F088EFA7F01706D2
:104F10000BAE8DEFA7F08FEFA7F065EFA7F0166A45
:104F200018AE95EFA7F097EFA7F0AFEFA7F018C571
:104F300011F57F0E1116D8B4A0EFA7F0A2EFA7F0DD
:104F4000A6EFA7F0010E166EAFEFA7F009A0ABEF2A
:104F5000A7F0ADEFA7F0AFEFA7F0A2EFA7F01650C4
:104F6000D8B4B5EFA7F0B7EFA7F0E2EFA7F0010EC6
:104F70000926000E0A220B220C220CA0C2EFA7F079
:104F8000C4EFA7F0E2EFA7F009C511F50AC512F5C5
:104F90000BC513F50CC514F5143414321332123248
:104FA000113211C509F512C50AF513C50BF514C563
:104FB0000CF51728D8B4DFEFA7F0E1EFA7F0E2EF88
:104FC000A7F0172A1728D8B4E8EFA7F0EAEFA7F060
:104FD000F2EFA7F01750D8A4F0EFA7F0F2EFA7F088
:104FE00003EFA8F0000E096E000E0A6E000E0B6EA5
:104FF000000E0C6E1750D8A400EFA8F002EFA8F036
:1050000003EFA8F0156A17A008EFA8F00AEFA8F0C0
:105010000DEFA8F00B8E0EEFA8F00B9ED890173076
:105020000C6E15AE16EFA8F018EFA8F019EFA8F067
:105030000C8E09C509F50AC50AF50BC50BF50CC59B
:105040000CF51200E8C60AF6E9C60BF6000E0601DA
:10505000056F050E046FF1A530EFA8F032EFA8F050
:1050600049EFA8F00A0E0501C36FF70EC46FF2C531
:10507000C5F5F3C5C6F5F4C5C7F5F5C5C8F5F6C55C
:10508000C9F5F7C5CAF5FAC5CBF5FBC5CCF5DAEC21
:10509000FBF00601F1A54FEFA8F051EFA8F084EF67
:1050A000A8F0F1A756EFA8F058EFA8F084EFA8F009
:1050B000EF0E0501D16FFF0ED26FF2C5FCF5F3C5FF
:1050C000FDF5F4C5FEF5F5C5FFF5090ED890FC37E2
:1050D000FD37FE37FF37E82E66EFA8F0F651FC25C6
:1050E000D36FF751FD21D46F000EFE21D56F000E56
:1050F000FF21D66FF8C5D7F5F9C5D8F5FAC5D9F5AA
:10510000FBC5DAF5B8ECDAF0000E0601096F000E07
:10511000086F0C69000E016F000E006FA5EFA8F07C
:1051200008C609F509C60AF50C0E0B6E060E0C6EC4
:10513000000E0E6E010E0D6E2FECECF009C508F698
:105140000AC509F60601004B012B0501F6510601BF
:10515000005D0501F75106010159D8A0B2EFA8F092
:10516000B4EFA8F090EFA8F008C609F509C60AF553
:10517000F8C50BF5F9C50CF5FAC50DF5FBC50EF52F
:105180002FECECF009C508F60AC509F6000E060179
:10519000036F000E026FE2EFA8F008C609F509C61A
:1051A0000AF50C0E0B6E060E0C6E000E0E6E010E46
:1051B0000D6E2FECECF009C508F60AC509F60601DC
:1051C000024B032BF6C5FCF5F7C5FDF50501FC1FE9
:1051D000FD1FFC4BFD2BFA51FC5FFB51FD5B000EEC
:1051E000FC25FE6F020EFD21FF6FFE510601025DE0
:1051F0000501FF5106010359D8A001EFA9F003EF03
:10520000A9F0CDEFA8F0F2C520F5F3C521F5F4C55E
:1052100022F5F5C523F50C0E246E060E256E180E2C
:1052200062ECEEF020C506F621C507F60601065130
:105230000711D8B41EEFA9F020EFA9F022EFA9F0D2
:1052400042EFAAF00C51D8B428EFA9F02AEFA9F048
:1052500030EFA9F0000E076F030E066F42EFAAF0C1
:10526000FE0E0C6F0AC609F50BC60AF50C0E0B6E86
:10527000060E0C6E000E0E6E010E0D6E95ECF1F02A
:105280000AC613F50BC614F5F6C515F5F7C516F5E0
:1052900017ECF7F00AC609F50BC60AF5F8C50BF5C9
:1052A000F9C50CF5FAC50DF5FBC50EF595ECF1F059
:1052B0000AC613F50BC614F5F6C5FCF5F7C5FDF5E2
:1052C0000501FC1FFD1FFC4BFD2BFA51FC5FFB5140
:1052D000FD5B000EFC25156E020EFD21166E17EC0F
:1052E000F7F0060109510C6F0AC609F50BC60AF55D
:1052F0000C0E0B6E060E0C6E000E0E6E010E0D6E79
:1053000095ECF1F008C60CF60AC609F50BC60AF5CD
:105310000C0E0B6E060E0C6E000E0E6E010E0D6E58
:1053200095ECF1F00B0E1B6EB80E1A6EFF0EAAEC88
:10533000F9F006010C6F0C29D8A4A1EFA9F0A3EF96
:10534000A9F0BAEFA9F0F151F211D8B4AAEFA9F07F
:10535000ACEFA9F0B3EFA9F03C0E0501C36FF70E57
:10536000C46FDAECFBF0000E0601076F010E066F4A
:1053700042EFAAF00C511F0B050AD8B4C2EFA9F0F6
:10538000C4EFA9F018EFAAF0F151F211D8B4CBEFA5
:10539000A9F0CDEFA9F0D7EFA9F0840E0501C36FF6
:1053A000FA0EC46F0CC6C5F5C66BDAECFBF006014D
:1053B0000C511F0B0B0AD8A4E0EFA9F0E2EFA9F003
:1053C0002AEFA9F0F151F211D8B4E9EFA9F0EBEF0F
:1053D000A9F0F6EFA9F0300E0501C36FF90EC46F06
:1053E00004C6C5F505C6C6F5DAECFBF006010407F0
:1053F000D8A0050705BF07EFAAF0055106E104058F
:10540000D8B005EFAAF007EFAAF00DEFAAF0000E52
:10541000076F040E066F42EFAAF0750E1B6E300E7A
:105420001A6EFF0EAAECF9F0B1ECFBF003EFA9F055
:10543000750E1B6E300E1A6E000EAAECF9F0060106
:105440000C6F0C51D8A427EFAAF029EFAAF03EEF79
:10545000AAF0F151F211D8B430EFAAF032EFAAF06D
:10546000B3EFA9F09E0E0501C36FF70EC46F0CC613
:10547000C5F5C66BDAECFBF0B3EFA9F0000E076FD1
:10548000000E066FB1ECFBF006C6F2F507C6F3F5A9
:10549000120077C6D9F478C6DAF4DEC48BF6DDC420
:1054A0008CF6060120EE0EF07751D9267851DA22DB
:1054B000DEC47BF6DEC47CF6DEC47DF6DEC47EF69A
:1054C000200E7B25876F000E7C21886F000E7D21CA
:1054D000896F000E7E218A6F8A5109E1200E895D55
:1054E000D8A075EFAAF077EFAAF081EFAAF020EE2E
:1054F00016F07751D9267851DA22DE6ADE6ADE6A42
:10550000DD6A20EE16F07751D9267851DA22DE5086
:10551000DE10DE10DE10D8A490EFAAF092EFAAF011
:1055200095EFAAF0040E5DEFACF0FF0E87157B6FD0
:10553000010E88157C6F000E89157D6F000E8A158F
:105540007E6F7B517C117D117E11D8A4AAEFAAF049
:10555000ACEFAAF034EFACF020EE16F07751D9267C
:105560007851DA22DE2A000EDE22DE22DE2220EE52
:1055700012F07751D9267851DA22DE50DE10DE1093
:10558000DE10D8A4C6EFAAF0C8EFAAF006EFABF081
:1055900020EE08F08B51D9268C51DA22DEC47BF63E
:1055A000DDC47CF67B517D6F7C517E6F7F6B806BA1
:1055B00087C681F688C682F689C683F68AC684F6CF
:1055C000060EE8EFAAF0D890843383338233813318
:1055D000E82EE3EFAAF07D51815D7E5182597F5123
:1055E000835980518459D8A0F8EFAAF0FAEFAAF0B5
:1055F00034EFACF020EE16F07751D9267851DA224C
:10560000DE6ADE6ADE6ADD6A92EFAAF020EE0AF058
:105610008B51D9268C51DA22DEC47BF6DDC47CF6B0
:10562000FF0E7B257D6FFF0E7C217E6F87C67FF688
:1056300088C680F689C681F68AC682F60A0E26EFEB
:10564000ABF0D8908233813380337F33E82E21EF63
:10565000ABF07D517F15836F7E518015846F000EF6
:105660008115856F000E8215866F83518411851117
:105670008611D8A43EEFABF040EFABF034EFACF0C6
:1056800077C639F678C63AF620EE12F07751D92669
:105690007851DA22DEC43BF6DEC43CF6DEC43DF6C9
:1056A000DEC43EF671ECAEF039C68DF63AC68EF623
:1056B0003BC68FF63CC690F6060190518F118E11B5
:1056C00007E1020E8D5DD8B068EFABF06AEFABF08A
:1056D0006DEFABF0020E5DEFACF08D290AE18E2983
:1056E00008E18F2906E19029D8A479EFABF07BEF90
:1056F000ABF07EEFABF0010E5DEFACF020EE14F0FE
:105700008B51D9268C51DA22DE508D5DDE508E59B8
:10571000DE508F59DE509059D8A091EFABF093EF47
:10572000ABF008EFACF079517A11D8A49AEFABF056
:105730009CEFABF0A8EFABF020EE16F07751D92636
:105740007851DA22DE6ADE6ADE6ADD6A92EFAAF05A
:1057500077C65AF678C65BF620EE12F07751D92656
:105760007851DA22DEC45CF6DEC45DF6DEC45EF695
:10577000DEC45FF603EC9EF05AC68DF65BC68EF66D
:105780005CC68FF65DC690F606018D518E118F11A5
:105790009011D8A4CEEFABF0D0EFABF0D3EFABF0DD
:1057A000070E5DEFACF08D058E118F119011D8A40E
:1057B000DCEFABF0DEEFABF0E0EFABF06AEFABF0BD
:1057C0008D290AE18E2908E18F2906E19029D8A4C4
:1057D000ECEFABF0EEEFABF0F0EFABF07BEFABF05C
:1057E0008BC62EF68CC62FF68DC630F68EC631F6D9
:1057F0008FC632F690C633F6D0ECDCF00009D8B490
:1058000004EFACF006EFACF008EFACF07BEFABF0E0
:10581000060120EE12F07751D9267851DA228DC692
:10582000DEF48EC6DEF48FC6DEF490C6DEF48BC6E0
:1058300015F58CC616F58DC617F58EC618F58FC6EC
:1058400019F590C61AF59BECEAF0060120EE16F069
:105850007751D9267851DA2215C5DEF416C5DEF463
:1058600017C5DEF418C5DEF420EE0EF07751D92608
:105870007851DA2287C6DEF488C6DEF489C6DEF403
:105880008AC6DEF4FF0E87157B6F010E88157C6FCC
:105890007B518B257D6F7C518C217E6F300E7D2757
:1058A000000E7E2320EE1AF07751D9267851DA22A5
:1058B0007DC6DEF47EC6DDF4000E12002150800BA2
:1058C0002A6E21502124306E20AE69EFACF06BEFD0
:1058D000ACF06CEFACF030803050D8B472EFACF07C
:1058E00074EFACF087EFACF03028D8A47AEFACF0CE
:1058F0007CEFACF084EFACF0000E1E6E000E1F6E5D
:10590000000E206E000E216E208E8FEFACF0000E88
:105910001E6E000E1F6E000E206E000E216E2550B2
:10592000800B2A1A255025242B6E24AE9AEFACF05A
:105930009CEFACF09DEFACF02B802B50D8B4A3EFD4
:10594000ACF0A5EFACF0B8EFACF02B28D8A4ABEFDF
:10595000ACF0ADEFACF0B5EFACF0000E226E000E87
:10596000236E000E246E000E256E248EC0EFACF068
:10597000000E226E000E236E000E246E000E256EA9
:105980002B50D8B4C6EFACF0C8EFACF0D0EFACF011
:105990003050D8A4CEEFACF0D0EFACF0DAEFACF0F2
:1059A000000E1E6E000E1F6E000E206E000E216E89
:1059B00070EFAEF024501E02F3C435F5F4C436F592
:1059C00035502C6E2D6A2E6A2F6A3650316E326A2F
:1059D000336A346A23501F02F3C435F5F4C436F534
:1059E00035502C26000E2D222E222F223650312605
:1059F000000E32223322342222502002F3C435F525
:105A0000F4C436F535502C26000E2D222E222F22DE
:105A100036503126000E3222332234222EC52FF585
:105A20002DC52EF52CC52DF52C6A22501F02F3C46E
:105A300035F5F4C436F535502C2636502D22000E9F
:105A40002E22000E2F2223501E02F3C435F5F4C47B
:105A500036F535502C2636502D22000E2E22000E03
:105A60002F222EC52FF52DC52EF52CC52DF52C6A10
:105A700022501E02F3C435F5F4C436F535502C26F9
:105A800036502D22000E2E22000E2F2224501F02EF
:105A9000F3C435F5F4C436F535503126365032228C
:105AA000000E3322000E342223502002F3C435F5B9
:105AB000F4C436F53550312636503222000E3322EA
:105AC000000E342224502002F3C435F5F4C436F518
:105AD0003550266E3650276E286A296A28C529F562
:105AE00027C528F526C527F5266A265031262750D2
:105AF000322228503322295034222CC526F52DC5B8
:105B000027F52EC528F52FC529F5190E8DEFADF017
:105B1000D8902932283227322632E82E88EFADF08D
:105B20002650312627503222285033222950342241
:105B30002EC52FF52DC52EF52CC52DF52C6A2B5015
:105B400030C526F5276A2626000E2722820E262437
:105B5000356EFF0E2720366EC3EFADF0D89031368C
:105B60003236333634362FAEB8EFADF0BAEFADF093
:105B7000BBEFADF03180D8902C362D362E362F3637
:105B80003506D8A0360633AEC8EFADF0CAEFADF09B
:105B9000AEEFADF02B6A2FAED0EFADF0D2EFADF09F
:105BA000F6EFADF0FF0E2C14266EFF0E2D14276EAF
:105BB000FF0E2E14286E7F0E2F14296E26502710EC
:105BC00028102910D8B4E7EFADF0E9EFADF0EDEF14
:105BD000ADF0010E2B6EF6EFADF031A0F2EFADF0AF
:105BE000F4EFADF0F6EFADF0E9EFADF02B50D8B437
:105BF000FCEFADF0FEEFADF022EFAEF0010E31267E
:105C0000000E32223322342234A009EFAEF00BEF23
:105C1000AEF022EFAEF031C526F532C527F533C51B
:105C200028F534C529F5293429322832273226327D
:105C300026C531F527C532F528C533F529C534F514
:105C4000354A362A36BE2DEFAEF0365008E13528FB
:105C5000D8A02DEFAEF02FEFAEF039EFAEF0000E82
:105C6000316E000E326E800E336E7F0E346E66EF34
:105C7000AEF036BE46EFAEF0365006E13504D8B091
:105C800044EFAEF046EFAEF051EFAEF0000E316EE5
:105C9000000E326E000E336E000E346E2A6A66EF0E
:105CA000AEF035C530F5FF0E3116FF0E32167F0E01
:105CB0003316000E341630A060EFAEF062EFAEF097
:105CC00063EFAEF0338ED8903030346E2A503412F9
:105CD00031C51EF532C51FF533C520F534C521F594
:105CE000120039C6D9F43AC6DAF4DEC451F6DDC47E
:105CF00052F606013E513D113C1109E1020E3B5D99
:105D0000D8A085EFAEF087EFAEF09CEFAEF020EEBE
:105D100014F05151D9265251DA22DE503B5DDE504B
:105D20003C59DE503D59DE503E59D8A09AEFAEF0B6
:105D30009CEFAEF0A6EFAEF0010E4B6F000E4C6F75
:105D4000000E4D6F000E4E6F5EEFB0F04B694C6968
:105D50004D694E694BEFB0F03BC64FF63CC650F66E
:105D6000D8905031406F4F313F6F3F514F274051D6
:105D7000502351C62EF652C62FF620EE20F0515178
:105D8000D9265251DA22DEC43FF6DEC440F6DEC424
:105D900041F6DEC442F64FC643F650C644F6090E3D
:105DA000456FD89044334333452FD1EFAEF0435184
:105DB0003F25306F44514021316F000E4121326F39
:105DC000000E4221336F01ECEBF00009D8B4EBEF89
:105DD000AEF0EDEFAEF0EFEFAEF05EEFB0F0FF0E35
:105DE00006014F153F6F010E5015406F3F51512571
:105DF000416F40515221426F300E4125D96E000E45
:105E00004221DA6EDF50436F4351496F4A6B4F4B6B
:105E1000502B51C62EF652C62FF620EE20F05151CF
:105E2000D9265251DA22DEC43FF6DEC440F6DEC483
:105E300041F6DEC442F64FC643F650C644F6090E9C
:105E4000456FD89044334333452F21EFAFF0435192
:105E50003F25306F44514021316F000E4121326F98
:105E6000000E4221336F01ECEBF00009D8B43BEF98
:105E7000AFF03DEFAFF03FEFAFF05EEFB0F0FF0EF1
:105E800006014F153F6F010E5015406F3F515125D0
:105E9000416F40515221426F300E4125D96E000EA4
:105EA0004221DA6EDF50436F4351456F446B4451DA
:105EB000491345514A133BB160EFAFF062EFAFF0C9
:105EC0006AEFAFF0FF0E4915476F0F0E4A15486F86
:105ED0007AEFAFF049C63FF64AC640F6040E416F6E
:105EE000D89040333F33412F70EFAFF03FC647F6B5
:105EF00040C648F647C64BF648C64CF64D6B4E6B4F
:105F00005EEFB0F051C62EF652C62FF620EE20F00E
:105F10005151D9265251DA22DEC43FF6DEC440F692
:105F2000DEC441F6DEC442F63BC643F63CC644F648
:105F30003DC645F63EC646F644C643F645C644F65B
:105F400046C645F6466B3F514325306F40514421CC
:105F5000316F41514521326F42514621336F01EC7F
:105F6000EBF00009D8B4B7EFAFF0B9EFAFF0BBEF8B
:105F7000AFF05EEFB0F03BC63FF63CC640F6D890BF
:105F800006013F374037FF0E3F15416F010E4015A8
:105F9000426F41515125436F42515221446F300E9F
:105FA0004325096E000E44210A6E19ECFBF009C569
:105FB0004BF60AC54CF606014D6B4E6B5EEFB0F02A
:105FC00051C62EF652C62FF620EE20F05151D9269A
:105FD0005251DA22DEC43FF6DEC440F6DEC441F69A
:105FE000DEC442F63BC643F63CC644F63DC645F623
:105FF0003EC646F6080E02EFB0F0D8904633453361
:1060000044334333E82EFDEFAFF03F514325306F6B
:1060100040514421316F41514521326F4251462157
:10602000336F01ECEBF00009D8B419EFB0F01BEFBF
:10603000B0F01DEFB0F05EEFB0F03BC63FF63CC6EF
:1060400040F60601D8903F374037D8903F37403769
:10605000FF0E3F15416F010E4015426F4151512512
:10606000436F42515221446F300E4325096E000E9A
:1060700044210A6E50ECEDF0FF0E091406014B6F3F
:10608000FF0E0A144C6FFF0E0B144D6F0F0E0C1405
:106090004E6F5EEFB0F051C6D9F452C6DAF4DF505D
:1060A000010AD8B4ACEFAEF0030AD8B482EFAFF077
:1060B000010AD8B4E0EFAFF09CEFAEF04BC639F672
:1060C0004CC63AF64DC63BF64EC63CF6120013C51A
:1060D000D9F414C5DAF4DEC41DF5DDC41EF51C0EBA
:1060E0001124216E000E1220226E21C509F522C551
:1060F0000AF5000E0C6E200E0B6E000E0E6E0B0ECF
:106100000D6EC5ECFAF0000E246E000E236E23C552
:106110001FF524C520F5000E1C6E080E1B6E1F50C7
:106120001D24156E20501E20166E15C5F6F416C5DA
:10613000F7F4000EF86E250EF76403D00800F55052
:1061400005D0F6C4E9F4F7C4EAF4EF50256E1F4A0F
:10615000202A210E2560AFEFB0F0B1EFB0F0B3EF21
:10616000B0F0CAEFB1F02F0E2518D8B4BAEFB0F0E6
:10617000BCEFB0F0C9EFB0F05C0E2518D8A4C3EFA7
:10618000B0F0C5EFB0F009EFB1F0C9EFB0F01F4AC1
:10619000202A1F501D24156E20501E20166E15C576
:1061A000F6F416C5F7F4000EF86E250EF76403D06A
:1061B0000800F55005D0F6C4E9F4F7C4EAF4EF504E
:1061C0002F0AD8B4E6EFB0F0E8EFB0F0C7EFB0F0C8
:1061D0001F501D24156E20501E20166E15C5F6F496
:1061E00016C5F7F4000EF86E250EF76403D008000C
:1061F000F55005D0F6C4E9F4F7C4EAF4EF505C0AB0
:10620000D8B405EFB1F007EFB1F0C7EFB0F0CAEFC7
:10621000B1F02E0E2518D8B410EFB1F012EFB1F096
:106220001DEFB1F01B50235C1C502458D8A01BEF6D
:10623000B1F01DEFB1F03DEFB1F00B0E1B181C10CB
:10624000D8B425EFB1F027EFB1F030EFB1F02E0E5A
:106250002518D8B42EEFB1F030EFB1F033EFB1F034
:10626000060E31EFB2F0000E246E080E236E000E03
:106270001C6E0B0E1B6E8FEFB0F02550AEECF0F0E5
:1062800009500A10D8B447EFB1F049EFB1F098EFD8
:10629000B1F01F501D24156E20501E20166E15C51E
:1062A000F6F416C5F7F4000EF86E250EF76403D069
:1062B0000800F55005D0F6C4E9F4F7C4EAF4EF504D
:1062C0001A6E1F4A202A1A501AECE8F009500A10D8
:1062D000D8B46DEFB1F06FEFB1F030EFB1F0FF0E69
:1062E0001B24156EFF0E1C20166E1550235C1650D5
:1062F0002458D8A07EEFB1F080EFB1F082EFB1F07A
:1063000030EFB1F023502124D96E24502220DA6ED0
:1063100025C5DFF4234A242A23502124D96E245092
:106320002220DA6E1AC5DFF4234A242A8FEFB0F058
:10633000330E096EFF0E0A6E25C50BF50C6A46EC8E
:10634000F7F009500A10D8B4A8EFB1F0AAEFB1F0F5
:10635000ACEFB1F030EFB1F0600E2564B2EFB1F008
:10636000B4EFB1F0BEEFB1F07B0E2560BAEFB1F043
:10637000BCEFB1F0BEEFB1F0200E255E235021241A
:10638000D96E24502220DA6E25C5DFF4234A242A50
:106390008FEFB0F01F501D24156E20501E20166E7A
:1063A00013C5D9F414C5DAF415C5DEF416C5DDF449
:1063B00023502410D8A4DFEFB1F0E1EFB1F0E3EF08
:1063C000B1F030EFB1F021C5D9F422C5DAF4E50E11
:1063D000DE18D8A4EEEFB1F0F0EFB1F0F6EFB1F0C7
:1063E00021C5D9F422C5DAF4050EDF6E200E25642E
:1063F000FCEFB1F0FEEFB1F024EFB2F01F501D241E
:10640000156E20501E20166E15C5F6F416C5F7F44D
:10641000000EF86E250EF76403D00800F55005D085
:10642000F6C4E9F4F7C4EAF4EF50176E200E1764CF
:106430001CEFB2F01EEFB2F024EFB2F0000E196EB6
:10644000000E186E28EFB2F0000E196E040E186ED2
:1064500020EE0BF02150D9262250DA2218C5DFF4A5
:10646000000E1200E8C60AF6E9C60BF6000E060199
:10647000056F050E046FF1A340EFB2F042EFB2F0EA
:1064800059EFB2F0D80E0501C36FF60EC46FF2C516
:10649000C5F5F3C5C6F5F4C5C7F5F5C5C8F5F6C528
:1064A000C9F5F7C5CAF5FAC5CBF5FBC5CCF5DAECED
:1064B000FBF0F2C520F5F3C521F5F4C522F5F5C5CD
:1064C00023F50E0E246E060E256E110E62ECEEF014
:1064D00020C508F621C509F6060108510911D8B4EE
:1064E00074EFB2F076EFB2F078EFB2F0F5EFB3F010
:1064F0000E51D8B47EEFB2F080EFB2F086EFB2F07A
:10650000000E096F030E086FF5EFB3F00B0E1B6E54
:10651000B80E1A6EFF0EAAECF9F006010E6F0E29E6
:10652000D8A495EFB2F097EFB2F09DEFB2F0000E65
:10653000096F010E086FF5EFB3F0FE0E0E19D8B417
:10654000A4EFB2F0A6EFB2F0A8EFB2F080EFB2F095
:10655000000E0D6F000E0C6F000E016F000E006F2D
:10656000D6EFB2F00AC617F50BC618F533ECFCF0FF
:1065700006010E6FECA1BFEFB2F0C1EFB2F0D3EFA6
:10658000B2F00CC609F50DC60AF50E0E0B6E060E1E
:106590000C6E000E0E6E010E0D6E2FECECF009C5A8
:1065A0000CF60AC50DF60601004B012B0501F6514C
:1065B0000601005D0501F75106010159D8A0E3EF7E
:1065C000B2F0E5EFB2F0B2EFB2F00AC609F50BC6D1
:1065D0000AF5F8C50BF5F9C50CF5FAC50DF5FBC5BF
:1065E0000EF589ECB7F00601ECA1F9EFB2F0FBEF84
:1065F000B2F00DEFB3F00CC609F50DC60AF5F8C5FB
:106600000BF5F9C50CF5FAC50DF5FBC50EF52FEC2C
:10661000ECF009C50CF60AC50DF6000E0601036F75
:10662000000E026F38EFB3F00AC617F50BC618F567
:1066300033ECFCF006010E6FECA121EFB3F023EF79
:10664000B3F035EFB3F00CC609F50DC60AF50E0E22
:106650000B6E060E0C6E000E0E6E010E0D6E2FEC04
:10666000ECF009C50CF60AC50DF60601024B032B2A
:10667000F6C5FCF5F7C5FDF50501FC1FFD1FFC4B3C
:10668000FD2BFA51FC5FFB51FD5B000EFC25FE6FFC
:10669000020EFD21FF6FFE510601025D0501FF5153
:1066A00006010359D8A057EFB3F059EFB3F014EF38
:1066B000B3F0F1A35EEFB3F060EFB3F093EFB3F09C
:1066C000F1A765EFB3F067EFB3F093EFB3F0EF0E20
:1066D0000501D16FFF0ED26FF2C5FCF5F3C5FDF5D4
:1066E000F4C5FEF5F5C5FFF5090ED890FC37FD376A
:1066F000FE37FF37E82E75EFB3F0F651FC25D36F68
:10670000F751FD21D46F000EFE21D56F000EFF2141
:10671000D66FF8C5D7F5F9C5D8F5FAC5D9F5FBC5D3
:10672000DAF5B8ECDAF00AC617F50BC618F533EC53
:10673000FCF00601076F066B0AC617F50BC618F5C5
:1067400033ECFCF00501FC6FFC5106010613ECA1D3
:10675000ACEFB3F0AEEFB3F0F1EFB3F00C510619BC
:1067600009E10D510719D8B4B8EFB3F0BAEFB3F09F
:10677000F1EFB3F0F151F211D8B4C1EFB3F0C3EFC0
:10678000B3F0D6EFB3F03B0E0501C36FF60EC46F46
:106790000CC6C5F50DC6C6F506C6C7F507C6C8F5CD
:1067A00004C6C9F505C6CAF5DAECFBF00601040714
:1067B000D8A0050705BFE7EFB3F0055106E10405D2
:1067C000D8B0E5EFB3F0E7EFB3F0EDEFB3F0000EC4
:1067D000096F040E086FF5EFB3F0B1ECFBF059EF61
:1067E000B2F0000E096F000E086FB1ECFBF008C6A6
:1067F000F2F509C6F3F512003A50800B476E3A5095
:106800003A244E6E39AE07EFB4F009EFB4F00AEF58
:10681000B4F04E804E50D8B410EFB4F012EFB4F094
:1068200026EFB4F04E28D8A418EFB4F01AEFB4F065
:1068300022EFB4F0000E376E000E386E000E396E87
:10684000000E3A6E398E3A6A2EEFB4F0000E376EB3
:10685000000E386E000E396E000E3A6E3E50800B00
:10686000471A3E503E244F6E3DAE39EFB4F03BEF39
:10687000B4F03CEFB4F04F804F50D8B442EFB4F0D6
:1068800044EFB4F058EFB4F04F28D8A44AEFB4F076
:106890004CEFB4F054EFB4F0000E3B6E000E3C6EC3
:1068A000000E3D6E000E3E6E3D8E3E6A60EFB4F00F
:1068B000000E3B6E000E3C6E000E3D6E000E3E6EF6
:1068C0003B503C103D103E10D8A469EFB4F06BEF84
:1068D000B4F083EFB4F0000E376E000E386E000E89
:1068E000396E000E3A6E800E39127F0E3A12475002
:1068F0003A1237C537F538C538F539C539F53AC5CF
:106900003AF5C3EFB5F04E50D8A489EFB4F08BEF51
:10691000B4F095EFB4F0000E376E000E386E000E36
:10692000396E000E3A6EC3EFB5F04F504EC53FF5CD
:10693000406A3F5E000E405A7F0E3F24486E000EB4
:106940004020496E37C543F538C544F539C545F58E
:106950003AC546F5000E376E000E386E000E396EE1
:10696000000E3A6E000E4A6E000E4B6E000E4C6E1C
:10697000000E4D6E4F6AF5EFB4F04F50D8B4C3EF30
:10698000B4F0C5EFB4F0DCEFB4F0D8904336443641
:1069900045364636D8903736383639363A364DAEE3
:1069A000D4EFB4F0D6EFB4F0D7EFB4F03780D8908E
:1069B0004A364B364C364D363B50435C3C5044587F
:1069C0003D5045583E504658D8A0E9EFB4F0EBEFA3
:1069D000B4F0F4EFB4F04D8C3B50435E3C50445A5D
:1069E0003D50455A3E50465A4F2A190E4F64FBEF10
:1069F000B4F0FDEFB4F0BDEFB4F0435044104510D7
:106A00004610D8B406EFB5F008EFB5F020EFB5F0BA
:106A10004A8020EFB5F0D8903736383639363A36D6
:106A20004DAE15EFB5F017EFB5F018EFB5F03780B4
:106A3000D8904A364B364C364D364806D8A04906D3
:106A400039AE25EFB5F027EFB5F00BEFB5F04F6A93
:106A50004DAE2DEFB5F02FEFB5F053EFB5F0FF0EC3
:106A60004A143F6EFF0E4B14406EFF0E4C14416EE5
:106A70007F0E4D14426E3F50401041104210D8B46A
:106A800044EFB5F046EFB5F04AEFB5F0010E4F6EAA
:106A900053EFB5F037A04FEFB5F051EFB5F053EF2E
:106AA000B5F046EFB5F04F50D8B459EFB5F05BEF05
:106AB000B5F07FEFB5F0010E3726000E38223922EF
:106AC0003A223AA066EFB5F068EFB5F07FEFB5F087
:106AD00037C53FF538C540F539C541F53AC542F5EA
:106AE00042344232413240323F323FC537F540C531
:106AF00038F541C539F542C53AF5484A492A49BEF3
:106B00008AEFB5F0495008E14828D8A08AEFB5F0DF
:106B10008CEFB5F097EFB5F0000E496E4868000EA7
:106B2000376E000E386E000E396E000E3A6E49BE9A
:106B3000A4EFB5F0495006E14804D8B0A2EFB5F093
:106B4000A4EFB5F0B1EFB5F0000E496E000E486E3F
:106B5000000E376E000E386E000E396E000E3A6E63
:106B6000476A48C54EF54EA0B8EFB5F0BAEFB5F09C
:106B7000BDEFB5F0398EBEEFB5F0399ED8904E30EE
:106B80003A6E77EFB4F0120053C6D9F454C6DAF473
:106B9000DEC46BF6DDC46CF60601585107E1200E29
:106BA000575DD8B0D6EFB5F0D8EFB5F0EFEFB5F050
:106BB0001F0E5515596F000E56155A6F000E5715BA
:106BC0005B6F000E58155C6F59515A115B115C11C7
:106BD000D8B4EDEFB5F0EFEFB5F0F2EFB5F0020E8F
:106BE00088EFB7F020EE0EF05351D9265451DA2237
:106BF00055C6DEF456C6DEF457C6DEF458C6DEF4DB
:106C000020EE06F05351D9265451DA22DEC467F63D
:106C1000DEC468F6DEC469F6DEC46AF66751681140
:106C200069116A11D8A417EFB6F019EFB6F033EF77
:106C3000B6F06BC6D9F46CC6DAF4020EDF6423EF4B
:106C4000B6F025EFB6F033EFB6F020EE24F06B513E
:106C5000D9266C51DA22DEC467F6DEC468F6DEC4DB
:106C600069F6DEC46AF66751681169116A11D8A421
:106C70003CEFB6F03EEFB6F088EFB6F020EE08F04D
:106C80006B51D9266C51DA22DEC459F6DDC45AF6AE
:106C900059515B6F5A515C6F5D6B5E6B55C65FF609
:106CA00056C660F657C661F658C662F6060E5EEF27
:106CB000B6F0D8906233613360335F33E82E59EF1A
:106CC000B6F05B515F5D5C5160595D5161595E5139
:106CD0006259D8A06EEFB6F070EFB6F072EFB6F072
:106CE000EFEFB5F020EE24F06B51D9266C51DA228B
:106CF00010EE16F05351E1265451E222DEC4E6F4C0
:106D0000DEC4E6F4DEC4E6F4DEC4E6F42BEFB7F04E
:106D100020EE0AF06B51D9266C51DA22DEC459F606
:106D2000DDC45AF659515B6F5A515C6F5D6B5E6BF7
:106D3000090ED8905B375C375D375E37E82E99EFE8
:106D4000B6F05BC663F65CC664F65DC665F65EC605
:106D500066F6FFEFB6F053C639F654C63AF667C684
:106D60003BF668C63CF669C63DF66AC63EF671EC6F
:106D7000AEF039C667F63AC668F63BC669F63CC659
:106D80006AF6060167290AE1682908E1692906E12E
:106D90006A29D8A4CEEFB6F0D0EFB6F0D3EFB6F0B4
:106DA000010E88EFB7F06A516911681109E1020E0E
:106DB000675DD8A0DEEFB6F0E0EFB6F0EFEFB5F02C
:106DC00020EE14F06B51D9266C51DA22DE50675D4B
:106DD000DE506859DE506959DE506A59D8A0F3EF89
:106DE000B6F0F5EFB6F0F7EFB6F0EFEFB5F06351B0
:106DF000555F6451565B6551575B6651585B6351F3
:106E0000555D645156596551575966515859D8B016
:106E10000CEFB7F00EEFB7F0ABEFB6F06BC615F5B1
:106E20006CC616F567C617F568C618F569C619F574
:106E30006AC61AF59BECEAF0060120EE16F05351F3
:106E4000D9265451DA2215C5DEF416C5DEF417C56D
:106E5000DEF418C5DEF420EE12F05351D926545159
:106E6000DA2267C6DEF468C6DEF469C6DEF46AC6F6
:106E7000DEF420EE16F05351D9265451DA22DE50BA
:106E8000DE10DE10DE10D8A448EFB7F04AEFB7F0FE
:106E90004CEFB7F0EFEFB5F055C659F656C65AF6B7
:106EA00057C65BF658C65CF60A0E5CEFB7F0D89092
:106EB0005C335B335A335933E82E57EFB7F020EE8B
:106EC00016F05351D9265451DA225951DE265A511F
:106ED000DE225B51DE225C51DE22FF0E5515596F1A
:106EE000010E56155A6F59516B255B6F5A516C2123
:106EF0005C6F300E5B27000E5C2320EE1AF05351BE
:106F0000D9265451DA225BC6DEF45CC6DDF4000EED
:106F100012000BC515F50CC516F50D500E10D8A4B2
:106F200094EFB7F096EFB7F098EFB7F01CEFB9F029
:106F30000E500001836F0DC582F0070E0D140F6E09
:106F4000000E0E14106E0F501010D8A4AAEFB7F058
:106F5000ACEFB7F0C1EFB7F00DC50FF50EC510F5EA
:106F6000D89010320F32D89010320F32D8901032A1
:106F70000F321004D8A0BFEFB7F0C1EFB7F0F7EFB2
:106F8000B7F08169000E136E010E126EDBEFB7F0E1
:106F900000018169B1A0CFEFB7F0D1EFB7F0CAEF30
:106FA000B7F015C5D9F416C5DAF480C0DFF4154A78
:106FB000162A124A132A0D50125C0E501358D8A0EC
:106FC000E4EFB7F0E6EFB7F0C8EFB7F0B1A0EBEF42
:106FD000B7F0EDEFB7F0E6EFB7F015C5D9F416C589
:106FE000DAF480C0DFF4154A162A1CEFB9F0816983
:106FF0008169B1A0FEEFB7F000EFB8F0F9EFB7F09C
:1070000015C5D9F416C5DAF480C0DFF4154A162A7E
:1070100000018169B1A00FEFB8F011EFB8F00AEFED
:10702000B8F015C5D9F416C5DAF480C0DFF4154AF6
:10703000162A00018169B1A020EFB8F022EFB8F064
:107040001BEFB8F015C5D9F416C5DAF480C0DFF42B
:10705000154A162A00018169B1A031EFB8F033EF6B
:10706000B8F02CEFB8F015C5D9F416C5DAF480C025
:10707000DFF4154A162A00018169B1A042EFB8F089
:1070800044EFB8F03DEFB8F015C5D9F416C5DAF401
:1070900080C0DFF4154A162A00018169B1A053EFC0
:1070A000B8F055EFB8F04EEFB8F015C5D9F416C5E5
:1070B000DAF480C0DFF4154A162A00018169B1A014
:1070C00064EFB8F066EFB8F05FEFB8F015C5D9F42B
:1070D00016C5DAF480C0DFF4154A162A0DC50FF57F
:1070E0000EC510F5D89010320F32D89010320F32F2
:1070F000D89010320F320F50116E010E146E0AEF3D
:10710000B9F000018169B1A088EFB8F08AEFB8F05A
:1071100083EFB8F015C5D9F416C5DAF480C0DFF4F2
:10712000154A162A00018169B1A099EFB8F09BEFCA
:10713000B8F094EFB8F015C5D9F416C5DAF480C0EC
:10714000DFF4154A162A00018169B1A0AAEFB8F050
:10715000ACEFB8F0A5EFB8F015C5D9F416C5DAF460
:1071600080C0DFF4154A162A00018169B1A0BBEF87
:10717000B8F0BDEFB8F0B6EFB8F015C5D9F416C544
:10718000DAF480C0DFF4154A162A00018169B1A043
:10719000CCEFB8F0CEEFB8F0C7EFB8F015C5D9F422
:1071A00016C5DAF480C0DFF4154A162A0001816999
:1071B000B1A0DDEFB8F0DFEFB8F0D8EFB8F015C54B
:1071C000D9F416C5DAF480C0DFF4154A162A000196
:1071D0008169B1A0EEEFB8F0F0EFB8F0E9EFB8F0E8
:1071E00015C5D9F416C5DAF480C0DFF4154A162A9D
:1071F00000018169B1A0FFEFB8F001EFB9F0FAEF3B
:10720000B8F015C5D9F416C5DAF480C0DFF4154A14
:10721000162A142A1150145CD8A011EFB9F013EFFC
:10722000B9F081EFB8F0B1A018EFB9F01AEFB9F0EA
:1072300013EFB9F0EDEFB7F01200060120EE04F005
:107240003951D9263A51DA22DF6A20EE2CF0395131
:10725000D9263A51DA22FF0EDE6EFF0EDE6EFF0EE9
:10726000DE6EFF0EDD6E39C62EF63AC62FF63BC631
:1072700030F63CC631F63DC632F63EC633F601EC7A
:10728000EBF00009D8B447EFB9F049EFB9F050EF8F
:10729000B9F0000E06013A6F040E396F92EFBAF0A2
:1072A0002E0E06013925096E020E3A210A6E19ECDE
:1072B000FBF009C542F60AC543F6060120EE30F0A0
:1072C0003951D9263A51DA22DF50466FEB0E461972
:1072D000D8B46DEFB9F06FEFB9F081EFB9F0E90E06
:1072E0004619D8B476EFB9F078EFB9F081EFB9F07C
:1072F000E80E4619D8A47FEFB9F081EFB9F07BEF23
:10730000BAF0550E421907E1AA0E4319D8A48BEF23
:10731000B9F08DEFB9F0ADEFB9F0820E3925096EF5
:10732000000E3A210A6E9B0E0B6EFF0E0C6E000EC5
:107330000E6E080E0D6ECEECE9F009500A10D8A4BE
:10734000A4EFB9F0A6EFB9F0ADEFB9F0000E060169
:107350003A6F000E396F92EFBAF03B0E06013925F5
:10736000096E000E3A210A6E19ECFBF009C544F6CD
:107370000AC545F6060120EE3DF03951D9263A51AD
:10738000DA22DF50466FFF0E44253F6FFF0E452186
:10739000406F44513F17455140173F514011D8A409
:1073A000D4EFB9F0D6EFB9F07BEFBAF0020E455D3D
:1073B000D8A0DDEFB9F0DFEFB9F07BEFBAF044050C
:1073C000020E4559D8B0E7EFB9F0E9EFB9F07BEF1D
:1073D000BAF04651D8B4EFEFB9F0F1EFB9F07BEF66
:1073E000BAF0FF0E46253F6F406BFF0E402346511B
:1073F0003F17000E40173F514011D8A402EFBAF0DA
:1074000004EFBAF07BEFBAF03E0E3925096E000E9C
:107410003A210A6E19ECFBF009500A10D8B413EFA8
:10742000BAF015EFBAF07BEFBAF0060120EE40F0AB
:107430003951D9263A51DA22DF503F6FFF0E3F25EE
:10744000406F416BFF0E4123415107E1020E405D49
:10745000D8B02DEFBAF02FEFBAF07BEFBAF0410EB3
:107460003925096E000E3A210A6E19ECFBF009501D
:107470000A10D8B43EEFBAF040EFBAF07BEFBAF0A2
:10748000430E06013925096E000E3A210A6E19ECE9
:10749000FBF00A5007E1800E095CD8B052EFBAF059
:1074A00054EFBAF067EFBAF0500E06013925096EB5
:1074B000000E3A210A6E50ECEDF00C5008E10B047E
:1074C000D8A065EFBAF067EFBAF07BEFBAF0460EDE
:1074D00006013925096E000E3A210A6E19ECFBF0FF
:1074E00009500A10D8B477EFBAF079EFBAF07BEF11
:1074F000BAF0A6EFB9F0550E0601421909E1AA0E3D
:107500004319D8B486EFBAF088EFBAF08EEFBAF02C
:10751000000E3A6F030E396F92EFBAF0000E3A6F19
:10752000020E396F12000601936F0601EF51F01140
:10753000D8B49DEFBAF09FEFBAF0A9EFBAF0F40E0D
:107540000501C36FFC0EC46F93C6C5F5C66BDAECBC
:10755000FBF006019351D8B4B0EFBAF0B2EFBAF035
:10756000C5EFBAF0EF51F011D8B4B9EFBAF0BBEFF4
:10757000BAF0C2EFBAF0E90E0501C36FFD0EC46F99
:10758000DAECFBF0020EDCEFBBF0EF51F011D8B4F7
:10759000CCEFBAF0CEEFBAF0D5EFBAF0830E05011A
:1075A000C36FF90EC46FDAECFBF0000E0501F26F49
:1075B000000EF36F000EF46F000EF56F010EF76F03
:1075C000800EF66F130EF86F060EF96F000EFB6F4C
:1075D000800EFA6F32ECB2F00501F251F311D8B41B
:1075E000F4EFBAF0F6EFBAF009EFBBF00601EF5195
:1075F000F011D8B4FEEFBAF000EFBBF0C2EFBAF072
:10760000DA0E0501C36FFC0EC46FDAECFBF0C2EFBB
:10761000BAF00601EF51F011D8B411EFBBF013EF3F
:10762000BBF022EFBBF0000E0501D16FFC0ED26F54
:10763000130ED36F060ED46F000ED66F800ED56F6B
:1076400071ECDBF0550E06019119D8A42AEFBBF0BE
:107650002CEFBBF035EFBBF0AA0E9219D8B433EF84
:10766000BBF035EFBBF047EFBBF0EF51F011D8B4F2
:107670003CEFBBF03EEFBBF0C2EFBAF0400E0501AD
:10768000C36FFE0EC46FDAECFBF0C2EFBAF0550523
:10769000D8B44DEFBBF04FEFBBF08EEFBBF0040E54
:1076A0005519D8B456EFBBF058EFBBF08EEFBBF0D6
:1076B000060E5519D8B45FEFBBF061EFBBF08EEF4B
:1076C000BBF00B0E5519D8B468EFBBF06AEFBBF0F6
:1076D0008EEFBBF00C0E5519D8B471EFBBF073EF01
:1076E000BBF08EEFBBF00E0E5519D8B47AEFBBF09D
:1076F0007CEFBBF08EEFBBF0EF51F011D8B483EF0D
:10770000BBF085EFBBF0C2EFBAF0160E0501C36FF8
:10771000FE0EC46FDAECFBF0C2EFBAF05C51F86F0A
:10772000F96BFA6BFB6B5B51F8C610F6F9C611F6F4
:10773000FAC612F60F6B0F11F86F1051F96F115155
:10774000FA6F1251FB6F5A51F8C610F6F9C611F6CE
:10775000FAC612F60F6B0F11F86F1051F96F115135
:10776000FA6F1251FB6F5951F8C610F6F9C611F6AF
:10777000FAC612F60F6B0F11F86F1051F96F115115
:10778000FA6F1251FB6FEF51F011D8B4CAEFBBF092
:10779000CCEFBBF0DBEFBBF0EB0E0501C36FFA0ED5
:1077A000C46FF8C6C5F5F9C6C6F5FAC6C7F5FBC677
:1077B000C8F5DAECFBF0000E1200000E0501F76FC1
:1077C000000EF66F1E0EF625D96E200EF721DA6E2A
:1077D000A50EDF6E1F0EF625D96E200EF721DA6E8C
:1077E0005A0EDF6E020EF627000EF723F705D8A01B
:1077F000FCEFBBF0FEEFBBF0E2EFBBF0000EF86F6A
:10780000000EF96F000EFA6F000EFB6F8A0EC36F49
:10781000FD0EC46FF8C5C5F5F9C5C6F5FAC5C7F5BF
:10782000FBC5C8F5DAECFBF028EE1EF0F8C5DFF476
:1078300028EE1FF0F9C5DFF428EE20F0FAC5DFF4DA
:10784000F8C511F5F9C512F5FAC513F5FBC514F520
:107850001E0E156E200E166E010E186E000E176E9F
:1078600007ECEEF0F8C511F5F9C512F5FAC513F5F8
:10787000FBC514F51E0E156E210E166E010E186E48
:10788000000E176EACECEDF01E0E096E200E0A6EA7
:107890001E0E0B6E210E0C6E010E0E6E000E0D6E86
:1078A000CEECE9F009500A10D8B459EFBCF05BEF08
:1078B000BCF09AEFBCF0C00E0501C36FFC0EC46FA4
:1078C000F8C5C5F5F9C5C6F5FAC5C7F5FBC5C8F5D0
:1078D000DAECFBF0E50E0501D16FFF0ED26FF8C5B3
:1078E000D3F5F9C5D4F5FAC5D5F5FBC5D6F51E0E09
:1078F000D76F200ED86F010EDA6F000ED96FB8EC7B
:10790000DAF0E00E0501D16FFF0ED26FF8C5D3F5A6
:10791000F9C5D4F5FAC5D5F5FBC5D6F51E0ED76F5A
:10792000210ED86F010EDA6F000ED96FB8ECDAF0C5
:1079300098EFBCF00501F851F911FA11FB11D8A428
:10794000A4EFBCF0A6EFBCF0A8EFBCF0DAEFBCF0FF
:10795000000E116E000E126E000E136E000E146EED
:107960001E0E156E210E166E010E186E000E176E8D
:10797000ACECEDF01E0E096E200E0A6E1E0E0B6EA4
:10798000210E0C6E010E0E6E000E0D6ECEECE9F0A7
:1079900009500A10D8A4CFEFBCF0D1EFBCF0DAEF59
:1079A000BCF0D20E0501C36FFD0EC46FDAECFBF024
:1079B000EEEFBCF0000E0501F827100EF923000EC3
:1079C000FA23000EFB23FB5109E1080EFA5DD8A053
:1079D000ECEFBCF0EEEFBCF006EFBCF0F8C50EF734
:1079E000F9C50FF7FAC510F7FBC511F7A70E05018A
:1079F000C36FFA0EC46FF8C5C5F5F9C5C6F5FAC56B
:107A0000C7F5FBC5C8F50EC7F2F50FC7F3F510C7EC
:107A1000F4F511C7F5F50B0E13EFBDF0D890F53363
:107A2000F433F333F233E82E0EEFBDF0F2C5C9F5AF
:107A3000F3C5CAF5DAECFBF01200310E0601C26F95
:107A4000070EC36FED0EC46FFF0EC56FBEECD7F00F
:107A50000009D8B42EEFBDF030EFBDF03CEFBDF023
:107A6000540E0501C36FFC0EC46FDAECFBF0060187
:107A7000C969CA6942EFBEF0000E0601CE6F000E62
:107A8000CD6F310E9E6F070E9F6F000EA06F000E20
:107A9000A16F36ECE7F08CEFBDF0620E096E070EB9
:107AA0000A6EAD0E0B6EFF0E0C6EF4ECF3F0095087
:107AB0000A10D8A45EEFBDF060EFBDF062EFBDF03C
:107AC0000601CD81620E096E070E0A6EB60E0B6EB0
:107AD000FF0E0C6EF4ECF3F009500A10D8A473EF0B
:107AE000BDF075EFBDF077EFBDF00601CD83060167
:107AF000CD51CE11D8B47FEFBDF081EFBDF08CEF4A
:107B0000BDF0850E0501C36FFF0EC46F620EC56F19
:107B1000070EC66FDAECFBF0310E06019E6F070E02
:107B20009F6F590EA06F070EA16F36ECE7F00009AA
:107B3000D8A49DEFBDF09FEFBDF011EFBEF007019F
:107B40006251D8A4A6EFBDF0A8EFBDF04DEFBDF097
:107B500011EFBEF0000ECE6F010ECD6F8B0E050142
:107B6000C36FFB0EC46FDAECFBF062ECF9F0095066
:107B70000601CF6F310ECF19D8B4C1EFBDF0C3EFFE
:107B8000BDF0CCEFBDF0320ECF19D8A4CAEFBDF0D6
:107B9000CCEFBDF0D6EFBDF0CF5109ECFDF0D00E2B
:107BA0000601CF25CD6FCE6BFF0ECE230D0ECF1964
:107BB000D8B4DDEFBDF0DFEFBDF0E8EFBDF00A0EA9
:107BC000CF19D8A4E6EFBDF0E8EFBDF0B5EFBDF0FA
:107BD0006F0E0501C36FF60EC46FDAECFBF0060101
:107BE000CD05CE11D8A4F7EFBDF0F9EFBDF005EF4C
:107BF000BEF0620E096E070E0A6EAD0E0B6EFF0E22
:107C00000C6E52ECFAF02CEFBEF0620E096E070E0D
:107C10000A6EB60E0B6EFF0E0C6E52ECFAF02CEFE5
:107C2000BEF0CDC6CBF6CEC6CCF60601CC51000ACE
:107C3000D8B41DEFBEF0AAEFBDF0CB51000AD8B406
:107C400037EFBDF0010AD8B42CEFBEF0030AD8B468
:107C50002CEFBEF0AAEFBDF09E0E0501C36FFE0E25
:107C6000C46F620EC56F070EC66FDAECFBF0310E03
:107C70000501DC6F070EDD6F8DECFAF0CDC6C9F69D
:107C8000CEC6CAF6120020EE10F02850D926295090
:107C9000DA22DEC409F5DDC40AF520EE0EF0285024
:107CA000D9262950DA22DEC40BF5DDC40CF5E1EC4F
:107CB000FAF009C52BF50AC52CF50BC52DF50CC539
:107CC0002EF541EFBFF028C509F529C50AF5F3ECFB
:107CD000FCF05EEFBFF0000E096E070E0A6E2F0E6D
:107CE0000B6E050E0C6ED00E64ECE9F0FF0AD8A402
:107CF0007CEFBEF07EEFBEF080EFBEF063EFBEF033
:107D00002F5074ECFCF00701846F305074ECFCF0E1
:107D10000701816F315074ECFCF00701826F335022
:107D200074ECFCF02A6E2A50386E396A345074ECC8
:107D3000FCF02A6E2A50366E376A355074ECFCF02F
:107D40002A6E2A503A6E3B6A3B5009E1500E3A5C6B
:107D5000D8A0ADEFBEF0AFEFBEF0B5EFBEF06C0E49
:107D60003A26070E3B22B9EFBEF0D00E3A26070E98
:107D70003B223AC51AF53BC51BF536C51CF537C580
:107D80001DF538C51EF539C51FF5F8ECE8F01AC524
:107D90007FF71BC580F72BC511F52CC512F52DC536
:107DA00013F52EC514F57F0E156E070E166E000E18
:107DB000186E060E176E07ECEEF028C509F529C5FA
:107DC0000AF5E8ECFCF05EEFBFF028C509F529C51F
:107DD0000AF5FEECFCF05EEFBFF02BC511F52CC5EB
:107DE00012F52DC513F52EC514F57F0E156E070E71
:107DF000166E000E186E060E176EACECEDF07FC717
:107E000014F580C715F53A0E166E050E176E360E70
:107E1000186E050E196E380E1A6E050E1B6E02ECEA
:107E2000E0F0070184516EECF2F02F6E07018151F2
:107E30006EECF2F0306E070182516EECF2F0316EB2
:107E400038506EECF2F0336E36506EECF2F0346E69
:107E50003A506EECF2F0356E000E096E070E0A6EA7
:107E60002F0E0B6E050E0C6ED00E4AECF1F0FF0AD1
:107E7000D8A43DEFBFF03FEFBFF0DDEFBEF063EF02
:107E8000BEF020EE02F02850D9262950DA22DF5029
:107E9000030AD8B463EFBEF0070AD8B46BEFBEF0A4
:107EA000010AD8B4E5EFBEF00D0AD8B4EDEFBEF08C
:107EB000010AD8B4EDEFBEF0DDEFBEF012005AC6F5
:107EC000D9F45BC6DAF4DEC471F6DDC472F60601DD
:107ED0005F515E115D1109E1020E5C5DD8A073EF88
:107EE000BFF075EFBFF08AEFBFF020EE14F07151D4
:107EF000D9267251DA22DE505C5DDE505D59DE50CB
:107F00005E59DE505F59D8A088EFBFF08AEFBFF00E
:107F10008DEFBFF0020E77EFC0F06051611162117A
:107F20006311D8B496EFBFF098EFBFF0BBEFBFF08E
:107F300071C639F672C63AF660C63BF661C63CF6C3
:107F400062C63DF663C63EF6FF0E3F6FFF0E406F02
:107F5000FF0E416FFF0E426F51ECA3F00601706FF0
:107F60007051D8B4B6EFBFF0B8EFBFF0BBEFBFF0C1
:107F7000705177EFC0F05AC639F65BC63AF65CC668
:107F80003BF65DC63CF65EC63DF65FC63EF671EC5E
:107F9000AEF039C66CF63AC66DF63BC66EF63CC618
:107FA0006FF606016C516D116E116F11D8A4DBEFE5
:107FB000BFF0DDEFBFF0DFEFBFF076EFC0F06C0594
:107FC0006D116E116F11D8A4E8EFBFF0EAEFBFF0AA
:107FD000ECEFBFF08AEFBFF06C290AE16D2908E1F0
:107FE0006E2906E16F29D8A4F8EFBFF0FAEFBFF0D1
:107FF000FDEFBFF0010E77EFC0F071C639F672C623
:108000003AF65CC63BF65DC63CF65EC63DF65FC61C
:108010003EF6000E3F6F000E406F000E416F000EE7
:10802000426F51ECA3F00601706F7051D8B41BEF92
:10803000C0F01DEFC0F01FEFC0F0B8EFBFF020EEB2
:1080400014F07151D9267251DA22FE0EDE24646FCB
:10805000FF0EDE20656FFF0EDE20666FFF0EDE2056
:10806000676F20EE10F07151D9267251DA226451F7
:10807000DE5C6551DE586651DE586751DE58D8B077
:1080800044EFC0F046EFC0F059EFC0F020EE10F022
:108090007151D9267251DA22DE2A000EDE22DE224A
:1080A000DE2220EE05F07151D9267251DA22000E3F
:1080B000DB806CC65CF66DC65DF66EC65EF66FC69E
:1080C0005FF620EE14F07151D9267251DA22DE509B
:1080D0005C5DDE505D59DE505E59DE505F59D8A0C0
:1080E00074EFC0F076EFC0F0BBEFBFF0000E1200EF
:1080F00068ECEFF09CECFBF0EEECFBF0DFECF1F069
:10810000790E0501C36FFF0EC46F4D0EC56FFB0ED8
:10811000C66FDAECFBF0DDECBBF075ECF8F00601B5
:10812000CFBF97EFC0F095EFC0F099EFC0F097EF99
:10813000C0F0D68E1DECBDF0C9C61DF7CAC61EF72D
:108140006F0E0501C36FF60EC46FDAECFBF0B8ECEE
:10815000C5F00601D0BFB1EFC0F0AFEFC0F0BAEF8D
:10816000C0F0D30E0501C36FFE0EC46FDAECFBF056
:10817000B8EFC0F06F0E0501C36FF60EC46FDAECF6
:10818000FBF0D4EFC0F022ECDCF0EBEFC0F05CECE5
:10819000CDF0EBEFC0F0530E0501C36FFE0EC46FC0
:1081A000DAECFBF0D2EFC0F01DC7E6F61EC7E7F62B
:1081B0000601E751000AD8B4E0EFC0F0CBEFC0F001
:1081C000E651010AD8B4C3EFC0F0030AD8B4C7EF30
:1081D000C0F0CBEFC0F06F0E0501C36FF60EC46F99
:1081E000DAECFBF0000E226E000E236E7A0E246E87
:1081F000410E256E010E63240601E66F000E642019
:10820000E76FE6C610F5E7C611F5126A136A000EAD
:1082100036ECCEF010C51EF511C51FF512C520F5C0
:1082200013C521F55EECACF01EC53BF51FC53CF552
:1082300020C53DF521C53EF5000E376E000E386EA7
:10824000800E396E3F0E3A6EFCECB3F037C5C4F8C1
:1082500038C5C5F839C5C6F83AC5C7F8C4C81EF54B
:10826000C5C81FF5C6C820F5C7C821F5000E226E87
:10827000000E236E7A0E246E440E256E5EECACF07A
:108280001EC5C8F81FC5C9F820C5CAF821C5CBF856
:108290006E0E0501C36FF70EC46FC8C8C5F5C9C817
:1082A000C6F5CAC8C7F5CBC8C8F5010E63240B6E66
:1082B000000E64200C6E640E6B02F3C4E6F6F4C488
:1082C000E7F66C02F3500601E727E6C609F5E7C6B4
:1082D0000AF5E1ECF4F009C510F50AC511F5126ACA
:1082E000136A000E36ECCEF010C5C9F511C5CAF5FB
:1082F00012C5CBF513C5CCF5DAECFBF06F0E05011A
:10830000C36FF60EC46FDAECFBF035ECFBF0E8EC73
:10831000F6F081EF00F099C6D9F49AC6DAF4DEC41B
:10832000A3F6DDC4A4F698EFC1F006019B4B9C2B8D
:108330009BC6F6F49CC6F7F4000EF86E250EF764A3
:1083400003D00800F55005D0F6C4E9F4F7C4EAF408
:10835000EF502F0AD8B4AFEFC1F0B1EFC1F095EFF5
:10836000C1F09BC6F6F49CC6F7F4000EF86E250E1D
:10837000F76403D00800F55005D0F6C4E9F4F7C45B
:10838000EAF4EF505C0AD8B4C8EFC1F0CAEFC1F00C
:1083900095EFC1F0060120EE06F09951D9269A51C9
:1083A000DA22DE6ADE6ADE6ADD6A9BC6F6F49CC605
:1083B000F7F4000EF86E250EF76403D00800F550B0
:1083C00005D0F6C4E9F4F7C4EAF4EF5006019D6F56
:1083D000200E9D61EEEFC1F0F0EFC1F00AEFC2F0A8
:1083E00020EE27F09951D9269A51DA22800EDF6EBD
:1083F00099C653F69AC654F6000E556F000E566F86
:10840000000E576F000E586FC4ECB5F00601A66F52
:1084100097EFC2F099C611F59AC612F59B0E136E2E
:10842000060E146E67ECB0F00601A66FA651D8B424
:108430001CEFC2F01EEFC2F020EFC2F097EFC2F0C7
:1084400099C691F69AC692F63BECD6F00601A66F55
:1084500020EE27F09951D9269A51DA22DF50A56FE4
:10846000A651D8B436EFC2F038EFC2F04CEFC2F0EC
:10847000040EA619D8A43FEFC2F041EFC2F097EF67
:10848000C2F0A5B546EFC2F048EFC2F097EFC2F0D8
:10849000050EA66F97EFC2F0A5A551EFC2F053EFFE
:1084A000C2F055EFC2F097EFC2F020EE04F0995100
:1084B000D9269A51DA22DFB860EFC2F062EFC2F03B
:1084C00064EFC2F048EFC2F0A3C610F5A4C611F5E0
:1084D00020EE0EF09951D9269A51DA22DEC49DF68B
:1084E000DDC49EF6FF0E9D159F6F010E9E15A06FB9
:1084F0009F51A325A16FA051A421A26F300EA125E9
:10850000126E000EA221136E36ECF3F0060120EE7F
:1085100006F09951D9269A51DA2210C5DEF411C518
:10852000DEF412C5DEF413C5DEF40AEFC2F0A65184
:10853000120039C6D1F53AC6D2F5420E0501D36F05
:10854000060ED46F4BECE4F006013F6F3F51D8A408
:10855000ACEFC2F0AEEFC2F0A2EFC3F020EE0EF02F
:108560003951D9263A51DA22DFACB9EFC2F0BBEF6C
:10857000C2F0A2EFC3F020EE0EF03951D9263A51E5
:10858000DA22DFAEC6EFC2F0C8EFC2F0FDEFC2F0F4
:10859000220E39250D6F000E3A210E6F20EE18F0D5
:1085A0003951D9263A51DA22DEC40FF6DEC410F66C
:1085B000DEC411F6DEC412F6000E146F010E136F46
:1085C00020EE01F04251D9264351DA22DF507DECF2
:1085D000D8F00009D8B4EFEFC2F0F1EFC2F0F4EF39
:1085E000C2F0010EA3EFC3F0060120EE0EF03951E8
:1085F000D9263A51DA227F0EDF1642ECFDF009C58A
:108600003BF60AC53CF60BC53DF60CC53EF642C628
:108610002EF643C62FF6060120EE1CF03951D9265E
:108620003A51DA22DEC430F6DEC431F6DEC432F668
:10863000DEC433F601ECEBF006013F6F3F51D8A4E6
:1086400024EFC3F026EFC3F0A2EFC3F020EE20F03A
:108650003951D9263A51DA22DEC440F6DDC441F65A
:1086600020EE0BF04051D9264151DA22000EDB8A70
:1086700039C6D9F43AC6DAF4DEC40DF5DDC40EF518
:1086800040C60FF541C610F520EE06F03951D92647
:108690003A51DA22DEC411F5DEC412F5DEC413F558
:1086A000DEC414F53CECF9F01C0E06014025096E01
:1086B000000E41210A6E20EE0AF03951D9263A51B6
:1086C000DA22DEC40BF5DEC40CF5DEC40DF5DEC423
:1086D0000EF51BECF5F0160E06014025096E000E96
:1086E00041210A6E3BC60BF53CC60CF53DC60DF5A7
:1086F0003EC60EF51BECF5F0120E06014025096E84
:10870000000E41210A6E000E0C6E000E0B6EC6ECC0
:10871000FBF0060120EE04F04251D9264351DA2243
:10872000010EDF6E42C62EF643C62FF6AFECC4F044
:1087300006013F6F20EE0EF03951D9263A51DA2268
:10874000BF0EDF163F51120006C770F507C771F55F
:1087500008C772F509C773F560C570F561C571F595
:1087600062C572F563C573F5810E0501646FFF0E76
:10877000656F70C566F571C567F572C568F573C537
:1087800069F5180EC9EFC3F0D890693368336733C1
:108790006633E82EC4EFC3F0665164256E6F000E99
:1087A00065216F6F6FBFDEEFC3F06F5109E1170EE8
:1087B0006E5DD8A0DEEFC3F0E0EFC3F0EAEFC3F0E8
:1087C00060C560F561C561F562C562F563C563F5B5
:1087D000AEEFC4F06FBFEFEFC3F0F1EFC3F062EFA5
:1087E000C4F06EC564F5FF0E656FFF0E666F7F0EF9
:1087F000676F000E686F646700EFC4F008EFC4F0A5
:1088000068356833673366336533642FFBEFC3F035
:1088100065C56AF566C56BF567C56CF568C56DF528
:1088200005016A517015646F6B517115656F6C515C
:108830007215666F6D517315676F6451651166111E
:108840006711D8A426EFC4F028EFC4F02AEFC4F0D3
:10885000E0EFC3F070C564F571C565F572C566F5E6
:1088600073C567F5200E3AEFC4F0D89067336633CE
:1088700065336433E82E35EFC4F064516511661139
:108880006711D8B446EFC4F048EFC4F050EFC4F01D
:108890006A5170276B5171236C5172236D51732390
:1088A0006A1D646F6B1D656F6C1D666F6D1D676F54
:1088B00064517017655171176651721767517317BC
:1088C000A6EFC4F070C564F571C565F572C566F5AF
:1088D00073C567F5200E72EFC4F0D8906733663326
:1088E00065336433E82E6DEFC4F064516511661191
:1088F0006711D8A47EEFC4F080EFC4F08AEFC4F013
:10890000000E706F000E716F000E726F000E736FAD
:10891000A6EFC4F0D8907035646F7135656F72350D
:10892000666F7335676F6451651166116711D8B44E
:108930009CEFC4F09EEFC4F0A6EFC4F0000E706F81
:10894000000E716F800E726FBF0E736F70C560F591
:1089500071C561F572C562F573C563F512002EC667
:108960001CF62FC61DF657ECD2F00601386F3851B1
:10897000D8A4BDEFC4F0BFEFC4F0B5EFC5F02EC66C
:10898000D9F42FC6DAF4030EDE18D8A4CAEFC4F067
:10899000CCEFC4F099EFC5F020EE05F02E51D926AA
:1089A0002F51DA22DE04D8A4D8EFC4F0DAEFC4F0F5
:1089B00099EFC5F0300E2E25096E000E2F210A6E9C
:1089C000000E0C6E000E0B6E020E0E6E000E0D6E83
:1089D000C5ECFAF02E0E06012E25096E020E2F218F
:1089E0000A6EAA0E0C6E550E0B6EC6ECFBF0300E26
:1089F00006012E25096E000E2F210A6E520E0B6EF7
:108A0000520E0C6E610E0D6E410E0E6E1BECF5F0EB
:108A1000140E06012E25096E020E2F210A6E720E0B
:108A20000B6E720E0C6E410E0D6E610E0E6E1BEC17
:108A3000F5F0180E06012E25096E020E2F210A6E82
:108A400020EE10F02E51D9262F51DA22DEC40BF57C
:108A5000DEC40CF5DEC40DF5DEC40EF51BECF5F03E
:108A60001C0E06012E25096E020E2F210A6E20EE25
:108A70000CF02E51D9262F51DA22DEC40BF5DEC4BC
:108A80000CF5DEC40DF5DEC40EF51BECF5F00601A9
:108A900020EE1CF02E51D9262F51DA22DEC430F6FA
:108AA000DEC431F6DEC432F6DEC433F6010E302504
:108AB000346F000E3121356F000E3221366F000EFB
:108AC0003321376F20EE2CF02E51D9262F51DA2288
:108AD00034C6DEF435C6DEF436C6DEF437C6DEF460
:108AE000300E2E250D6F000E2F210E6F20EE2CF074
:108AF0002E51D9262F51DA22DEC40FF6DEC410F62D
:108B0000DEC411F6DEC412F6000E146F010E136FF0
:108B100020EE01F02E51D9262F51DA22DF507DECC4
:108B2000D8F0060120EE05F02E51D9262F51DA2279
:108B3000DF6A000E0501D16F000ED26F000ED36FF9
:108B4000060120EE01F02E51D9262F51DA22DF50F6
:108B5000BBECEFF00009D8B4B0EFC5F0B2EFC5F050
:108B6000B5EFC5F0010E0601386F0601385112004D
:108B7000000E0601DD6F000EDC6FDCC6DEF6DDC622
:108B8000DFF6A2EFC6F0DE51410FDB6F1E0ED96F8C
:108B9000200EDA6FD9C6C3F5DAC6C4F5420E050158
:108BA000C56FFF0EC66F620EC76F070EC86FDBC6BC
:108BB000C9F5CA6B9EECF8F0220E0601D16F020EC9
:108BC000D26FD151DC03F3C4D3F6F4C4D4F6DD0381
:108BD000F350D427D251DC03F350D427000ED32511
:108BE000C26F0B0ED421C36FD9C6C4F6DAC6C5F660
:108BF000030EC66FD1EC92F00009D8A402EFC6F0C4
:108C000004EFC6F09FEFC6F0720E0501C36FF60EBB
:108C1000C46F620EC56F070EC66FDBC6C7F5C86BA3
:108C2000DBC6C9F5CA6BDAECFBF007011D051E11A6
:108C3000D8A41DEFC6F01FEFC6F060EFC6F0220EFD
:108C40000601D16F020ED26FD151DC03F3C4D3F60B
:108C5000F4C4D4F6DD03F350D427D251DC03F3502F
:108C6000D427000ED325D56F0B0ED421D66F000E5E
:108C7000D76F080ED86F020ED727000ED823D890D2
:108C8000DE35D96EDF35DA6ED890D936DA36D7517F
:108C9000D926D851DA22D5C6DEF4D6C6DDF40801CD
:108CA00002510311D8A457EFC6F059EFC6F09CEF5C
:108CB000C6F0FF0E0601D06FFC0ECF6FBFEFC6F0FF
:108CC000220E0601D16F020ED26FD151DC03F3C424
:108CD000D3F6F4C4D4F6DD03F350D427D251DC0329
:108CE000F350D427000ED325D56F0B0ED421D66FA9
:108CF000800ED76F090ED86F020ED727000ED8232B
:108D0000D890DE35D96EDF35DA6ED890D936DA36BE
:108D1000D751D926D851DA22D5C6DEF4D6C6DDF42D
:108D2000090182518311D8A498EFC6F09AEFC6F0DA
:108D30009CEFC6F059EFC6F00601DC4BDD2B0601B7
:108D4000DE4BDF2BDF5107E1100EDE5DD8B0ABEF5D
:108D5000C6F0ADEFC6F0BBEFC6F0DDBFB9EFC6F0B1
:108D6000DD5109E1060EDC5DD8A0B9EFC6F0BBEF1E
:108D7000C6F0C3EFC5F0000ED06F000ECF6F12002B
:108D8000000E116EF50E126E070E136E000E146EAD
:108D90006F0E156E070E166E000E186E100E176E03
:108DA000ACECEDF007016F51D8B4D9EFC6F0DBEFB2
:108DB000C6F08CEFC7F027ECE1F0000E116EF50E57
:108DC000126E070E136E000E146E6F0E156E070EE8
:108DD000166E000E186E020E176E07ECEEF0BFEF67
:108DE000C7F062ECF9F009500701766FABEFC7F0FE
:108DF000765109ECFDF0ABEFC7F055505610D8A4F2
:108E000004EFC7F006EFC7F00DEFC7F0000E060144
:108E1000C06F000EBF6F11EFC7F0000E0601C06FEC
:108E2000BF69BFC676F7ABEFC7F01E0E0601C16F74
:108E3000200EC26F76C7C3F6C46B7DC709F57EC727
:108E40000AF57BC70BF57CC70CF5E1ECFAF009C518
:108E500011F50AC512F50BC513F50CC514F5C1C6FD
:108E600015F5C2C616F5C3C617F5C4C618F5ACECA1
:108E7000EDF048EFC7F0C1C6D9F4C2C6DAF4DF504E
:108E800009ECFDF00601C14BC22BC307D8A0C407F3
:108E90000601C351C411D8A450EFC7F052EFC7F078
:108EA0003BEFC7F0ABEFC7F06CECF4F009500A10E1
:108EB000D8B45DEFC7F05FEFC7F063EFC7F06BECBE
:108EC000FDF0ABEFC7F0FDECD6F00601B151B211E9
:108ED000D8B46DEFC7F06FEFC7F0ABEFC7F05FEF3F
:108EE000C7F06CECF4F009500A10D8B47AEFC7F070
:108EF0007CEFC7F07EEFC7F05FEFC7F081ECCCF0FE
:108F00000601B151B211D8B488EFC7F08AEFC7F0AB
:108F1000ABEFC7F05FEFC7F07551010AD8B4F1EFBE
:108F2000C6F0030AD8B4F8EFC6F0010AD8B4FDEFD2
:108F3000C6F0070AD8B415EFC7F0010AD8B454EF49
:108F4000C7F0030AD8B471EFC7F0010AD8B4ABEF89
:108F5000C7F0ABEFC7F00701756B060E116EF50E8B
:108F6000126E070E136E000E146E750E156E070E40
:108F7000166E000E186E020E176E07ECEEF0120061
:108F800020EE09F01850D9261950DA22DF6A20EEB7
:108F900016F01650D9261750DA22DE50DE10DE10F9
:108FA000DE10D8A4D6EFC7F0D8EFC7F0DAEFC7F0DD
:108FB000BBEFC8F0000E226E000E216E21C51EF51B
:108FC00022C51FF538EFC8F020EE1AF01650D9264A
:108FD0001750DA22DEC41AF5DDC41BF51E501A2420
:108FE000D96E1F501B20DA6EDF50206E1E4A1F2ADA
:108FF000200E2018D8A4FFEFC7F001EFC8F003EF50
:10900000C8F038EFC8F0050E2018D8A40AEFC8F051
:109010000CEFC8F00EEFC8F0E50E206E090E1E181A
:109020001F10D8A416EFC8F018EFC8F028EFC8F04A
:10903000215018241A6E225019201B6E090E1A2472
:10904000D96E000E1B20DA6E2E0EDF6E214A222A08
:10905000215018241A6E225019201B6E090E1A2452
:10906000D96E000E1B20DA6E20C5DFF4214A222AB9
:109070001F5009E10B0E1E5CD8A041EFC8F043EF72
:10908000C8F0E4EFC7F0215018241A6E22501920BE
:109090001B6E090E1A24D96E000E1B20DA6EDF6AD1
:1090A00020EE08F01850D9261950DA2210EE1AF0E6
:1090B0001650E1261750E22200EE0BF0E650E926AA
:1090C000E550EA22EF503F0BDF6E20EE1AF016500B
:1090D000D9261750DA22DEC41AF5DDC41BF51C0EA2
:1090E0001A24096E000E1B200A6E50ECEDF018C514
:1090F000D9F419C5DAF409C5DEF40AC5DEF40BC5E6
:10910000DEF40CC5DEF420EE1AF01650D926175006
:10911000DA22DEC41AF5DDC41BF5160E1A24096E18
:10912000000E1B200A6E19ECFBF020EE06F0185022
:10913000D9261950DA2209C5DEF40AC5DDF420EE7D
:109140001AF01650D9261750DA22DEC41AF5DDC4FB
:109150001BF5180E1A24096E000E1B200A6E19EC5E
:10916000FBF020EE04F01850D9261950DA2209C578
:10917000DEF40AC5DDF4120047C639F648C63AF6F1
:10918000000E06013B6F000E3C6F000E3D6F000E9F
:109190003E6F1DECB9F039C661F63AC662F6020EB2
:1091A000060161196211D8B4D8EFC8F0DAEFC8F03F
:1091B000F4EFC8F0625107E1030E615DD8B0E3EF50
:1091C000C8F0E5EFC8F0EEEFC8F049514A11D8A455
:1091D000ECEFC8F0EEEFC8F0F4EFC8F061C647F668
:1091E00062C648F6B5EFC9F0000E646F000E636FFB
:1091F00063C64BF664C64CF64B3B4C3BF00E4C172B
:109200004B510F0B4C13F00E4B174B5147254D6F25
:109210004C5148214E6FF60E4D25096E010E4E2120
:109220000A6E50ECEDF0510E06014F6F060E506FB6
:10923000D8906335D96E6435DA6ED890D936DA367F
:109240004F51D9265051DA2209C5DEF40AC5DEF4A1
:109250000BC5DEF40CC5DEF4634B642B645109E1ED
:10926000040E635DD8A037EFC9F039EFC9F0F8EF0D
:10927000C8F049514A11D8A440EFC9F042EFC9F0F3
:1092800048EFC9F0000E646F000E636F4EEFC9F037
:10929000FF0E4925636FFF0E4A21646F510E4B6F1D
:1092A000060E4C6FD8906335D96E6435DA6ED8905F
:1092B000D936DA364B51D9264C51DA22DE50DE103F
:1092C000DE10DE10D8A467EFC9F069EFC9F06FEFC8
:1092D000C9F0000E626F030E616F91EFC9F047C6CF
:1092E00039F648C63AF6510E4B6F060E4C6FD890C1
:1092F0006335D96E6435DA6ED890D936DA364B518B
:10930000D9264C51DA22DEC43BF6DEC43CF6DEC47C
:109310003DF6DEC43EF61DECB9F039C661F63AC63C
:1093200062F6060149514A11D8A499EFC9F09BEFA2
:10933000C9F0EEEFC8F0625109E1020E615DD8A0FC
:10934000A4EFC9F0A6EFC9F0EEEFC8F0634B642BB1
:10935000645109E1040E635DD8A0B1EFC9F0B3EF29
:10936000C9F04EEFC9F0EEEFC8F012007EEFCAF080
:10937000BFC620F5C0C621F5B1ECE1F0BFC609F5C6
:10938000C0C60AF5E8ECFCF0A8EFCAF0BFC609F5C4
:10939000C0C60AF539ECFDF0BFC609F5C0C60AF52E
:1093A000E8ECFCF0A8EFCAF0BFC609F5C0C60AF5A4
:1093B0004AECE5F009500A10D8B4E1EFC9F0E3EF48
:1093C000C9F0EBEFC9F0BFC609F5C0C60AF5D2EC8B
:1093D000FCF0A8EFCAF0BFC609F5C0C60AF5E8EC74
:1093E000FCF0A8EFCAF0BFC609F5C0C60AF5F3EC59
:1093F000FCF0A8EFCAF0BFC60CF5C0C60DF555ECE1
:10940000F6F00C500D10D8B408EFCAF00AEFCAF00D
:109410000CEFCAF0A8EFCAF0BFC6B7F6C0C6B8F6E0
:10942000BDECEEF00601B751B811D8B41AEFCAF08E
:109430001CEFCAF0EBEFC9F0BFC609F5C0C60AF5CC
:10944000BCECFCF0A8EFCAF0BFC609F5C0C60AF52F
:10945000FEECFCF0A8EFCAF0BFC60CF5C0C60DF5D7
:1094600055ECF6F00C500D10D8B439EFCAF03BEFC4
:10947000CAF03DEFCAF0A8EFCAF0BFC6B3F6C0C647
:10948000B4F6FCECF0F00601B351B411D8B44BEFD4
:10949000CAF04DEFCAF0EBEFC9F0BFC609F5C0C680
:1094A0000AF5B1ECFCF0A8EFCAF0BFC60CF5C0C6D7
:1094B0000DF555ECF6F00C500D10D8B462EFCAF073
:1094C00064EFCAF066EFCAF0A8EFCAF0BFC6B7F6FD
:1094D000C0C6B8F6C6ECDEF00601B751B811D8B474
:1094E00074EFCAF076EFCAF0EBEFC9F0BFC609F52A
:1094F000C0C60AF5C7ECFCF0A8EFCAF0060120EEE2
:1095000002F0BF51D926C051DA22DF50000AD8B488
:10951000B8EFC9F0010AD8B4C6EFC9F0030AD8B44D
:10952000D4EFC9F0010AD8B4F3EFC9F0070AD8B4F0
:10953000FBEFC9F0010AD8B424EFCAF00D0AD8B481
:109540002CEFCAF0010AD8B455EFCAF0EBEFC9F01E
:10955000120028BEAEEFCAF0B1EFCAF0010EB2EFB2
:10956000CAF0000E2F6E54BEB8EFCAF0BAEFCAF0C0
:10957000BBEFCAF0579254BEC2EFCAF0C0EFCAF0B8
:10958000C8EFCAF0000E2C6E010E2B6ECCEFCAF0A5
:1095900053C52BF554C52CF551C52DF552C52EF5E7
:1095A0002F50D8B4D6EFCAF0D8EFCAF0EFEFCAF018
:1095B0002D06D8A02E062F50D8A4E1EFCAF0E3EF75
:1095C000CAF0E9EFCAF0000E2A6E2B0E296EEDEFFD
:1095D000CAF0000E2A6E2D0E296E29C52FF5000E39
:1095E000316E4F0E306E0801C36B3BEFCBF030068F
:1095F000D8A03106740E3024D96E080E3120DA6EF0
:1096000025C509F526C50AF527C50BF528C50CF5AE
:109610000A0E0D6E000E0E6E000E0F6E000E106E16
:10962000C1ECE6F009C513F50AC514F56BECFBF0C7
:109630001350300FDF6E2B06D8A02C062D06D8A0B5
:109640002E0625C509F526C50AF527C50BF528C53B
:109650000CF50A0E0D6E000E0E6E000E0F6E000E53
:10966000106EC1ECE2F009C525F50AC526F50BC55B
:1096700027F50CC528F531BE46EFCBF0315008E197
:109680003004D8A046EFCBF048EFCBF074EFCBF02E
:109690002550261027102810D8A451EFCBF053EFF7
:1096A000CBF0F7EFCAF02CBE60EFCBF02C5006E108
:1096B0002B04D8B05EEFCBF060EFCBF0F7EFCAF041
:1096C0002EBE6BEFCBF02E5008E12D04D8A06BEF2F
:1096D000CBF06DEFCBF074EFCBF057B272EFCBF075
:1096E00074EFCBF0F7EFCAF02F50D8B47AEFCBF08D
:1096F0007CEFCBF087EFCBF03006D8A03106740EAC
:109700003024D96E080E3120DA6E2FC5DFF423C560
:109710001AF524C51BF5740E30241C6E080E31207A
:109720001D6E2DC51EF52EC51FF55FECF0F0120065
:10973000000E116EF50E126E070E136E000E146EF3
:10974000CB0E156E060E166E000E186E0C0E176EF2
:10975000ACECEDF00601CB51D8B4B1EFCBF0B3EFE8
:10976000CBF0BBEFCBF0CB0E206E060E216E1FECC4
:10977000DEF06EEFCCF01E0EC96F200ECA6FD55111
:10978000C16FD651C26FC36BC46B040ED890C13782
:10979000C237C337C437E82EC6EFCBF0D351C1254B
:1097A000C56FD451C221C66F000EC321C76F000E12
:1097B000C421C86FC5C611F5C6C612F5C7C613F5D4
:1097C000C8C614F5C9C615F5CAC616F5000E186E3A
:1097D000160E176EACECEDF044EFCCF0C9C620F5D8
:1097E000CAC621F502D800EFCCF00500FA6E0701D9
:1097F0001251FD6E1351FE6E1451FF6EFA5012009D
:109800005CEFCCF0C9C60BF5CAC60CF552ECFDF006
:109810005CEFCCF0C9C628F5CAC629F502D81CEF02
:10982000CCF00500FA6E07011551FD6E1651FE6E63
:109830001751FF6EFA5012005CEFCCF0C9C620F54C
:10984000CAC621F5B3ECD4F05CEFCCF0C9C6BFF6C4
:10985000CAC6C0F6B6ECC9F05CEFCCF020EE03F05F
:10986000C951D926CA51DA22030EDE6E810EDD6E91
:10987000E40E0501C36FFB0EC46FCBC6C5F5C66B06
:10988000DAECFBF05CEFCCF00601D151100AD8B451
:10989000EEEFCBF0300AD8B402EFCCF0100AD8B417
:1098A0000AEFCCF0700AD8B41EEFCCF0100AD8B48E
:1098B00026EFCCF02EEFCCF0C5C611F5C6C612F5DA
:1098C000C7C613F5C8C614F5C9C615F5CAC616F538
:1098D000000E186E160E176E07ECEEF0000E116EED
:1098E000F50E126E070E136E000E146ECB0E156E73
:1098F000060E166E000E186E020E176E07ECEEF0D6
:10990000120007017751040D020EF324D96E080EE0
:10991000F420DA6EDEC4BAF6DDC4BBF699ECE0F0F2
:109920000601A051A111D8B498EFCCF09AEFCCF079
:109930009FEFCCF00601B169B2695BEFCDF07DC756
:1099400009F57EC70AF57BC70BF57CC70CF5E1EC82
:10995000FAF009C5B6F60AC5B7F60BC5B8F60CC5D8
:10996000B9F6B6C611F5B7C612F5B8C613F5B9C63D
:1099700014F5000E156E090E166E000E186E800E90
:10998000176EACECEDF007010251D8B4CAEFCCF081
:10999000CCEFCCF004EFCDF00351D8B4D2EFCCF043
:1099A000D4EFCCF004EFCDF077C7B3F6010E06018B
:1099B000B46F000EB56FB32BE1EFCCF0D890B43795
:1099C000B537B32FDEEFCCF0070104510601B41711
:1099D000070105510601B517B451B511D8A4F3EF2D
:1099E000CCF0F5EFCCF004EFCDF0DA0E0501EE6F20
:1099F000FF0EEF6F000EF06F090EF16F000EF36FA8
:109A0000800EF26FB4ECF2F0BAC677F6BBC678F609
:109A1000000E0601796F090E7A6F000E7C6F800EC2
:109A20007B6FBD0E7D6F060E7E6F92EC8AF0060195
:109A3000BC6FBC51D8A41FEFCDF021EFCDF02BEFC0
:109A4000CDF0800EBD19BE11D8B429EFCDF02BEFAB
:109A5000CDF03BEFCDF02D0E0501C36FFB0EC46FB3
:109A6000BCC6C5F5C66BBDC6C7F5BEC6C8F5DAEC43
:109A7000FBF09AEFCCF0BAC639F6BBC63AF699ECD1
:109A8000C2F00601BC6FBC51D8B449EFCDF04BEF2A
:109A9000CDF057EFCDF02B0E0501C36FFE0EC46F56
:109AA000BCC6C5F5C66BDAECFBF09AEFCCF0000E45
:109AB000B26F000EB16F1200300E0701186F970ED3
:109AC000196F010E1A6F82ECFCF091ECECF06F0E46
:109AD0000501C36FF60EC46FDAECFBF059ECFDF034
:109AE00009C5ECF70AC5EDF7CC0E0501C36F070EEB
:109AF000C46F030EC56FFF0EC66F620EC76F070EF1
:109B0000C86F9EECF8F0CC0E0601CF6F070ED06F39
:109B1000000ED16FF50ED26F070ED36F000ED46F0B
:109B2000F00ED56F070ED66FFBECD9F0CFC6EEF76F
:109B3000D0C6EFF70701EE51EF11D8A4A2EFCDF098
:109B4000A4EFCDF022EFCEF0CC0E0501C36F070ECF
:109B5000C46F910EC56FFF0EC66F620EC76F070E02
:109B6000C86F9EECF8F0CC0E0601CF6F070ED06FD9
:109B7000000ED16F040ED26F000ED36F000ED46FA3
:109B8000F00ED56F070ED66FFBECD9F0CFC6EEF70F
:109B9000D0C6EFF70701EE51EF11D8A4D2EFCDF008
:109BA000D4EFCDF022EFCEF0EC51F025096EED515F
:109BB000F1210A6EECC70BF5EDC70CF5E1ECF4F002
:109BC000010E0926000E0A220701EC5106010903C5
:109BD000F3C4E4F6F4C4E5F60A03F350E5270701FD
:109BE000ED5106010903F350E527000EE4250701B6
:109BF000EA6F040E0601E5210701EB6FCC0E0501AB
:109C0000C36F070EC46F6C0EC56FFF0EC66F620E7A
:109C1000C76F070EC86F9EECF8F0CC0E0601CF6F31
:109C2000070ED06FEAC7D1F6EBC7D2F6D36BD46B71
:109C3000F00ED56F070ED66FFBECD9F0CFC6EEF75E
:109C4000D0C6EFF70701EE51EF11D8B42AEFCEF0EE
:109C50002CEFCEF035EFCEF0390E0501C36FFC0EC0
:109C6000C46FDAECFBF033EFCEF01200186E185030
:109C7000D8B43DEFCEF03FEFCEF061EFCEF013BEA3
:109C800046EFCEF044EFCEF061EFCEF010C514F504
:109C900011C515F512C516F513C517F5141E151EB9
:109CA000161E171E142A000E15221622172214C57E
:109CB0001AF515C51BF516C51CF517C51DF569EF79
:109CC000CEF010C51AF511C51BF512C51CF513C54C
:109CD0001DF51050111012101310D8A472EFCEF011
:109CE00074EFCEF07EEFCEF0000E106E000E116E0F
:109CF000000E126E000E136E0FEFCFF0960E196E5F
:109D000088EFCEF0192AD8901D321C321B321A323D
:109D1000000E1A14146E000E1B14156E000E1C1487
:109D2000166EFE0E1D14176E145015101610171017
:109D3000D8A49DEFCEF09FEFCEF082EFCEF0ADEF46
:109D4000CEF0192A010E1A26000E1B221C221D22FB
:109D5000D8901D321C321B321A32000E1A14146EA7
:109D6000000E1B14156E000E1C14166EFF0E1D1433
:109D7000176E1450151016101710D8A4C2EFCEF09D
:109D8000C4EFCEF0A1EFCEF0CCEFCEF01906D89014
:109D90001A361B361C361D361CBED1EFCEF0D3EF63
:109DA000CEF0DBEFCEF0020E1960D9EFCEF0DBEF94
:109DB000CEF0C6EFCEF019B0E0EFCEF0E2EFCEF08D
:109DC000E3EFCEF01C9ED890193219C514F5156A30
:109DD000166A176A14C517F5166A156A146A1450BC
:109DE0001A1215501B1216501C1217501D12185023
:109DF000D8B4FDEFCEF0FFEFCEF007EFCFF013BEFB
:109E000006EFCFF004EFCFF007EFCFF01D8E1AC5AD
:109E100010F51BC511F51CC512F51DC513F5120073
:109E20000601F751040D820EF324D96E090EF420B9
:109E3000DA6EDEC4AEF6DDC4AFF6A9C6A0F6AAC6D9
:109E4000A1F6F1ECECF00601A051A111D8B42BEF72
:109E5000CFF02DEFCFF032EFCFF00601A969AA695C
:109E6000E6EFCFF01FC709F520C70AF521C70BF5AC
:109E700022C70CF5E1ECFAF009C511F50AC512F597
:109E80000BC513F50CC514F51E0E156E1E0E166EC1
:109E9000020E186E000E176EACECEDF007010251C9
:109EA000D8B455EFCFF057EFCFF08FEFCFF003518D
:109EB000D8B45DEFCFF05FEFCFF08FEFCFF0F7C604
:109EC000ABF6010E0601AC6F000EAD6FAB2B6CEF65
:109ED000CFF0D890AC37AD37AB2F69EFCFF007019B
:109EE00004510601AC17070105510601AD17AC512D
:109EF000AD11D8A47EEFCFF080EFCFF08FEFCFF091
:109F0000DA0E0501EE6FFF0EEF6F1E0EF06F1E0EE4
:109F1000F16F020EF36F000EF26FB4ECF2F0AEC60A
:109F200077F6AFC678F61E0E0601796F1E0E7A6FB1
:109F3000020E7C6F000E7B6FB10E7D6F060E7E6F82
:109F400092EC8AF00601B06FB051D8A4AAEFCFF01E
:109F5000ACEFCFF0B6EFCFF0020EB219B111D8B41A
:109F6000B4EFCFF0B6EFCFF0C6EFCFF02D0E050176
:109F7000C36FFB0EC46FB0C6C5F5C66BB1C6C7F5DF
:109F8000B2C6C8F5DAECFBF02DEFCFF0AEC639F66D
:109F9000AFC63AF699ECC2F00601B06FB051D8B432
:109FA000D4EFCFF0D6EFCFF0E2EFCFF02B0E0501DC
:109FB000C36FFE0EC46FB0C6C5F5C66BDAECFBF01E
:109FC0002DEFCFF0000EAA6F000EA96F1200040E45
:109FD00006019D6F91C6D9F492C6DAF4DEC499F6F3
:109FE000DDC49AF694EFD0F099C62EF69AC62FF6F5
:109FF00020EE16F09151D9269251DA22DEC430F6C5
:10A00000DEC431F6DEC432F6DEC433F601ECEBF02A
:10A0100006019D6F9D51D8B410EFD0F012EFD0F033
:10A0200014EFD0F0A5EFD0F020EE1AF09151D92620
:10A030009251DA22DEC495F6DDC496F695C6D9F4BF
:10A0400096C6DAF4DF509C6F9C51D8A42AEFD0F06A
:10A050002CEFD0F030EFD0F0040E9D6FA5EFD0F0D4
:10A0600020EE1AF09151D9269251DA2210EE0BF01F
:10A07000DE50E126DD50E222E7503F0B9B6F20EEE1
:10A0800004F09151D9269251DA229BC6DFF4E50EF5
:10A090009C19D8B44EEFD0F050EFD0F07EEFD0F056
:10A0A0002E0E9C19D8B457EFD0F059EFD0F07EEFB8
:10A0B000D0F00F0E9B19D8B460EFD0F062EFD0F063
:10A0C0007EEFD0F09B51DF0B080AD8B46AEFD0F0D6
:10A0D0006DEFD0F0010E6EEFD0F0000E956F966B25
:10A0E0009351951907E194519619D8A47AEFD0F0BD
:10A0F0007CEFD0F07EEFD0F0A5EFD0F091C677F6F0
:10A1000092C678F6000E7A6F000E796F49ECAAF0CD
:10A1100006019D6F9D51D8B490EFD0F092EFD0F032
:10A1200094EFD0F0A5EFD0F020EE16F09151D926A3
:10A130009251DA22DE50DE10DE10DE10D8A4A3EF3A
:10A14000D0F0A5EFD0F0F4EFCFF09D51D8B4ABEF45
:10A15000D0F0ADEFD0F0B7EFD0F020EE16F0915187
:10A16000D9269251DA22DE6ADE6ADE6ADD6A9D5104
:10A1700012001268136809C5D9F40AC5DAF4DEC4FE
:10A1800014F5DDC415F514C510F515C511F51450F9
:10A190001510D8A4CEEFD0F0D0EFD0F0D4EFD0F09F
:10A1A00009680A6887EFD1F010C5F6F411C5F7F415
:10A1B000000EF86E250EF76403D00800F55005D0A8
:10A1C000F6C4E9F4F7C4EAF4EF500F6E104A112A0E
:10A1D000200E0F64EEEFD0F0F0EFD0F0F9EFD0F0FA
:10A1E0003A0E0F18D8A4F7EFD0F0F9EFD0F0D4EF73
:10A1F000D0F03A0E0F18D8A400EFD1F002EFD1F052
:10A2000083EFD1F0000E0E6E010E0D6E14C5F6F444
:10A2100015C5F7F4000EF86E250EF76403D008009C
:10A22000F55005D0F6C4E9F4F7C4EAF4EF500B6E2C
:10A230002F0E0B641EEFD1F020EFD1F064EFD1F0C0
:10A2400014C5F6F415C5F7F4000EF86E250EF76484
:10A2500003D00800F55005D0F6C4E9F4F7C4EAF4D9
:10A26000EF500B6E3A0E0B6038EFD1F03AEFD1F0B1
:10A2700064EFD1F0020E14240B6E000E15200C6E4C
:10A2800010500B1807E111500C18D8A44AEFD1F068
:10A290004CEFD1F064EFD1F014C5F6F415C5F7F426
:10A2A000000EF86E250EF76403D00800F55005D0B7
:10A2B000F6C4E9F4F7C4EAF4EF500B6ED00E0B24A9
:10A2C0000D6E0E6AFF0E0E220EBE71EFD1F00E5013
:10A2D00006E10D04D8B06FEFD1F071EFD1F07DEF52
:10A2E000D1F00DC512F50EC513F509C5D9F40AC58F
:10A2F000DAF410C5DEF411C5DDF412C509F513C595
:10A300000AF587EFD1F0000E0A6E000E096E1200FA
:10A3100015C51DF516C51EF51D501E10D8A493EFCA
:10A32000D1F095EFD1F099EFD1F0C70E1D6EFF0E71
:10A330001E6E000E206E000E1F6EA1EFD1F01F4AA0
:10A34000202A1F501D24176E20501E20186E17C57E
:10A35000F6F418C5F7F4000EF86E250EF76403D076
:10A360000800F55005D0F6C4E9F4F7C4EAF4EF505C
:10A370000009D8A4BEEFD1F0C0EFD1F09FEFD1F02B
:10A3800054BEC5EFD1F0C7EFD1F0DAEFD1F01F50D6
:10A39000535C5450800A176E2050800A1758D8B06A
:10A3A000D4EFD1F0D6EFD1F0DAEFD1F053C51FF5ED
:10A3B00054C520F51FC519F520C51AF551C51BF563
:10A3C00052C51CF557B0E7EFD1F0E9EFD1F025EF1A
:10A3D000D2F0F7EFD1F0000E0B6E200E0A6E13C50F
:10A3E0000CF514C50DF566ECEBF01F4A202A1B5046
:10A3F0001F5C2050800A176E1C50800A1758D8A086
:10A4000004EFD2F006EFD2F0EBEFD1F025EFD2F06F
:10A410001DC5F6F41EC5F7F4000EF86E250EF764A0
:10A4200003D00800F55005D0F6C4E9F4F7C4EAF407
:10A43000EF50176E17500A6E0B6A13C50CF514C552
:10A440000DF566ECEBF01D4A1E2A1906D8A01A0677
:10A45000192806E11A28D8A430EFD2F032EFD2F052
:10A4600008EFD2F057A037EFD2F039EFD2F056EF25
:10A47000D2F047EFD2F0000E0B6E200E0A6E13C51D
:10A480000CF514C50DF566ECEBF01F4A202A1B50A5
:10A490001F5C2050800A176E1C50800A1758D8A0E5
:10A4A00054EFD2F056EFD2F03BEFD2F01200506AE8
:10A4B000060120EE04F01C51D9261D51DA22DF508E
:10A4C000D8B465EFD2F067EFD2F023EFD3F0300EBF
:10A4D0001C250D6F000E1D210E6F20EE2CF01C515F
:10A4E000D9261D51DA22DEC40FF6DEC410F6DEC412
:10A4F00011F6DEC412F6000E146F010E136F20EE7B
:10A5000001F01C51D9261D51DA22DF507DECD8F024
:10A510000009D8A48EEFD2F090EFD2F021EFD3F063
:10A52000060120EE04F01C51D9261D51DA22DF6A03
:10A5300020EE18F01C51D9261D51DA2210EE20F021
:10A540001C51E1261D51E222E6C422F6E6C423F6A0
:10A55000E6C424F6E6C425F610EE2CF01C51E126E4
:10A560001D51E222E6C426F6E6C427F6E6C428F624
:10A57000E6C429F62251265D2A6F235127592B6FF5
:10A58000245128592C6F255129592D6FDE502A5DF1
:10A59000DE502B59DE502C59DE502D59D8B0D3EF58
:10A5A000D2F0D5EFD2F023EFD3F020EE03F01C5120
:10A5B000D9261D51DA22020EDE18D8A4E2EFD2F01D
:10A5C000E4EFD2F023EFD3F0300E1C250D6F000E18
:10A5D0001D210E6F20EE18F01C51D9261D51DA22D4
:10A5E000DEC41EF6DEC41FF6DEC420F6DEC421F68D
:10A5F00020EE2CF01C51D9261D51DA22DEC422F6A1
:10A60000DEC423F6DEC424F6DEC425F61E51222560
:10A610000F6F1F512321106F20512421116F2151E1
:10A620002521126F000E146F010E136F20EE01F042
:10A630001C51D9261D51DA22DF507DECD8F023EFD2
:10A64000D3F0010E506E505012000601F751040D68
:10A65000820EF324D96E090EF420DA6EDEC4B2F64F
:10A66000DDC4B3F6A9C6A0F6AAC6A1F6F1ECECF0DB
:10A670000601A051A111D8B440EFD3F042EFD3F0BE
:10A6800047EFD3F00601A969AA69EBEFD3F0B2C690
:10A6900053F6B3C654F6ABC655F6ACC656F6020E24
:10A6A000586F000E576FB50E596F060E5A6F79EC42
:10A6B0009AF00601B46FB451D8A461EFD3F063EF00
:10A6C000D3F06DEFD3F0020EB619B511D8B46BEF1D
:10A6D000D3F06DEFD3F07DEFD3F06C0E0501C36FB7
:10A6E000FB0EC46FB4C6C5F5C66BB5C6C7F5B6C616
:10A6F000C8F5DAECFBF042EFD3F007010151D8B412
:10A7000084EFD3F086EFD3F0C0EFD3F00351D8B489
:10A710008CEFD3F08EEFD3F0C0EFD3F0F7C6AFF6E7
:10A72000010E0601B06F000EB16FAF2B9BEFD3F09F
:10A73000D890B037B137AF2F98EFD3F0070104515D
:10A740000601B017070105510601B117B051B1114B
:10A75000D8A4ADEFD3F0AFEFD3F0C0EFD3F0DA0E63
:10A760000501EE6FFF0EEF6FABC6F0F5ACC6F1F56D
:10A77000020EF36F000EF26FB4ECF2F0E6EFD3F0DE
:10A780000601AD51AE11D8B4C8EFD3F0CAEFD3F083
:10A79000E6EFD3F01FC709F520C70AF521C70BF56F
:10A7A00022C70CF5E1ECFAF009C511F50AC512F55E
:10A7B0000BC513F50CC514F5ABC615F5ACC616F5EF
:10A7C000020E186E000E176E07ECEEF0000E06017A
:10A7D000AA6F000EA96F12001E0E266E210E276EA4
:10A7E00020EE10F02050D9262150DA22DEC409F5DF
:10A7F000DDC40AF520EE0EF02050D9262150DA22D1
:10A80000DEC40BF5DDC40CF5E1ECFAF009C522F568
:10A810000AC523F50BC524F50CC525F591EFD4F039
:10A8200020C509F521C50AF5F3ECFCF0B2EFD4F030
:10A8300015ECF9F0095026C5D9F427C5DAF4DF6E16
:10A8400022C511F523C512F524C513F525C514F548
:10A8500026C515F527C516F5000E186E010E176EE4
:10A8600007ECEEF020C509F521C50AF5E8ECFCF08F
:10A87000B2EFD4F007012B512C11D8B442EFD4F031
:10A8800044EFD4F05BEFD4F0000E0601F325D96E4F
:10A890000A0EF421DA6E10EE0DF02050E126215060
:10A8A000E222DFC4E7F420C509F521C50AF5E8EC8A
:10A8B000FCF0B2EFD4F020C509F521C50AF5FEEC95
:10A8C000FCF0B2EFD4F0D69E000E07012E6F000E02
:10A8D0002D6F000E0601F46F000EF36F000E0701DE
:10A8E0002C6F000E2B6FD68E53EFD4F022C511F5CE
:10A8F00023C512F524C513F525C514F526C515F590
:10A9000027C516F5000E186E010E176EACECEDF0B3
:10A9100026C5D9F427C5DAF4DF50DDECFCF053EF9F
:10A92000D4F020EE02F02050D9262150DA22DF5058
:10A93000030AD8B410EFD4F0070AD8B418EFD4F053
:10A94000010AD8B43AEFD4F0020AD8B463EFD4F0D5
:10A950000F0AD8B476EFD4F0010AD8B476EFD4F069
:10A9600053EFD4F012001E0E266E210E276E20EE3D
:10A9700010F02050D9262150DA22DEC409F5DDC4BA
:10A980000AF520EE0EF02050D9262150DA22DEC43E
:10A990000BF5DDC40CF5E1ECFAF009C522F50AC5AA
:10A9A00023F50BC524F50CC525F556EFD5F020C5CC
:10A9B00009F521C50AF5F3ECFCF077EFD5F062EC70
:10A9C000F9F0095026C5D9F427C5DAF4DF6E22C59F
:10A9D00011F523C512F524C513F525C514F526C5B3
:10A9E00015F527C516F5000E186E010E176E07EC4B
:10A9F000EEF020C509F521C50AF5E8ECFCF077EF8B
:10AA0000D5F055505610D8B408EFD5F00AEFD5F070
:10AA100021EFD5F0800E0601F525D96E0A0EF6213C
:10AA2000DA6E10EE0DF02050E1262150E222DFC454
:10AA3000E7F420C509F521C50AF5E8ECFCF077EF4D
:10AA4000D5F020C509F521C50AF5FEECFCF077EF3D
:10AA5000D5F0D69E000E0701306F000E2F6F000E4E
:10AA60000601F66F000EF56F000E566E000E556E65
:10AA7000D68E19EFD5F022C511F523C512F524C5E0
:10AA800013F525C514F526C515F527C516F5000ED1
:10AA9000186E010E176EACECEDF026C5D9F427C583
:10AAA000DAF4DF5009ECFDF019EFD5F020EE02F0FA
:10AAB0002050D9262150DA22DF50030AD8B4D7EF2C
:10AAC000D4F0070AD8B4DFEFD4F0010AD8B401EF0C
:10AAD000D5F0020AD8B429EFD5F00F0AD8B43BEF6D
:10AAE000D5F0010AD8B43BEFD5F019EFD5F012003C
:10AAF00054BE7DEFD5F07FEFD5F080EFD5F05792C3
:10AB000054BE87EFD5F085EFD5F08DEFD5F0000E70
:10AB1000326E010E316E91EFD5F053C531F554C54B
:10AB200032F551C533F552C534F5780E2918D8B42D
:10AB30009CEFD5F09EEFD5F0A4EFD5F0000E306E6F
:10AB4000410E2F6EA8EFD5F0000E306E610E2F6E05
:10AB50002FC52EF5000E376E4F0E366E0801C36BF3
:10AB6000F0EFD5F03606D8A0370625500F0B356E1E
:10AB70000A0E3560BEEFD5F0C0EFD5F0C4EFD5F0CA
:10AB8000300E3526C7EFD5F02E50F60F3526740E51
:10AB90003624D96E080E3720DA6E35C5DFF431065B
:10ABA000D8A032063306D8A0340625C52AF526C516
:10ABB0002BF527C52CF528C52DF5050EE5EFD5F0AD
:10ABC000D8902D322C322B322A32E82EE0EFD5F0FD
:10ABD0002AC525F52BC526F52CC527F52DC528F545
:10ABE00037BEFCEFD5F0375009E1020E365CD8A035
:10ABF000FCEFD5F0FEEFD5F02AEFD6F02550261069
:10AC000027102810D8A407EFD6F009EFD6F0B2EF3E
:10AC1000D5F032BE16EFD6F0325006E13104D8B08E
:10AC200014EFD6F016EFD6F0B2EFD5F034BE21EF28
:10AC3000D6F0345008E13304D8A021EFD6F023EF4A
:10AC4000D6F02AEFD6F057B228EFD6F02AEFD6F09A
:10AC5000B2EFD5F023C51AF524C51BF5740E3624C2
:10AC60001C6E080E37201D6E33C51EF534C51FF54A
:10AC70005FECF0F0120091C6D9F492C6DAF4DEC4AB
:10AC800095F6DDC496F691C653F692C654F6000EBC
:10AC90000601556F000E566F000E576F000E586F6D
:10ACA000C4ECB5F00601986F9851D8B45AEFD6F0BD
:10ACB0005CEFD6F060EFD6F006019851FCEFD6F0CD
:10ACC00095C62EF696C62FF620EE16F09151D9268F
:10ACD0009251DA22DEC430F6DEC431F6DEC432F63A
:10ACE000DEC433F601ECEBF00601986F9851D8B44E
:10ACF0007CEFD6F07EEFD6F080EFD6F05CEFD6F0AA
:10AD000020EE1AF09151D9269251DA22DEC493F640
:10AD1000DDC494F693C6D9F494C6DAF4DF50976F85
:10AD20009751D8A496EFD6F098EFD6F09CEFD6F0D6
:10AD3000040E986F5CEFD6F020EE04F09151D92606
:10AD40009251DA2210EE1AF09151E1269251E2224C
:10AD500000EE0BF0E650E926E550EA22EF503F0BFB
:10AD6000DF6E20EE1AF09151D9269251DA2210EEC0
:10AD70000BF0DE50E126DD50E222E7B6C2EFD6F05E
:10AD8000C4EFD6F0E5EFD6F020EE1AF09151D926B7
:10AD90009251DA22DEC409F5DDC40AF51C0E9125B4
:10ADA0000B6E000E92210C6E000E0E6E0B0E0D6ED1
:10ADB000CEECE9F009500A10D8A4E1EFD6F0E3EFA9
:10ADC000D6F0E5EFD6F05CEFD6F091C677F692C6F6
:10ADD00078F6000E06017A6F000E796F49ECAAF042
:10ADE0000601986F9851D8B4F8EFD6F0FAEFD6F084
:10ADF00060EFD6F05CEFD6F0120007017751040D3A
:10AE0000020EF324D96E080EF420DA6EDEC4BAF610
:10AE1000DDC4BBF699ECE0F00601A051A111D8B455
:10AE200014EFD7F016EFD7F01BEFD7F00601B1699A
:10AE3000B269BDEFD7F0BAC653F6BBC654F6000EE2
:10AE4000556F090E566F000E586F800E576FBD0E6E
:10AE5000596F060E5A6F79EC9AF00601BC6FBC511F
:10AE6000D8A435EFD7F037EFD7F041EFD7F0800E09
:10AE7000BD19BE11D8B43FEFD7F041EFD7F051EF75
:10AE8000D7F06C0E0501C36FFB0EC46FBCC6C5F5D1
:10AE9000C66BBDC6C7F5BEC6C8F5DAECFBF016EF4B
:10AEA000D7F007010151D8B458EFD7F05AEFD7F0D7
:10AEB00094EFD7F00351D8B460EFD7F062EFD7F03A
:10AEC00094EFD7F077C7B3F6010E0601B46F000E0A
:10AED000B56FB32B6FEFD7F0D890B437B537B32F2A
:10AEE0006CEFD7F0070104510601B41707010551B3
:10AEF0000601B517B451B511D8A481EFD7F083EF8F
:10AF0000D7F094EFD7F0DA0E0501EE6FFF0EEF6F7A
:10AF1000000EF06F090EF16F000EF36F800EF26FEE
:10AF2000B4ECF2F0B8EFD7F07DC709F57EC70AF5AB
:10AF30007BC70BF57CC70CF5E1ECFAF009C5B6F65A
:10AF40000AC5B7F60BC5B8F60CC5B9F6B6C611F505
:10AF5000B7C612F5B8C613F5B9C614F5000E156ECE
:10AF6000090E166E000E186E800E176E07ECEEF0CE
:10AF7000000E0601B26F000EB16F12000601C25141
:10AF8000C311D8A4C6EFD7F0C8EFD7F0CBEFD7F0F6
:10AF9000090E7CEFD8F0C40E946F060E956FC60EA6
:10AFA000966F060E976F000E986F00EC80F006010A
:10AFB000C86FC851D8A4DFEFD7F0E1EFD7F06DEF3D
:10AFC000D8F0C2C6D9F4C3C6DAF4C6C6DEF4C7C622
:10AFD000DDF4C2C699F6C3C69AF6C4C69BF6C5C6CA
:10AFE0009CF68BECC1F00601C86FC851D8A4FBEFEA
:10AFF000D7F0FDEFD7F062EFD8F020EE27F0C25186
:10B00000D926C351DA22DFBE08EFD8F00AEFD8F014
:10B010003AEFD8F020EE04F0C251D926C351DA221B
:10B02000DFA815EFD8F017EFD8F038EFD8F0C6C684
:10B0300010F5C7C611F520EE1AF0C251D926C3513A
:10B04000DA22DEC412F5DDC413F536ECF3F00601A6
:10B0500020EE06F0C251D926C351DA2210C5DEF423
:10B0600011C5DEF412C5DEF413C5DEF43AEFD8F0F4
:10B07000050EC86FC851D8A440EFD8F042EFD8F001
:10B0800062EFD8F020EE06F0C651D926C751DA2279
:10B0900010EE02F0C251E126C351E222DEC4E6F412
:10B0A000DDC4E5F4C2C653F6C3C654F6000E556FB0
:10B0B000000E566F000E576F000E586FC4ECB5F0BF
:10B0C0000601C86F040EC819D8A469EFD8F06BEF59
:10B0D000D8F06DEFD8F0050EC86FC851D8B473EF33
:10B0E000D8F075EFD8F07BEFD8F0C2C6D9F4C3C65C
:10B0F000DAF4DE6ADD6AC85112000601196F060132
:10B10000EFA585EFD8F087EFD8F09DEFD8F0AD0E22
:10B110000501C36FF80EC46F19C6C5F5C66B0FC61F
:10B12000C7F510C6C8F511C6C9F512C6CAF513C6CB
:10B13000CBF514C6CCF5DAECFBF0000E06011B6F64
:10B14000000E1A6F2FEFD9F00F51F8250501F26F9D
:10B1500006011051F9210501F36F06011151FA2181
:10B160000501F46F06011251FB210501F56F000E78
:10B17000F76F000EF66F0DC6F8F50EC6F9F5020E64
:10B18000FB6F000EFA6F22ECA8F00501F251F311EB
:10B19000D8B4CDEFD8F0CFEFD8F0EBEFD8F0060170
:10B1A000EF51F011D8B4D7EFD8F0D9EFD8F0E8EFDD
:10B1B000D8F0C70E0501C36FFB0EC46F0FC6C5F5EF
:10B1C00010C6C6F511C6C7F512C6C8F5DAECFBF015
:10B1D000010E3BEFD9F00601EFA5F1EFD8F0F3EF48
:10B1E000D8F024EFD9F0EFA7F8EFD8F0FAEFD8F0C5
:10B1F00024EFD9F0D40E0501D16FFF0ED26F0FC628
:10B2000015F610C616F611C617F612C618F6090E70
:10B21000D89006011537163717371837E82E08EF7C
:10B22000D9F015C6D3F516C6D4F517C6D5F518C688
:10B23000D6F50DC6D7F50EC6D8F5020E0501DA6FA4
:10B24000000ED96FB8ECDAF0010E06010F27000EE0
:10B25000102311231223020E0E271A4B1B2B1351FE
:10B260001A5D14511B59D8A038EFD9F03AEFD9F034
:10B27000A4EFD8F0000E120006011B6F0601EFA329
:10B2800044EFD9F046EFD9F05CEFD9F0810E05011B
:10B29000C36FF80EC46F1BC6C5F5C66B11C6C7F5E4
:10B2A00012C6C8F513C6C9F514C6CAF515C6CBF53E
:10B2B00016C6CCF5DAECFBF0000E06011D6F000E91
:10B2C0001C6FEEEFD9F01151F8250501F26F060160
:10B2D0001251F9210501F36F06011351FA210501FD
:10B2E000F46F06011451FB210501F56F000EF76F95
:10B2F000000EF66F0FC6F8F510C6F9F5020EFB6FDB
:10B30000000EFA6F32ECB2F00501F251F311D8B42D
:10B310008CEFD9F08EEFD9F0AAEFD9F00601EF51FA
:10B32000F011D8B496EFD9F098EFD9F0A7EFD9F093
:10B33000010E0501C36FFC0EC46F11C6C5F512C620
:10B34000C6F513C6C7F514C6C8F5DAECFBF0010E56
:10B35000FAEFD9F00601EFA3B0EFD9F0B2EFD9F0D0
:10B36000E3EFD9F0EFA7B7EFD9F0B9EFD9F0E3EFFA
:10B37000D9F0D40E0501D16FFF0ED26F11C617F6AA
:10B3800012C618F613C619F614C61AF6090ED89086
:10B3900006011737183719371A37E82EC7EFD9F0D3
:10B3A00017C6D3F518C6D4F519C6D5F51AC6D6F5FD
:10B3B0000FC6D7F510C6D8F5020E0501DA6F000EDC
:10B3C000D96FB8ECDAF0010E06011127000E122336
:10B3D00013231423020E10271C4B1D2B15511C5D2B
:10B3E00016511D59D8A0F7EFD9F0F9EFD9F063EF56
:10B3F000D9F0000E12001E0E0601DB6F200EDC6F6E
:10B40000FC0EC26F190EC36FCFC6C4F6D0C6C5F608
:10B41000010EC66FD1EC92F00601E36FE351D8B490
:10B4200014EFDAF016EFDAF01CEFDAF0E3C6CFF63D
:10B430000601D06BB7EFDAF0D1C6D7F6D2C6D8F690
:10B44000D3C6D9F6D4C6DAF626EE06F2D5C6E1F4AE
:10B45000D6C6E2F4DEC4E6F4DDC4E5F4E6C4DFF605
:10B46000E5C4E0F6020EDE6F000EDD6F82EFDAF06B
:10B47000FC0E536F190E546FDBC655F6DCC656F63C
:10B48000DDC657F6DEC658F6E10E596F060E5A6F46
:10B4900079EC9AF00601E36FE351D8A452EFDAF0A9
:10B4A00054EFDAF08BEFDAF0D7C611F5D8C612F503
:10B4B000D9C613F5DAC614F5DBC615F5DCC616F5E4
:10B4C000E1C617F5E2C618F507ECEEF00601E1510A
:10B4D000D727E251D823000ED923000EDA23E151F9
:10B4E000DF5FE251E05BDD51DF5DDE51E059D8B056
:10B4F0007CEFDAF07EEFDAF082EFDAF0DFC6DDF62D
:10B50000E0C6DEF6DF51E011D8A489EFDAF08BEF68
:10B51000DAF038EFDAF0E351D8A491EFDAF093EFF4
:10B52000DAF0AEEFDAF03E0E0501C36FFA0EC46F2B
:10B53000CFC6C5F5D0C6C6F5D1C6C7F5D2C6C8F5C3
:10B54000D3C6C9F5D4C6CAF5D5C6D9F4D6C6DAF479
:10B55000DEC4CBF5DDC4CCF5DAECFBF0FC0E060165
:10B56000446F190E456FA0ECF7F016EFDAF01200F9
:10B57000D7C5EEF5D8C5EFF50F0E0501D925DB6F60
:10B58000000EDA21DC6FF00EDB15D96FFF0EDC1533
:10B59000DA6F000EF16F000EF06F65EFDBF00F0E4B
:10B5A000F015DB6F000EF115DC6FDB51DC11D8A458
:10B5B000DCEFDAF0DEEFDAF0F4EFDAF0A40EC36FCE
:10B5C000FF0EC46FD1C5C5F5D2C5C6F5F051D32560
:10B5D000C76FF151D421C86F000ED521C96F000E7D
:10B5E000D621CA6FDAECFBF0CE0E0501C36FFF0E59
:10B5F000C46FF051EE25D96EF151EF21DA6EDF50B4
:10B60000DB6FDB51C56FC66BDAECFBF00501F05167
:10B61000EE25D96EF151EF21DA6E1F0EDF6413EFC4
:10B62000DBF015EFDBF039EFDBF0F051EE25D96EF2
:10B63000F151EF21DA6E7F0EDF6021EFDBF023EFB7
:10B64000DBF039EFDBF0F051EE25D96EF151EF214F
:10B65000DA6E0F0EF015DB6F000EF115DC6FDD0EEC
:10B66000DB25E16E050EDC21E26EDFC4E7F447EF77
:10B67000DBF00F0EF015DB6F000EF115DC6FDD0E49
:10B68000DB25D96E050EDC21DA6E2E0EDF6E0F0E75
:10B69000F015DB6F000EF115DC6F0F0EDB19DC11FE
:10B6A000D8A455EFDBF057EFDBF062EFDBF0ED6B8A
:10B6B0007F0EC36FFF0EC46FDD0EC56F050EC66F24
:10B6C000DAECFBF00501F04BF12BD951F05DDA51CA
:10B6D000F159D8A06EEFDBF070EFDBF0CFEFDAF0CE
:10B6E0001200D3C5EAF5D4C5EBF50F0E0501D5253B
:10B6F000D76F000ED621D86FF00ED715D56FFF0E7D
:10B70000D815D66F000EED6F000EEC6F16EFDCF063
:10B710000F0EEC15D76F000EED15D86FD751D8115D
:10B72000D8A495EFDBF097EFDBF0A5EFDBF0BF0ED1
:10B73000C36FFF0EC46FD1C5C5F5D2C5C6F5ECC544
:10B74000C7F5EDC5C8F5DAECFBF0CE0E0501C36F09
:10B75000FF0EC46FEC51EA25D96EED51EB21DA6E84
:10B76000DF50D76FD751C56FC66BDAECFBF0050120
:10B77000EC51EA25D96EED51EB21DA6E1F0EDF6434
:10B78000C4EFDBF0C6EFDBF0EAEFDBF0EC51EA25CB
:10B79000D96EED51EB21DA6E7F0EDF60D2EFDBF078
:10B7A000D4EFDBF0EAEFDBF0EC51EA25D96EED5196
:10B7B000EB21DA6E0F0EEC15D76F000EED15D86F7A
:10B7C000D90ED725E16E050ED821E26EDFC4E7F46D
:10B7D000F8EFDBF00F0EEC15D76F000EED15D86FFC
:10B7E000D90ED725D96E050ED821DA6E2E0EDF6E52
:10B7F0000F0EEC15D76F000EED15D86F0F0ED71981
:10B80000D811D8A406EFDCF008EFDCF013EFDCF081
:10B81000E96B7F0EC36FFF0EC46FD90EC56F050EA7
:10B82000C66FDAECFBF00501EC4BED2BD551EC5D6E
:10B83000D651ED59D8A01FEFDCF021EFDCF088EFF6
:10B84000DBF01200800E0701186F8D0E196F010ECC
:10B850001A6F63ECFDF070ECFAF08AECE8F06F0E12
:10B860000501C36FF60EC46FDAECFBF0CC0E0501D8
:10B87000C36F070EC46FE30EC56FFE0EC66F620E78
:10B88000C76F070EC86F9EECF8F0CC0E0601CF6FA5
:10B89000070ED06F000ED16FF50ED26F070ED36F6B
:10B8A000000ED46FEC0ED56F070ED66FFBECD9F0FF
:10B8B000CFC6EAF7D0C6EBF70701EA51EB11D8A4DF
:10B8C00064EFDCF066EFDCF0BCEFDCF0CC0E0501E1
:10B8D000C36F070EC46F5F0EC56FFF0EC66F620E9B
:10B8E000C76F070EC86F9EECF8F0CC0E0601CF6F45
:10B8F000070ED06F000ED16F290ED26F000ED36FDE
:10B90000000ED46FEC0ED56F070ED66FFBECD9F09E
:10B91000CFC6EAF7D0C6EBF70701EA51EB11D8A47E
:10B9200094EFDCF096EFDCF0BCEFDCF0CC0E050120
:10B93000C36F070EC46FF30EC56FFE0EC66F620EA7
:10B94000C76F070EC86F9EECF8F0CC0E0601CF6FE4
:10B95000070ED06F000ED16F040ED26F000ED36FA2
:10B96000000ED46FEC0ED56F070ED66FFBECD9F03E
:10B97000CFC6EAF7D0C6EBF70701EA51EB11D8B40E
:10B98000C4EFDCF0C6EFDCF0CFEFDCF0390E0501E0
:10B99000C36FFC0EC46FDAECFBF0CDEFDCF01200ED
:10B9A0002EC61CF62FC61DF657ECD2F00009D8B4EF
:10B9B000DCEFDCF0DEEFDCF0E1EFDCF0010E77EF46
:10B9C000DDF02EC615F52FC616F530C617F531C6B3
:10B9D00018F532C619F533C61AF59BECEAF015C511
:10B9E00038F616C539F617C53AF618C53BF60601FE
:10B9F00020EE2CF02E51D9262F51DA2238C6DEF453
:10BA000039C6DEF43AC6DEF43BC6DEF4300E2E252F
:10BA1000096E000E2F210A6E000E0C6E000E0B6ECA
:10BA2000020E0E6E000E0D6EC5ECFAF0300E060121
:10BA30002E25366F000E2F21376F000E3D6F010E41
:10BA40003C6F000E3F6F000E3E6F2CEFDDF00601E5
:10BA50003C513E273D513F2320EE0AF02E51D9267E
:10BA60002F51DA22DE503E5DDE503F59D8B03BEF19
:10BA7000DDF03DEFDDF062EFDDF036C60DF637C6E6
:10BA80000EF63E5138250F6F3F513921106F000ED1
:10BA90003A21116F000E3B21126F3CC613F63DC6D2
:10BAA00014F620EE01F02E51D9262F51DA22DF5064
:10BAB0007DECD8F00009D8B460EFDDF062EFDDF086
:10BAC00027EFDDF0060120EE0AF02E51D9262F5186
:10BAD000DA223E51DE1807E13F51DE18D8A473EF99
:10BAE000DDF076EFDDF0010E77EFDDF0000E1200F5
:10BAF00091C6D9F492C6DAF4DEC498F6DDC499F69C
:10BB000091C653F692C654F6000E0601556F000E0C
:10BB1000566F000E576F000E586FC4ECB5F006015B
:10BB20009C6F9C51D8A497EFDDF099EFDDF012EFF8
:10BB3000DEF0000E9B6F000E9A6F98C62EF699C627
:10BB40002FF620EE16F09151D9269251DA22DEC45A
:10BB500030F6DEC431F6DEC432F6DEC433F601EC74
:10BB6000EBF006019C6F9C51D8B4B9EFDDF0BBEF50
:10BB7000DDF0BDEFDDF012EFDEF020EE1AF09151B6
:10BB8000D9269251DA22DEC495F6DDC496F695C622
:10BB9000D9F496C6DAF4E50EDE18D8B4D2EFDDF0AB
:10BBA000D4EFDDF0EAEFDDF020EE1AF09151D92666
:10BBB0009251DA22DEC495F6DDC496F695C6D9F424
:10BBC00096C6DAF4DF50D8A4E8EFDDF0EAEFDDF056
:10BBD000FAEFDDF09A4B9B2B93519A1907E19451A0
:10BBE0009B19D8A4F6EFDDF0F8EFDDF0FEEFDDF005
:10BBF00012EFDEF0000E9B6F000E9A6F91C677F683
:10BC000092C678F6000E7A6F010E796F49ECAAF0B1
:10BC100006019C6F9C51D8B410EFDEF012EFDEF0FD
:10BC20009DEFDDF0040E9C19D8A419EFDEF01BEF98
:10BC3000DEF01DEFDEF0070E9C6F9C511200A5EFA9
:10BC4000DEF062ECF9F020EE01F02050D926215010
:10BC5000DA2209C5DFF4C0EFDEF020EE01F020505B
:10BC6000D9262150DA22DF5009ECFDF0C0EFDEF0DA
:10BC700020EE01F02050D9262150DA2255505610DE
:10BC8000D8A445EFDEF048EFDEF0010E49EFDEF01C
:10BC9000000EDF6EC0EFDEF01E0E236E200E246E4F
:10BCA00020EE01F02050D9262150DA22DF50226EFA
:10BCB0002250256E266A20EE04F02050D92621500D
:10BCC000DA22DEC409F5DDC40AF520EE02F02050C8
:10BCD000D9262150DA22DEC40BF5DDC40CF5E1ECE7
:10BCE000FAF009C511F50AC512F50BC513F50CC517
:10BCF00014F523C515F524C516F525C517F526C574
:10BD000018F5ACECEDF091EFDEF023C5D9F424C5C5
:10BD1000DAF4DF5009ECFDF0234A242A2506D8A0E6
:10BD2000260625502610D8A498EFDEF09AEFDEF014
:10BD300085EFDEF0C0EFDEF0000E07012A6F000E87
:10BD4000296F73ECFDF0C0EFDEF020C5D9F421C5FA
:10BD5000DAF4DF50010AD8B421EFDEF0030AD8B4D8
:10BD60002DEFDEF0010AD8B438EFDEF0070AD8B4C0
:10BD70004CEFDEF0010AD8B49CEFDEF0C0EFDEF04D
:10BD800020C5D9F421C5DAF4DF6A1200060120EEDD
:10BD900014F0B751D926B851DA22DEC423F7DDC436
:10BDA00024F720EE12F0B751D926B851DA22DEC4BA
:10BDB000BBF6DDC4BCF65AEFDFF0B7C6A9F6B8C6CD
:10BDC000AAF610ECCFF00601A951AA11D8B4EBEFF6
:10BDD000DEF0EDEFDEF0FBEFDEF020EE12F0B7511B
:10BDE000D926B851DA22BB51DE5EBC51DD5AB769A3
:10BDF000B86968EFDFF0B7C6A9F6B8C6AAF61E0E96
:10BE0000AB6F1C0EAC6F000EAE6F000EAD6F25EC6D
:10BE1000D3F00601A951AA11D8B411EFDFF013EF46
:10BE2000DFF01FEFDFF020EE12F0B751D926B85146
:10BE3000DA22BB51DE5EBC51DD5AF7EFDEF0000EB8
:10BE4000BE6F000EBD6F1E0EBD25D96E1C0EBE212D
:10BE5000DA6E1E0EBD25E16E1E0EBE21E26EDE50B4
:10BE6000E618D8B436EFDFF038EFDFF044EFDFF05C
:10BE700020EE12F0B751D926B851DA22BB51DE5E5E
:10BE8000BC51DD5AF7EFDEF0BD4BBE2B020EBE19E2
:10BE9000BD11D8A44EEFDFF050EFDFF023EFDFF05D
:10BEA000BB07D8A0BC07200E07011F27000E2023C8
:10BEB000234B242B0601BB51BC11D8A462EFDFF049
:10BEC00064EFDFF0DDEFDEF0000EB86F000EB76F4D
:10BED0001200000184838481886B8B6B8599868333
:10BEE00086810501D505D8A478EFDFF07AEFDFF081
:10BEF0007EEFDFF00001849580EFDFF000018485A4
:10BF00000501D651D8A487EFDFF089EFDFF08FEF7E
:10BF1000DFF00001859F858D859B9EEFDFF0D00EC1
:10BF2000C36FF90EC46FC20EC56FFE0EC66FD6C5C5
:10BF3000C7F5C86BDAECFBF09CEFDFF08C6BD6EF4B
:10BF4000DFF0020E00018C6F020E896F01EFE0F04E
:10BF50000F0E0001896F01EFE0F0070E0001896FFD
:10BF600001EFE0F0050E0001896F01EFE0F0040E33
:10BF70000001896F01EFE0F0030E0001896F01EF0E
:10BF8000E0F0020E0001896F01EFE0F0FB0EC36FDD
:10BF9000F70EC46FC20EC56FFE0EC66FD3C5C7F5D0
:10BFA000D4C5C8F5DAECFBF001EFE0F0D3C5D7F566
:10BFB000D4C5D8F50501D851000AD8B4E2EFDFF0B6
:10BFC000C6EFDFF0D751000AD8B4A1EFDFF0010AC5
:10BFD000D8B4A8EFDFF0030AD8B4ADEFDFF0010A60
:10BFE000D8B4B2EFDFF0070AD8B4B7EFDFF0010A38
:10BFF000D8B4BCEFDFF0030AD8B4C1EFDFF0C6EF6E
:10C00000DFF01200010E1424206E000E1520216EA8
:10C01000070E236EBC0E226E22C50EF523C50FF54A
:10C0200028ECF2F00EC51CF50FC51DF56D0E1C2495
:10C03000246E010E1D20256E2050245C21502558B1
:10C04000D8A025EFE0F027EFE0F029EFE0F031EFA6
:10C05000E0F02450205E2550215A224A232A0CEF7A
:10C06000E0F0D00E225C070E2358D8A03AEFE0F0A3
:10C070003CEFE0F042EFE0F0D00E225E070E235AD4
:10C0800046EFE0F06C0E225E070E235A16C5D9F477
:10C0900017C5DAF422C5DEF423C5DDF4000E1F6EE9
:10C0A000000E1E6ED8901E34F66E1F34F76E190EF9
:10C0B000F626F60EF722F86A000EF8220900F5C4FB
:10C0C00024F50A00F5C425F51E041F10D8A46BEF53
:10C0D000E0F06DEFE0F071EFE0F01C5024261D5011
:10C0E00025222050245C21502558D8A07AEFE0F07A
:10C0F0007CEFE0F07EEFE0F086EFE0F02450205E91
:10C100002550215A1E4A1F2A52EFE0F01E4A1F2ACC
:10C1100018C5D9F419C5DAF41EC5DEF41FC5DDF45F
:10C120001AC5D9F41BC5DAF420C5DEF421C5DDF447
:10C13000120007017751040D020EF324D96E080E88
:10C14000F420DA6EDEC4AEF6DDC4AFF67751040D2E
:10C15000020EF324D96E080EF420DA6EDE50DE10E3
:10C16000D8A4B5EFE0F0B7EFE0F0BCEFE0F00601E7
:10C17000A069A16926EFE1F07751040D000EF324C8
:10C18000D96E080EF420DA6EDEC4A2F6DDC4A3F682
:10C1900078510601A46FA56BA251A403F3C4A6F6BF
:10C1A000F4C4A7F6A503F350A727A351A403F350A3
:10C1B000A727070179510601A62707017A51060131
:10C1C000A723FF0EA625A86FFF0EA721A96FA8C65B
:10C1D000AAF6A9C6ABF6AC6BAD6BAEC677F6AFC62A
:10C1E00078F6AAC6A2F6ABC6A3F6ACC6A4F6ADC650
:10C1F000A5F6070ED890A237A337A437A537E82EA7
:10C20000FAEFE0F0A2C679F6A3C67AF6A4C67BF6EA
:10C21000A5C67CF6D0EC8EF00601B06FB051D8B454
:10C2200014EFE1F016EFE1F022EFE1F0000E05016E
:10C23000C36FFE0EC46FB0C6C5F5C66BDAECFBF07B
:10C24000B7EFE0F0000EA16F000EA06F120096EFA6
:10C25000E1F062ECF9F009500701706FAEEFE1F028
:10C26000705109ECFDF0AEEFE1F055505610D8A436
:10C270003CEFE1F03FEFE1F0010E40EFE1F0000EA6
:10C28000706FAEEFE1F01E0E0501D16F200ED26F80
:10C2900070C7D3F5D46B73C709F574C70AF571C7B6
:10C2A0000BF572C70CF5E1ECFAF009C511F50AC5FA
:10C2B00012F50BC513F50CC514F5D1C515F5D2C58E
:10C2C00016F5D3C517F5D4C518F5ACECEDF076EF3F
:10C2D000E1F0D1C5D9F4D2C5DAF4DF5009ECFDF0B4
:10C2E0000501D14BD22BD307D8A0D4070501D351D8
:10C2F000D411D8A47EEFE1F080EFE1F069EFE1F036
:10C30000AEEFE1F0000E2A6F000E296F73ECFDF026
:10C31000AEEFE1F08A0E0501C36FFC0EC46F6FC76C
:10C32000C5F5C66BDAECFBF0AEEFE1F007016F513B
:10C33000010AD8B429EFE1F0030AD8B430EFE1F0F4
:10C34000010AD8B435EFE1F0070AD8B443EFE1F0C1
:10C35000030AD8B482EFE1F08AEFE1F007016F6BD6
:10C360001200000E0A6E400E096E000E0C6E0B0ECF
:10C370000B6EE1ECFAF009C522F50AC523F50BC5F1
:10C3800024F50CC525F522C511F523C512F524C5E4
:10C3900013F525C514F55A0E156E080E166E000E0F
:10C3A000186E1A0E176E07ECEEF01A0E2226000E0B
:10C3B00023222422252222C511F523C512F524C5E6
:10C3C00013F525C514F55A0E156E080E166E000EDF
:10C3D000186E1A0E176E07ECEEF01A0E2226000EDB
:10C3E00023222422252222C511F523C512F524C5B6
:10C3F00013F525C514F5400E156E080E166E000EC9
:10C40000186E1A0E176E07ECEEF01A0E2226000EAA
:10C4100023222422252222C511F523C512F524C585
:10C4200013F525C514F5400E156E080E166E000E98
:10C43000186E1A0E176E07ECEEF020EE0DF020507D
:10C44000D9262150DA22040EDF6E20EE12F02050A1
:10C45000D9262150DA22030EDE6E000EDD6E20EEAC
:10C4600014F02050D9262150DA22400EDE6E000E44
:10C47000DD6E120020EE10F02850D9262950DA2265
:10C48000DEC409F5DDC40AF520EE0EF02850D926E9
:10C490002950DA22DEC40BF5DDC40CF5E1ECFAF02C
:10C4A00009C52AF50AC52BF50BC52CF50CC52DF5CC
:10C4B000A3EFE2F028C509F529C50AF5F3ECFCF075
:10C4C000C0EFE2F0A19E2AC511F52BC512F52CC5CF
:10C4D00013F52DC514F57F0E156E070E166E000EA2
:10C4E000186E060E176E07ECEEF0A18E28C509F542
:10C4F00029C50AF5E8ECFCF0C0EFE2F028C509F523
:10C5000029C50AF5FEECFCF0C0EFE2F0A19E2AC5B9
:10C5100011F52BC512F52CC513F52DC514F57F0E9D
:10C52000156E070E166E000E186E060E176EACEC2A
:10C53000EDF075EFE2F028C509F529C50AF5E8EC3C
:10C54000FCF0C0EFE2F020EE02F02850D92629508E
:10C55000DA22DF50030AD8B45AEFE2F0070AD8B45F
:10C5600062EFE2F0010AD8B47EEFE2F00D0AD8B42F
:10C5700086EFE2F0010AD8B486EFE2F09BEFE2F03A
:10C580001200126A10BEC9EFE2F0C7EFE2F0D3EF7B
:10C59000E2F0101E0F1E0E1E0D6C000E0E220F225A
:10C5A0001022010E126E0CBEDAEFE2F0D8EFE2F0CC
:10C5B000E4EFE2F00C1E0B1E0A1E096C000E0A22AC
:10C5C0000B220C22010E121A000E136E000E146EB6
:10C5D000000E156E000E166E0D500E100F1010107E
:10C5E000D8B4F5EFE2F0F7EFE2F02DEFE3F0010E53
:10C5F000116E01EFE3F0D8900D360E360F3610367F
:10C60000112A10AE06EFE3F008EFE3F0FBEFE2F0E3
:10C61000D89013361436153616360D50095C0E5068
:10C620000A580F500B5810500C58D8A01AEFE3F0CE
:10C630001CEFE3F025EFE3F00D50095E0E500A5AAF
:10C640000F500B5A10500C5A1380D89010320F32E2
:10C650000E320D32112E08EFE3F01250D8B433EF42
:10C66000E3F035EFE3F03DEFE3F0161E151E141E68
:10C67000136C000E14221522162213C509F514C5D9
:10C680000AF515C50BF516C50CF512000B340C3464
:10C69000126E1250D8A44FEFE3F051EFE3F05BEFCE
:10C6A000E3F0000E096E000E0A6E000E0B6E000E17
:10C6B0000C6EC8EFE3F009C50DF50AC50EF50BC504
:10C6C0000FF50CC510F5200E6BEFE3F0D89010328B
:10C6D0000F320E320D32E82E66EFE3F00D50116E80
:10C6E0000B8EFF0E0916FF0E0A16FF0E0B16000E1C
:10C6F0000C16960E125E12BE82EFE3F080EFE3F0AE
:10C7000098EFE3F01250800A970FD8B08AEFE3F069
:10C710008CEFE3F08EEFE3F051EFE3F0D8900C32C2
:10C720000B320A320932123E8EEFE3F0B0EFE3F043
:10C730001F0E12649EEFE3F0A0EFE3F0A8EFE3F02A
:10C7400051EFE3F0D89009360A360B360C36120654
:10C750001250D8A4AEEFE3F0B0EFE3F0A2EFE3F0B5
:10C760001150D8B4B6EFE3F0B8EFE3F0C0EFE3F068
:10C770000C1E0B1E0A1E096C000E0A220B220C2234
:10C7800009C509F50AC50AF50BC50BF50CC50CF56D
:10C790001200000E37143F6E000E3814406E800EEB
:10C7A0003914416E7F0E3A14426E3F5040104110D2
:10C7B0004210D8A4DEEFE3F0E0EFE3F0E8EFE3F0BF
:10C7C000000E376E000E386E000E396E000E3A6E97
:10C7D000000E3B143F6E000E3C14406E800E3D1464
:10C7E000416E7F0E3E14426E3F5040104110421089
:10C7F000D8A4FDEFE3F0FFEFE3F007EFE4F0000E65
:10C800003B6E000E3C6E000E3D6E000E3E6E3AAE6C
:10C810000CEFE4F00EEFE4F017EFE4F0376C381EA5
:10C82000D8B0382A391ED8B0392A800E3A563EAED2
:10C830001CEFE4F01EEFE4F027EFE4F03B6C3C1E4D
:10C84000D8B03C2A3D1ED8B03D2A800E3E56000E80
:10C85000371A000E381A000E391A800E3A1A000ED6
:10C860003B1A000E3C1A000E3D1A800E3E1A3B5039
:10C87000375C3C5038583D5039583E503A58D8B043
:10C8800044EFE4F046EFE4F049EFE4F0D8904AEFEB
:10C89000E4F0D8801200090E0501DB6FD151D211EE
:10C8A000D8B455EFE4F057EFE4F0ABEFE4F0D1C5C6
:10C8B000D9F4D2C5DAF4DE50DE10D8B462EFE4F079
:10C8C00064EFE4F0ABEFE4F0D1C5D9F4D2C5DAF40B
:10C8D000DEC4D5F5DDC4D6F5D5C5D9F4D6C5DAF4B0
:10C8E000DF50D8B476EFE4F078EFE4F0ABEFE4F0AB
:10C8F000D1C5D9F4D2C5DAF410EE06F0DE50E12647
:10C90000DD50E22220EE02F0D151D926D251DA22B6
:10C91000E650DE1807E1E650DE18D8A492EFE4F006
:10C9200094EFE4F0ABEFE4F0D1C5D9F4D2C5DAF47A
:10C9300010EE01F0DE50E126DD50E222E75076EC09
:10C94000F3F00501D56FD5B1A8EFE4F0AAEFE4F05C
:10C95000ABEFE4F0DB6BDB51D8B4B1EFE4F0B3EF55
:10C96000E4F0B9EFE4F0000ED96F000EDA6FC1EF1A
:10C97000E4F0D1C5D9F4D2C5DAF4DEC4D9F5DDC40A
:10C98000DAF5D3C5D9F4D4C5DAF4D9C5DEF4DAC5FD
:10C99000DDF4DB5112000AC713F50BC714F50CC701
:10C9A00015F50DC716F509C513F50AC514F50BC520
:10C9B00015F50CC516F513C50DF514C50EF515C501
:10C9C0000FF516C510F5180EEBEFE4F0D890103205
:10C9D0000F320E320D32E82EE6EFE4F00D50116EFC
:10C9E000126A11501210D8A4F8EFE4F0FAEFE4F054
:10C9F0001AEFE5F0D89013340D6E14340E6E153422
:10CA00000F6E1634106E0D500E100F101010D8A4AB
:10CA10000CEFE5F00EEFE5F014EFE5F0000E0A6E16
:10CA2000020E096E49EFE5F0000E0A6E030E096E64
:10CA300049EFE5F011281210D8A421EFE5F023EF1B
:10CA4000E5F045EFE5F013C50DF514C50EF515C578
:10CA50000FF516C510F5090ED8900D360E360F36A7
:10CA60001036E82E2CEFE5F00D500E100F101010C0
:10CA7000D8B43DEFE5F040EFE5F0010E41EFE5F011
:10CA8000000E096E0A6A49EFE5F0000E0A6E040E08
:10CA9000096E1200A0EFE5F020EE12F00950D92641
:10CAA0000A50DA22160EDE6E000EDD6E20EE0DF05C
:10CAB0000950D9260A50DA22F00EDF6EB9EFE5F000
:10CAC00020EE12F00950D9260A50DA22300EDE6E1E
:10CAD000000EDD6E20EE0DF00950D9260A50DA2244
:10CAE000F00EDF6EB9EFE5F020EE12F00950D92616
:10CAF0000A50DA224A0EDE6E000EDD6E20EE0DF0D8
:10CB00000950D9260A50DA22F80EDF6EB9EFE5F0A7
:10CB100020EE12F00950D9260A50DA22640EDE6E99
:10CB2000000EDD6E20EE0DF00950D9260A50DA22F3
:10CB3000F80EDF6EB9EFE5F009680A68C7EFE5F0B7
:10CB400020EE01F00950D9260A50DA22DF50000AFF
:10CB5000D8B44CEFE5F0010AD8B460EFE5F0030A71
:10CB6000D8B474EFE5F0010AD8B488EFE5F09CEF93
:10CB7000E5F020EE14F00950D9260A50DA22400ED2
:10CB8000DE6E000EDD6E000E0A6E000E096E1200E3
:10CB9000C4C6C8F6C5C6C9F6C80E096E060E0A6E2A
:10CBA000B9ECD0F009C5CCF60AC5CDF60601CDBF6B
:10CBB000DEEFE5F0DCEFE5F0E1EFE5F00B0E44EF42
:10CBC000E6F0D890CC35D96ECD35DA6EED0ED9269B
:10CBD000060EDA22DEC4CAF6DDC4CBF6CA51CB118A
:10CBE000D8B4F5EFE5F0F7EFE5F007EFE6F0D89011
:10CBF000CC35D96ECD35DA6EED0ED926060EDA2299
:10CC0000DE6ADD6ACAC6D9F4CBC6DAF4DF6AC2517D
:10CC1000C311D8B40EEFE6F010EFE6F02AEFE6F01D
:10CC200020EE01F0C251D926C351DA22CCC6DFF47E
:10CC3000C2C6D9F4C3C6DAF4DF6AD890CC35D96E4F
:10CC4000CD35DA6EED0ED926060EDA22C2C6DEF436
:10CC5000C3C6DDF4C651D8A430EFE6F032EFE6F0FB
:10CC600035EFE6F0000E44EFE6F0C40E946F060ECA
:10CC7000956FC20E966F060E976F000E986F00ECC0
:10CC800080F00601C76FC7511200260EF66EF40E33
:10CC9000F76E010EF86E02EE80F110EE40F0090022
:10CCA000F5C4EEF4E550E150FAE14E0EF66EE90EF1
:10CCB000F76E010EF86E02EE00F010EE74F009004F
:10CCC000F5C4EEF4E550E150FAE1960EF66EFA0E78
:10CCD000F76E010EF86E01EEF2F310EE0EF00900A1
:10CCE000F5C4EEF4E550E150FAE1DE0EF66EFA0E10
:10CCF000F76E010EF86E01EEF8F210EE04F0090086
:10CD0000F5C4EEF4E550E150FAE102EE00F315EE61
:10CD10001EF3EE6AE550E150FCE1E250FAE102EE6A
:10CD200000F210EE00F1EE6AE550E150FCE1E25055
:10CD3000FAE102EE00F1800EEE6AE806FDE102EE95
:10CD400074F0500EEE6AE806FDE101EE00F3890E84
:10CD5000EE6AE806FDE101EEE8F2100EEE6AE80682
:10CD6000FDE101EE51F1070EEE6AE806FDE1040176
:10CD7000080E5D6F000E5E6F000E5F6F000178EFB2
:10CD8000C0F0126A0CBEC9EFE6F0C7EFE6F0D3EFD1
:10CD9000E6F00C1E0B1E0A1E096C000E0A220B2266
:10CDA0000C22010E126E10BEDAEFE6F0D8EFE6F0BC
:10CDB000E2EFE6F0101E0F1E0E1E0D6C000E0E228E
:10CDC0000F2210220D500E100F101010D8B4EBEFE0
:10CDD000E6F0EDEFE6F01DEFE7F0010E116EF7EF74
:10CDE000E6F0D8900D360E360F361036112A10AEFA
:10CDF000FCEFE6F0FEEFE6F0F1EFE6F00D50095C37
:10CE00000E500A580F500B5810500C58D8A00BEF6A
:10CE1000E7F00DEFE7F015EFE7F00D50095E0E506B
:10CE20000A5A0F500B5A10500C5AD89010320F3229
:10CE30000E320D32112EFEEFE6F01250D8B423EF71
:10CE4000E7F025EFE7F02DEFE7F00C1E0B1E0A1EB2
:10CE5000096C000E0A220B220C2209C509F50AC52D
:10CE60000AF50BC50BF50CC50CF512009EC6D1F5E5
:10CE70009FC6D2F5A20E0501D36F060ED46F4BEC00
:10CE8000E4F00601A46FA451D8A449EFE7F04BEFFA
:10CE9000E7F0A7EFE7F0A051A111D8A452EFE7F017
:10CEA00054EFE7F066EFE7F09EC653F69FC654F6E0
:10CEB000000E556F000E566F000E576F000E586F24
:10CEC000C4ECB5F00601A46FA7EFE7F09EC691F69B
:10CED0009FC692F6000E946F000E936FE7ECCFF0B2
:10CEE0000601A46F040EA419D8A479EFE7F07BEF34
:10CEF000E7F07CEFE7F0A46BA451D8A482EFE7F051
:10CF000084EFE7F0A7EFE7F09EC616F59FC617F58A
:10CF1000A0C618F5A1C619F5C0ECC7F09EC677F6F5
:10CF20009FC678F6000E06017A6F000E796F49EC05
:10CF3000AAF00601A46F040EA419D8A4A2EFE7F08A
:10CF4000A4EFE7F0A7EFE7F0A46BA7EFE7F0A45199
:10CF500012009DC6D9F49EC6DAF4DEC49FF6DDC485
:10CF6000A0F69DC691F69EC692F6000E0601946F3D
:10CF7000010E936F78ECDDF00601A16FA151D8A4EA
:10CF8000C4EFE7F0C6EFE7F018EFE8F09FC62EF623
:10CF9000A0C62FF620EE16F09D51D9269E51DA221A
:10CFA000DEC430F6DEC431F6DEC432F6DEC433F65B
:10CFB00001ECEBF00601A16FA151D8A4E2EFE7F07C
:10CFC000E4EFE7F018EFE8F020EE1AF09D51D926D3
:10CFD0009E51DA22DEC409F5DDC40AF5000E0C6E9E
:10CFE000000E0B6E000E0E6E200E0D6EC5ECFAF0EC
:10CFF000060120EE1AF09D51D9269E51DA22DEC498
:10D0000009F5DDC40AF51C0E9D250B6E000E9E2150
:10D010000C6E000E0E6E0B0E0D6EC6ECF8F00601D7
:10D0200020EE04F09F51D926A051DA22010EDF6EC6
:10D03000A15112000B6E350EF66EF60EF76E000E55
:10D04000F86E0900F5500B5CD8A029EFE8F02BEF43
:10D05000E8F085EFE8F0360EF66EF60EF76E000E8D
:10D06000F86E0B500900F55CD8A039EFE8F03BEF03
:10D07000E8F041EFE8F0000E0A6E010E096E89EF4C
:10D08000E8F0370EF66EF60EF76E000EF86E090039
:10D09000F5500B5CD8A04FEFE8F051EFE8F063EFEC
:10D0A000E8F0380EF66EF60EF76E000EF86E0B50C6
:10D0B0000900F55CD8A05FEFE8F061EFE8F063EFFE
:10D0C000E8F03BEFE8F0390EF66EF60EF76E000E64
:10D0D000F86E0900F5500B5CD8A071EFE8F073EF23
:10D0E000E8F085EFE8F03A0EF66EF60EF76E000EF9
:10D0F000F86E0B500900F55CD8A081EFE8F083EFE3
:10D10000E8F085EFE8F03BEFE8F0000E0A6E000E65
:10D11000096E1200000E0501D56F000ED46FB9EC38
:10D12000F6F00009D8B497EFE8F099EFE8F0A2EF35
:10D13000E8F0BA0E0501C36FFD0EC46FDAECFBF028
:10D14000F3EFE8F0660E0501C36FFE0EC46FDAEC74
:10D15000FBF0D30E096E050E0A6ED00EEEECF5F064
:10D16000020AD8A4B6EFE8F0B8EFE8F0C1EFE8F0B3
:10D17000230E0501C36FFF0EC46FDAECFBF0CDEF99
:10D18000E8F0130E0501C36FFF0EC46FDAECFBF07D
:10D19000000E0501D56F010ED46F0D0E0501C36F92
:10D1A000FD0EC46FDAECFBF00D0E096E440EEEECD2
:10D1B000F8F0020AD8A4DFEFE8F0E1EFE8F0EAEFD8
:10D1C000E8F0230E0501C36FFF0EC46FDAECFBF02D
:10D1D000F3EFE8F0130E0501C36FFF0EC46FDAEC36
:10D1E000FBF00501D483D4C5D1F5D5C5D2F5120025
:10D1F0001AC514F51BC515F573ECF7F014C524F525
:10D2000015C525F5020E1C181D10D8A40AEFE9F06B
:10D210000CEFE9F019EFE9F01D0E1E181F10D8A44D
:10D2200014EFE9F016EFE9F019EFE9F02406D8A0C1
:10D2300025061CC509F51DC50AF51EC50BF51FC53C
:10D240000CF530ECF4F009C526F50AC527F5275092
:10D2500007E13C0E265CD8B030EFE9F032EFE9F0A0
:10D2600044EFE9F01AC50EF51BC50FF528ECF2F0F6
:10D270000E500F10D8B43FEFE9F041EFE9F044EF62
:10D28000E9F02406D8A025066D0E206E010E216E51
:10D2900020501A02F3C422F5F4C423F51B02F35004
:10D2A000232621501A02F3502326245022262550EB
:10D2B00023222650222627502322F30E22241A6EE0
:10D2C000F80E23201B6E12000E6E0D685EECFDF052
:10D2D00002019699948D0E50FE0B8F6F010E8D6F8B
:10D2E00009C58CF2948BA9ECFAF00009D8A47BEF65
:10D2F000E9F07DEFE9F0C4EFE9F0020199AB83EFCB
:10D30000E9F085EFE9F07DEFE9F0A9ECFAF000092A
:10D31000D8A48DEFE9F08FEFE9F0C4EFE9F0020156
:10D3200094A795EFE9F097EFE9F08FEFE9F00E5051
:10D3300001098F6F0AC58DF2949D9A9F948BA9EC79
:10D34000FAF00009D8A4A7EFE9F0A9EFE9F0C4EFDB
:10D35000E9F00D6ABCEFE9F099A1B1EFE9F0B3EFA4
:10D36000E9F0BCEFE9F00BC5D9F40CC5DAF48BC2D7
:10D37000DFF40B4A0C2A0D2A02019AAFC2EFE9F042
:10D38000C4EFE9F0ACEFE9F0020198BBCAEFE9F0B5
:10D39000CCEFE9F0C4EFE9F00D50120009C511F52A
:10D3A0000AC512F50BC513F50CC514F5DFEFE9F04E
:10D3B0000D06D8A00E06114A122A134A142A0D503F
:10D3C0000E10D8B4E6EFE9F0E8EFE9F007EFEAF085
:10D3D00011C5D9F412C5DAF4DF500F6E13C5F6F497
:10D3E00014C5F7F4000EF86E250EF76403D008009C
:10D3F000F55005D0F6C4E9F4F7C4EAF4EF500F187D
:10D40000D8B405EFEAF007EFEAF0D8EFE9F00D50F5
:10D410000E10D8A40EEFEAF010EFEAF016EFEAF0E3
:10D42000000E0A6E000E096E34EFEAF011C5D9F451
:10D4300012C5DAF4DF500F6E13C5F6F414C5F7F415
:10D44000000EF86E250EF76403D00800F55005D0E5
:10D45000F6C4E9F4F7C4EAF4EF50106E10500F5C14
:10D46000096E0A6AD8A00A061200000E116E000E9C
:10D47000106E09C5D9F40AC5DAF4DEC4F6F4DDC4C9
:10D48000F7F4000EF86E0800F5502A0AD8A44BEF06
:10D49000EAF04DEFEAF080EFEAF009C5D9F40AC5E9
:10D4A000DAF4DE2A000EDD220BC5D9F40CC5DAF45D
:10D4B000DFC40DF5020EDE26DFC40EF5000EDD2200
:10D4C0000DC5D9F40EC5DAF4DEC410F5DDC411F5CE
:10D4D00096EFEAF00A0E1002F3C40DF5F4C40EF54F
:10D4E0001102F3500E260F500D24106E000E0E2068
:10D4F000116E09C5D9F40AC5DAF4DE2A000EDD2260
:10D5000009C5D9F40AC5DAF4DEC4F6F4DDC4F7F4CB
:10D51000000EF86E0800F550D00F0F6E090E0F6464
:10D5200094EFEAF096EFEAF06AEFEAF010C509F539
:10D5300011C50AF51200020E175E000E185A195A8C
:10D540001A5A20EE14F01550D9261650DA22FE0E83
:10D55000DE241B6EFF0EDE201C6EFF0EDE201D6E15
:10D56000FF0EDE201E6E1B50175C1C5018581D50FD
:10D5700019581E501A58D8A0C0EFEAF0C2EFEAF0CE
:10D58000CCEFEAF0000E156E000E166E000E176E50
:10D59000000E186E00EFEBF020EE28F01550D926A3
:10D5A0001650DA22DEC41BF5DEC41CF5DEC41DF500
:10D5B000DEC41EF520EE0AF01550D9261650DA22E8
:10D5C000DEC41FF5DDC420F51FC509F520C50AF529
:10D5D0000B6A0C6A17C50DF518C50EF519C50FF5C0
:10D5E0001AC510F551ECF5F01B500924156E1C50AE
:10D5F0000A20166E1D500B20176E1E500C20186E40
:10D6000012000601386B20EE2CF02E51D9262F5136
:10D61000DA223051DE180FE13151DE180CE13251BF
:10D62000DE1809E13351DE18D8B419EFEBF01BEF27
:10D63000EBF064EFEBF02EC61CF62FC61DF657EC90
:10D64000D2F00601386F3851D8A429EFEBF02BEF58
:10D65000EBF064EFEBF0300E2E250F6F000E2F2154
:10D66000106F30C611F631C612F632C613F633C645
:10D6700014F6000E166F010E156F20EE01F02E51FC
:10D68000D9262F51DA22DF503CECD9F00009D8B46A
:10D690004CEFEBF04EEFEBF055EFEBF0060130699D
:10D6A000316932693369010E386F060120EE2CF0C2
:10D6B0002E51D9262F51DA2230C6DEF431C6DEF4DF
:10D6C00032C6DEF433C6DEF4385112000C500D10B1
:10D6D000D8B46DEFEBF06FEFEBF078EFEBF00C50B0
:10D6E0000D10D8A476EFEBF078EFEBF07DEFEBF0D8
:10D6F0000A5009ECFDF0CAEFEBF020EE09F00C50F7
:10D70000D9260D50DA22DE50DE10D8B48AEFEBF0C5
:10D710008CEFEBF0A7EFEBF020EE09F00C50D926E0
:10D720000D50DA2210EE02F00C50E1260D50E222EC
:10D73000DE50E65CE650800A126EDE50800A125817
:10D74000D8B0A5EFEBF0A7EFEBF0CAEFEBF020EECF
:10D7500002F00C50D9260D50DA22DEC40EF5DDC4DD
:10D760000FF50CC5D9F40DC5DAF4DEC410F5DDC42F
:10D7700011F50E501024D96E0F501120DA6E0AC523
:10D78000DFF420EE02F00C50D9260D50DA22DE2A0A
:10D79000000EDD22120051505210D8A4D2EFEBF04F
:10D7A000D4EFEBF0DAEFEBF051C519F552C51AF5ED
:10D7B000E0EFEBF0FF0E5124196EFF0E52201A6EAF
:10D7C00057A0E5EFEBF0E7EFEBF0F0EFEBF015C56E
:10D7D0000AF50B6A13C50CF514C50DF566ECEBF0F4
:10D7E0001ABEF5EFEBF0F7EFEBF0F9EFEBF0FDEF32
:10D7F000EBF0000E1A6E000E196E000E186E000E81
:10D80000176E0FEFECF0000E0B6E200E0A6E13C5B4
:10D810000CF514C50DF566ECEBF0174A182A1950F3
:10D82000175C1850800A166E1A50800A1658D8A035
:10D830001CEFECF01EEFECF003EFECF057B023EF31
:10D84000ECF025EFECF02EEFECF015C50AF50B6AC5
:10D8500013C50CF514C50DF566ECEBF012000BC505
:10D8600014F50CC515F50D501424126E0E5015202C
:10D87000136E81EFECF009500AC50FF5106E0F50D2
:10D88000096E10C50AF514C5D9F415C5DAF4DF50D0
:10D890000F6E0F50091A144A152A09C50FF50AC54B
:10D8A00010F5040E116ED89010320F32112E53EF76
:10D8B000ECF00F0E0F16000E10160F50091A105034
:10D8C0000A1A09C50FF50AC510F50C0ED8900F36C7
:10D8D0001036E82E66EFECF00F50091A10500A1AB5
:10D8E000FF0E09140F6E000E0A14106E050ED8906C
:10D8F0000F361036E82E77EFECF00F50091A105063
:10D900000A1A1250145C13501558D8A08AEFECF084
:10D910008CEFECF03BEFECF009C509F50AC50AF510
:10D92000120070ECFAF08AECE8F0D1C5D8F5D2C557
:10D93000D9F5C3EFECF0FC0EC36FFF0EC46F0C0EF5
:10D94000C56FFB0EC66FDAECFBF011ECFCF0740E49
:10D950000701156FC40E166F010E176FDEEFECF0A6
:10D96000FC0EC36FFF0EC46FD90EC56FF80EC66FE5
:10D97000DAECFBF0860E0701156F7C0E166F010EB8
:10D98000176FDEEFECF0D8C5D6F5D9C5D7F5050190
:10D99000D751000AD8B4CFEFECF0DEEFECF0D6515F
:10D9A000000AD8B49BEFECF0010AD8B4B0EFECF069
:10D9B000030AD8B49BEFECF0DEEFECF0FC0E0501AF
:10D9C000C36FFF0EC46FA90EC56FFB0EC66FDAECF6
:10D9D000FBF0D80E0701126FA70E136F010E146F24
:10D9E00012000601F751040D820EF324D96E090EC0
:10D9F000F420DA6EDEC4A6F6DDC4A7F6F751040DF6
:10DA0000820EF324D96E090EF420DA6EDE50DE1099
:10DA1000D8A40DEFEDF00FEFEDF014EFEDF00601EF
:10DA2000A069A1694FEFEDF0A6C677F6A7C678F614
:10DA3000070123510601A26F070124510601A36FBC
:10DA4000A46BA56B090ED890A237A337A437A537CE
:10DA5000E82E23EFEDF0A2C679F6A3C67AF6A4C6A7
:10DA60007BF6A5C67CF6D0EC8EF00601A86FA85117
:10DA7000D8B43DEFEDF03FEFEDF04BEFEDF0000EE1
:10DA80000501C36FFE0EC46FA8C6C5F5C66BDAEC00
:10DA9000FBF00FEFEDF0000EA16F000EA06F120073
:10DAA00020EE03F00950D9260A50DA22DF500D6E1D
:10DAB0000D50126E136A146A156A20EE02F00950B6
:10DAC000D9260A50DA22DF500D6E0D5012C50FF51F
:10DAD00013C510F514C511F50E6A0E10126E0F5015
:10DAE000136E1050146E1150156E20EE01F0095097
:10DAF000D9260A50DA22DF500D6E0D5012C50FF5EF
:10DB000013C510F514C511F50E6A0E10126E0F50E4
:10DB1000136E1050146E1150156E09C5D9F40AC554
:10DB2000DAF4DF500D6E0D5012C50FF513C510F568
:10DB300014C511F50E6A0E10126E0F50136E1050B0
:10DB4000146E1150156E12C509F513C50AF514C5EA
:10DB50000BF515C50CF5120011C51CF512C51DF508
:10DB600013C51EF514C51FF5BE98000E1B6E000EE2
:10DB70001A6EFAEFEDF0C76A1CC5BFF41DC5C1F4FB
:10DB80001EB0C5EFEDF0C8EFEDF0BE80C9EFEDF0CF
:10DB9000BE901EC519F5D89019321930D8B0D3EF00
:10DBA000EDF0D6EFEDF0BE82D7EFEDF0BE921EC5E0
:10DBB00019F5D8901932D89019321930D8B0E3EF4E
:10DBC000EDF0E6EFEDF0BE84E7EFEDF0BE94C08A35
:10DBD000C09AC768010E1C26000E1D221E221F229D
:10DBE0001A501524D96E1B501620DA6ECFC4DFF4FC
:10DBF0001A4A1B2A17501A5C18501B58D8A003EF5A
:10DC0000EEF005EFEEF0BBEFEDF0BE88120011C5AF
:10DC10001CF512C51DF513C51EF514C51FF5C76A01
:10DC2000000E1B6E000E1A6E55EFEEF01CC5BFF411
:10DC30001DC5C1F41EB01FEFEEF022EFEEF0BE8066
:10DC400023EFEEF0BE901EC519F5D89019321930A9
:10DC5000D8B02DEFEEF030EFEEF0BE8231EFEEF007
:10DC6000BE921EC519F5D8901932D89019321930C4
:10DC7000D8B03DEFEEF040EFEEF0BE8441EFEEF0B5
:10DC8000BE94C08AC09ABE961A501524D96E1B50F5
:10DC90001620DA6EDF50BF6EBE861A4A1B2A010EAE
:10DCA0001C26000E1D221E221F2217501A5C18501F
:10DCB0001B58D8A05EEFEEF060EFEEF016EFEEF03E
:10DCC000C7681200266EE8C62EF5E9C62FF5265065
:10DCD0004009276E23C528F522C529F521C52AF557
:10DCE00020C52BF5270E096E050E0A6E000E0C6E70
:10DCF000050E0B6EF5ECF2F001092C6E2EC50DF53C
:10DD00002FC50EF544ECFCF02EC513F52FC514F508
:10DD1000000E166E010E156E17ECF7F02EC509F504
:10DD20002FC50AF5270E0B6E050E0C6E000E0E6E3B
:10DD3000060E0D6E95ECF1F0EAC61AF5EBC61BF572
:10DD4000FF0EAAECF9F02D6E24C5D9F425C5DAF43E
:10DD50002DC5DFF42D28D8A4B0EFEEF0B2EFEEF031
:10DD6000B8EFEEF0000E216E010E206EBCEFEEF06B
:10DD7000000E216E000E206E1200060120EE14F03F
:10DD8000B751D926B851DA22DEC423F7DDC424F70F
:10DD900020EE12F0B751D926B851DA22DEC4B9F616
:10DDA000DDC4BAF604EFEFF0B7C6A9F6B8C6AAF616
:10DDB0001E0EAB6F1E0EAC6F000EAE6F010EAD6F80
:10DDC00025ECD3F00601A951AA11D8B4EAEFEEF080
:10DDD000ECEFEEF0FAEFEEF020EE12F0B751D926AC
:10DDE000B851DA22B951DE5EBA51DD5AB769B86965
:10DDF00012EFEFF0B907D8A0BA07200E07011F27CE
:10DE0000000E2023234B242B0601B951BA11D8A4AC
:10DE10000CEFEFF00EEFEFF0D4EFEEF0000EB86F76
:10DE2000000EB76F1200000E0914116E000E0A14D6
:10DE3000126E800E0B14136E7F0E0C14146E1150A4
:10DE4000121013101410D8A428EFEFF02AEFEFF0FF
:10DE500032EFEFF0000E096E000E0A6E000E0B6E30
:10DE6000000E0C6E000E0D14116E000E0E14126ECC
:10DE7000800E0F14136E7F0E1014146E11501210BA
:10DE800013101410D8A447EFEFF049EFEFF051EF63
:10DE9000EFF0000E0D6E000E0E6E000E0F6E000EF7
:10DEA000106E0D5009180FE10E500A180CE10F50BA
:10DEB0000B1809E110500C18D8B461EFEFF063EFC4
:10DEC000EFF066EFEFF0D89067EFEFF0D880120038
:10DED000BBECF5F00401119D0201176BC09CC89CBE
:10DEE00004012193C282CA921181C090C890018717
:10DEF000BE86C6960189BE88C6982185C284CA940A
:10DF0000119FC08EC89E150E0201656F100E666FC0
:10DF1000020E0001D56F040ED86F050ED96F350EB5
:10DF2000DA6F7F0EDB6F020EDC6F080EDD6FDE6BCB
:10DF3000200EDF6FD76B850ED66F67ECFDF0040106
:10DF40000B910B930B95020E616E686A000E646E66
:10DF5000070E636E000E6C6E030E6B6E000E6E6E1F
:10DF6000050E6D6E6A6A840E696E180E0201186FD6
:10DF70004CECF8F012000501D46F010E0501D56FCD
:10DF8000D3EFEFF0D56BEAEFEFF0550EC36FF80E5D
:10DF9000C46FD4C5C5F5C66BD1C5C7F5C86BDAEC7F
:10DFA000FBF0EAEFEFF0D151000AD8B4C2EFEFF086
:10DFB000010AD8B4C5EFEFF0030AD8B4C5EFEFF00B
:10DFC000010AD8B4C5EFEFF0070AD8B4C5EFEFF0F7
:10DFD000C5EFEFF00601EF51F011D8B4F2EFEFF01A
:10DFE000F4EFEFF00AEFF0F0A60E0501C36FF60EA6
:10DFF000C46FD4C5C5F5C66BD1C5C7F5C86BD2C54E
:10E00000C9F5D3C5CAF5CB6BCC6BD5C5CDF5CE6BF9
:10E01000DAECFBF00501D5511200000E116E000E76
:10E02000126E000E136E000E146E0D500E100F10B7
:10E030001010D8B41EEFF0F020EFF0F056EFF0F033
:10E04000010E156E2AEFF0F0D8900D360E360F3611
:10E050001036152A10AE2FEFF0F031EFF0F024EF6C
:10E06000F0F0D89011361236133614360D50095C84
:10E070000E500A580F500B5810500C58D8A043EFB0
:10E08000F0F045EFF0F04EEFF0F00D50095E0E505D
:10E090000A5A0F500B5A10500C5A1180D890103257
:10E0A0000F320E320D32152E31EFF0F011C509F599
:10E0B00012C50AF513C50BF514C50CF5120057A0CF
:10E0C00064EFF0F066EFF0F070EFF0F01CC513F5C0
:10E0D0001DC514F51AC515F51BC516F5F1ECF9F0BB
:10E0E0001FBE77EFF0F075EFF0F07BEFF0F0000E71
:10E0F0001F6E000E1E6E000E226E000E216E8DEF42
:10E10000F0F0000E0B6E200E0A6E1AC50CF51BC542
:10E110000DF566ECEBF0214A222A1E50215C2250BC
:10E12000800A206E1F50800A2058D8A09AEFF0F085
:10E130009CEFF0F081EFF0F057B0A1EFF0F0A3EF1B
:10E14000F0F0ADEFF0F01CC513F51DC514F51AC5C0
:10E1500015F51BC516F5F1ECF9F012000B6E310E3A
:10E16000F66EF60EF76E000EF86E0900F5500B5CB9
:10E17000D8A0BDEFF0F0BFEFF0F0F7EFF0F0320E07
:10E18000F66EF60EF76E000EF86E0B500900F55C99
:10E19000D8A0CDEFF0F0CFEFF0F0D5EFF0F0000E1B
:10E1A0000A6E010E096EFBEFF0F0330EF66EF60EFE
:10E1B000F76E000EF86E0900F5500B5CD8A0E3EF87
:10E1C000F0F0E5EFF0F0F7EFF0F0340EF66EF60E4B
:10E1D000F76E000EF86E0B500900F55CD8A0F3EF57
:10E1E000F0F0F5EFF0F0F7EFF0F0CFEFF0F0000E19
:10E1F0000A6E000E096E1200060120EE14F0B351F3
:10E20000D926B451DA22DEC423F7DDC424F720EE88
:10E2100012F0B351D926B451DA22DEC4B5F6DDC40A
:10E22000B6F63BEFF1F0B3C6A9F6B4C6AAF610EC09
:10E23000CFF00601A951AA11D8B421EFF1F023EFD4
:10E24000F1F031EFF1F020EE12F0B351D926B451D4
:10E25000DA22B551DE5EB651DD5AB369B46949EFD1
:10E26000F1F0B507D8A0B607200E07011F27000E52
:10E270002023234B242B0601B551B611D8A443EF1C
:10E28000F1F045EFF1F013EFF1F0000EB46F000E76
:10E29000B36F12000D6E0E685EECFDF002019699F0
:10E2A000949D0D50FE0B8F6F0A288D6F09C58CF25F
:10E2B000948BA9ECFAF00009D8A461EFF1F063EFB8
:10E2C000F1F08BEFF1F00E6A83EFF1F099AB6BEFA9
:10E2D000F1F06DEFF1F083EFF1F00BC5D9F40CC55F
:10E2E000DAF4DF508C6F0B4A0C2A0E2AA9ECFAF0F4
:10E2F0000009D8B47EEFF1F080EFF1F083EFF1F098
:10E300000E688BEFF1F002019AAF89EFF1F08BEF1D
:10E31000F1F066EFF1F0020198BB91EFF1F093EFAD
:10E32000F1F08BEFF1F00E5012000BC511F50CC59A
:10E3300012F50D500E10D8A4A0EFF1F0A2EFF1F0FD
:10E34000A4EFF1F0DEEFF1F00E500001836F0DC588
:10E3500082F011C5D9F412C5DAF4DF50816F114A89
:10E36000122A000E106E010E0F6ECAEFF1F011C5E9
:10E37000D9F412C5DAF4DF50816F114A122AB1A024
:10E38000C4EFF1F0C6EFF1F0BFEFF1F00001805102
:10E390000F4A102A0D500F5C0E501058D8A0D3EF22
:10E3A000F1F0D5EFF1F0B7EFF1F0B1A0DAEFF1F065
:10E3B000DCEFF1F0D5EFF1F0000180511200000E1A
:10E3C0000701266F000E256F26BFF0EFF1F02651F2
:10E3D00009E1140E255DD8A0F0EFF1F0F2EFF1F0B5
:10E3E000FBEFF1F0510E0501C36FFF0EC46FDAECC5
:10E3F000FBF0F9EFF1F0000E0501DA6F000ED96FB6
:10E40000000EDC6F020EDB6F000EDE6F640EDD6F40
:10E41000DBECA0F00501D951DA11D8A412EFF2F02B
:10E4200014EFF2F016EFF2F027EFF2F0110E050103
:10E43000E96F3C0EE86FCB0EE82EFED7E82FFCD735
:10E44000E92FFAD70701254B262BE4EFF1F0120054
:10E45000000E136E000E126E030E0E14106E000EE0
:10E460000F14116E10501110D8A439EFF2F03BEFD9
:10E47000F2F052EFF2F00EC509F50FC50AF5000EE5
:10E480000C6E640E0B6E87ECF6F009500A10D8B4CF
:10E490004CEFF2F04EEFF2F052EFF2F0000E136E8E
:10E4A000010E126E0EC509F50FC50AF5010E0C6EB0
:10E4B000900E0B6E87ECF6F009500A10D8A463EFAB
:10E4C000F2F065EFF2F069EFF2F0000E136E010E5C
:10E4D000126E12C50EF513C50FF512000B6E000E6D
:10E4E0000E6E000E0D6E0BC50DF50C6A0E500F0B67
:10E4F000096E0A6A030E0926000E0A220ABE8AEF76
:10E50000F2F00A5009E1080E095CD8A08AEFF2F097
:10E510008CEFF2F08EEFF2F0030E0E260E50F00BA1
:10E52000096E0A6A300E0926000E0A220ABEA2EF00
:10E53000F2F00A5009E1800E095CD8A0A2EFF2F0D7
:10E54000A4EFF2F0A6EFF2F0300E0E26D8900D36C2
:10E550000E360C2A070E0C64B0EFF2F0B2EFF2F0B8
:10E5600076EFF2F00E501200EEC5D1F5EFC5D2F500
:10E57000F0C5D3F5F1C5D4F5F2C5D5F5F3C5D6F59B
:10E5800071ECDBF00501F86BF0C5F4F5F1C5F5F5BC
:10E59000000EF76F000EF66FD8EFF2F0F4C5D9F465
:10E5A000F5C5DAF4DF50F827F44BF52BF64BF72BD3
:10E5B000F251F65DF351F759D8A0E1EFF2F0E3EF35
:10E5C000F2F0CEEFF2F0A20EC36FFD0EC46FEEC5F7
:10E5D000C5F5EFC5C6F5000EC76FFC0EC86FF8C5D0
:10E5E000C9F5CA6BDAECFBF01200116A09C512F525
:10E5F0000AC513F50B5012240D6E0C5013200E6E2D
:10E6000029EFF3F012C5D9F413C5DAF4DF50111A6B
:10E61000124A132A000E106E000E0F6E11AE13EF89
:10E62000F3F015EFF3F017EFF3F0890E111AD8900D
:10E6300011360F4A102A10BE27EFF3F0105009E1EF
:10E64000080E0F5CD8A027EFF3F029EFF3F00EEFE0
:10E65000F3F00D50125C0E501358D8A032EFF3F0C7
:10E6600034EFF3F002EFF3F0115012001A0E1224FF
:10E67000096E000E13200A6E19ECFBF009C518F59F
:10E680000AC519F51A6A1B6A10C5D9F411C5DAF45E
:10E69000030EDE18D8A44FEFF3F051EFF3F06DEF57
:10E6A000F3F0140E1224096E000E13200A6E19ECFA
:10E6B000FBF00950146E0A50156E166A176A15C5DC
:10E6C00017F514C516F5156A146A1450181215506A
:10E6D000191216501A1217501B1218C510F519C529
:10E6E00011F51AC512F51BC513F51200506E5050E6
:10E6F000D8B47DEFF3F07FEFF3F093EFF3F0060182
:10E70000EF51F011D8B487EFF3F089EFF3F090EF09
:10E71000F3F0E90E0501C36FFD0EC46FDAECFBF0F8
:10E72000020EB5EFF3F00601F8290AE1F92908E134
:10E73000FA2906E1FB29D8A4A0EFF3F0A2EFF3F049
:10E74000B4EFF3F0EF51F011D8B4A9EFF3F0ABEF61
:10E75000F3F090EFF3F08C0E0501C36FFE0EC46F63
:10E76000DAECFBF090EFF3F0000E1200386EE8C622
:10E7700039F5E9C63AF534C53DF535C53EF530C540
:10E7800020F531C521F532C522F533C523F53DC548
:10E7900024F53EC525F5385062ECEEF020C53BF57A
:10E7A00021C53CF53B503C10D8B4D9EFF3F0DBEF7A
:10E7B000F3F0DFEFF3F0B1ECFBF0F3EFF3F039C57A
:10E7C00009F53AC50AF5010E3D240B6E000E3E20F8
:10E7D0000C6EFF0E36240D6EFF0E37200E6E89EC88
:10E7E000B7F0B1ECFBF01200FAEFF3F0094A0A2A95
:10E7F0000B4A0C2A09C5D9F40AC5DAF4DF500D6EAC
:10E800000BC5F6F40CC5F7F4000EF86E0800F550D1
:10E810000D18D8A40EEFF4F010EFF4F01CEFF4F0A4
:10E8200009C5D9F40AC5DAF4DF50D8A41AEFF4F018
:10E830001CEFF4F0F6EFF3F009C5D9F40AC5DAF4E9
:10E84000DF500D6E0BC5F6F40CC5F7F4000EF86E34
:10E850000800F5500D5C096E0A6AD8A00A0612007D
:10E86000000E106E000E0F6E000E126E000E116E76
:10E8700052EFF4F0D8901134F66E1234F76E190E90
:10E88000F626F60EF722F86A000EF8220900F5C403
:10E890000DF50900F5C40EF50D500F260E5010228F
:10E8A000114A122AFF0E09240D6EFF0E0A200E6E69
:10E8B0000D50115C0E501258D8A061EFF4F063EFC8
:10E8C000F4F03AEFF4F00B500F260C5010220FC565
:10E8D00009F510C50AF512000701766B0F0E776572
:10E8E00074EFF4F076EFF4F07AEFF4F009680A6868
:10E8F000A6EFF4F07751040D000EF324D96E080E44
:10E90000F420DA6EDE50DE10D8A489EFF4F08BEF3D
:10E91000F4F08DEFF4F076EFF4F07751040D000E83
:10E92000F324D96E080EF420DA6E7951DE5C7A5148
:10E93000DE58D8B09EEFF4F0A0EFF4F0A2EFF4F0C0
:10E9400076EFF4F0000E0A6E000E096E12001A0047
:10E9500000001A0000001A0000001A000000000069
:10E960000000000000000000000000000000800027
:10E970000000800000008000000080000000000017
:10E9800000000000000000000000644000000000E3
:10E99000000000000000000000000208010002006A
:10E9A00002C04EF80800FC0000000000000000005B
:10E9B000000000000201010002E000400BF009002D
:10E9C0002400000E0F6E000E0E6E0B500C10D8B40B
:10E9D000ECEFF4F0EEEFF4F016EFF5F0010E0D6E43
:10E9E000F6EFF4F0D8900B360C360D2A0CAEFBEF98
:10E9F000F4F0FDEFF4F0F2EFF4F0D8900E360F36AD
:10EA00000B50095C0C500A58D8A009EFF5F00BEF39
:10EA1000F5F010EFF5F00B50095E0C500A5A0E801D
:10EA2000D8900C320B320D2EFDEFF4F00EC509F527
:10EA30000FC50AF5120009C5D9F40AC5DAF40BC5E9
:10EA4000DFF4094A0A2A0CC50BF50DC50CF50EC5F5
:10EA50000DF50E6A09C5D9F40AC5DAF40BC5DFF461
:10EA6000094A0A2A0CC50BF50DC50CF50EC50DF5A6
:10EA70000E6A09C5D9F40AC5DAF40BC5DFF4094AF0
:10EA80000A2A0CC50BF50DC50CF50EC50DF50E6A61
:10EA900009C5D9F40AC5DAF40BC5DFF4094A0A2A14
:10EAA0001200000E116E000E126E000E136E000E9C
:10EAB000146E09A05EEFF5F060EFF5F068EFF5F089
:10EAC0000D5011260E5012220F50132210501422F6
:10EAD000D8900D360E360F361036D8900C320B32D9
:10EAE0000A32093209500A100B100C10D8A47BEF1F
:10EAF000F5F07DEFF5F059EFF5F011C509F512C508
:10EB00000AF513C50BF514C50CF51200B19E18C318
:10EB100001F519C302F5070127510124016E28519F
:10EB20000220026E01C518F302C519F3842B3C0EB6
:10EB30008419D8A49EEFF5F0A0EFF5F0B9EFF5F049
:10EB4000846B812B3C0E8119D8A4A9EFF5F0ABEFB3
:10EB5000F5F0B9EFF5F0816B822B180E8219D8A46D
:10EB6000B4EFF5F0B6EFF5F0B9EFF5F0826B7F4B4F
:10EB7000802B836B1100080E0001B16F0401006B44
:10EB8000086B106B186B209120932095C280CA905F
:10EB9000019BBE8AC69A119BC09AC89A010E0201B7
:10EBA000D56FA00ED46FD189D18BC68E070E766F2C
:10EBB000BE8CC69C260E076FD28F04010969BF6AFE
:10EBC000C76A1969C16AC96A0181BE80C69001839A
:10EBD000BE82C6920185BE84C69412000B6E5EECA6
:10EBE000FDF002019699949D0B5001098F6F010E63
:10EBF0008D6F948BA9ECFAF00009D8B402EFF6F00F
:10EC000004EFF6F008EFF6F0020E0C6E17EFF6F0D8
:10EC1000020199A10EEFF6F010EFF6F008EFF6F012
:10EC200009C5D9F40AC5DAF48BC2DFF40C6A020113
:10EC300098BB1DEFF6F01FEFF6F017EFF6F00C5053
:02EC40001200C0
:10EC4400C7C205F5110E0518D8A42BEFF6F02DEF69
:10EC5400F6F034EFF6F0000E07012A6F010E296F6B
:10EC640054EFF6F0565007E1800E555CD8B03DEFF6
:10EC7400F6F03FEFF6F054EFF6F0800E07012F2583
:10EC8400D96E0A0E3021DA6E05C5DFF4010E2F2588
:10EC9400036E000E3021046E7F0E03142F6F306B51
:10ECA400554A562A11000CC509F50DC50AF550EC54
:10ECB400FBF009500A10D8B462EFF6F064EFF6F0F6
:10ECC4006EEFF6F00CC509F50DC50AF5A6ECFCF0DF
:10ECD4000C680D6886EFF6F020EE0EF00C50D92685
:10ECE4000D50DA22DEC421F7DDC422F720EE10F045
:10ECF4000C50D9260D50DA22DEC41FF7DDC420F7EC
:10ED0400000E0D6E000E0C6E12000B500C10D8B4D9
:10ED14008EEFF6F090EFF6F0B4EFF6F0010E0D6E14
:10ED240098EFF6F0D8900B360C360D2A0CAE9DEF0A
:10ED3400F6F09FEFF6F094EFF6F00B50095C0C50F0
:10ED44000A58D8A0A8EFF6F0AAEFF6F0AEEFF6F066
:10ED54000B50095E0C500A5AD8900C320B320D2E0F
:10ED64009FEFF6F009C509F50AC50AF51200C7EFC9
:10ED7400F6F0090E0A6E1E0E096EE40EE82EFED79A
:10ED8400092EFCD70A2EFAD700D0D0A6CCEFF6F085
:10ED9400CEEFF6F0BBEFF6F0D0A8D3EFF6F0D5EF58
:10EDA400F6F0BBEFF6F0D0A6DAEFF6F0DCEFF6F013
:10EDB400E3EFF6F0D0B8E1EFF6F0E3EFF6F0E6EFCC
:10EDC400F6F0010EE7EFF6F0000E12000001D4A5F4
:10EDD400EEEFF6F0F0EFF6F008EFF7F027ECFDF0C9
:10EDE4009AECFCF002D802EFF7F00500FA6E070186
:10EDF4001851FD6E1951FE6E1A51FF6EFA50120031
:10EE040014ECFDF067ECFDF030ECFDF00701295146
:10EE14002A11D8B410EFF7F012EFF7F0E8EFF6F09C
:10EE240071ECFDF0E8EFF6F01200196813C509F56E
:10EE340014C50AF522ECF8F0000E186E000E176ED9
:10EE440034EFF7F013C509F514C50AF5190E0B6E66
:10EE5400050E0C6E000E0E6E010E0D6E95ECF1F0AB
:10EE6400174A182A1550175C16501858D8A03DEFA9
:10EE7400F7F03FEFF7F024EFF7F013C509F514C5E9
:10EE84000AF533ECFAF0120009C5F6F40AC5F7F4F2
:10EE9400000EF86E0800F5500B18D8A454EFF7F0E4
:10EEA40056EFF7F05CEFF7F009C509F50AC50AF566
:10EEB40072EFF7F009C5F6F40AC5F7F4094A0A2A0D
:10EEC400000EF86E0800F5500009D8A46CEFF7F0B6
:10EED4006EEFF7F046EFF7F0000E096E000E0A6EC3
:10EEE4001200000E176E000E166E070E196EBC0E81
:10EEF400186E90EFF7F018C50EF519C50FF528EC4C
:10EF0400F2F00E500F10D8B48AEFF7F08CEFF7F050
:10EF14008EEFF7F0164A172A184A192A1850145C6B
:10EF240019501558D8B099EFF7F09BEFF7F07DEF33
:10EF3400F7F016C514F517C515F5120044C639F6D1
:10EF440045C63AF699ECC2F00601486F4851D8A478
:10EF5400AEEFF7F0B0EFF7F0CBEFF7F044C6D1F532
:10EF640045C6D2F5460E0501D36F060ED46F4BECA1
:10EF7400E4F00601486F4851D8A4C3EFF7F0C5EF99
:10EF8400F7F0CBEFF7F044C6D9F445C6DAF4DE6AFD
:10EF9400DD6A1200BDC5C1F5BEC5C2F5E1EFF7F0EB
:10EFA400BBC5A9F5BCC5AAF5C10E0501AB6F050E1D
:10EFB400AC6FBFC5ADF5C0C5AEF5C5EC96F0C1C527
:10EFC400F6F4C2C5F7F4000EF86E0800F550000917
:10EFD400D8A4EFEFF7F0F1EFF7F0D2EFF7F0000E6F
:10EFE4000501BC6F000EBB6F12000CBEFCEFF7F006
:10EFF400FEEFF7F008EFF8F009C509F50AC50AF5C0
:10F004000BC50BF50CC50CF521EFF8F009C50DF592
:10F014000AC50EF50BC50FF50CC510F50D1E0E1E19
:10F024000F1E101E0D2A000E0E220F2210220DC5D7
:10F0340009F50EC50AF50FC50BF510C50CF5120040
:10F0440009C50BF50AC50CF520EE02F00B50D926C4
:10F054000C50DA22DF50D8A432EFF8F034EFF8F095
:10F0640044EFF8F0310E02010A6F320E096F20EE00
:10F0740003F00B50D9260C50DA22C7C4DFF4C79032
:10F08400C792C78420EE02F00B50D9260C50DA2226
:10F09400DF2A12006F0E0501C36FF60EC46FDAEC9F
:10F0A400FBF0710E0501C36FFD0EC46FDAECFBF0CB
:10F0B400110E0501D26F3C0ED16FCB0EE82EFED798
:10F0C400D12FFCD7D22FFAD7580E0501C36FFD0EEE
:10F0D400C46FDAECFBF06F0E0501C36FF60EC46F5C
:10F0E400DAECFBF01200CC0E0601C26F170EC36FF0
:10F0F400EA0EC46FFF0EC56F010EC66FC8ECE5F0D3
:10F104000009D8B488EFF8F08AEFF8F098EFF8F037
:10F114006F0E0501C36FFC0EC46FDAECFBF0FF0E3B
:10F124000601CF6FFE0ECE6F9DEFF8F0000E0601C4
:10F13400CF6F000ECE6F1200C70E0501CB6F050E08
:10F14400CC6FC3C5CDF5C4C5CEF5000ED06F000E8F
:10F15400CF6F000ED76F000ED66FCD0EBB6F050EAE
:10F16400BC6FC5C5BDF5C6C5BEF5CB0EBF6F050EDC
:10F17400C06FCCECF7F00501CF51C325D96ED05147
:10F18400C421DA6EDF6A12000BC512F50CC513F543
:10F1940009C510F50AC511F5E0EFF8F012C5D9F468
:10F1A40013C5DAF4DF500F6E124A132A10C5D9F4CE
:10F1B40011C5DAF40FC5DFF4104A112A0D06D8A0E0
:10F1C4000E060D2806E10E28D8A4EBEFF8F0EDEFBB
:10F1D400F8F0D0EFF8F012000A6E5EECFDF00201D8
:10F1E4009699949D0A50FE0B8F6F010E8D6F09C581
:10F1F4008CF2948BA9ECFAF00009D8B404EFF9F07E
:10F2040006EFF9F00AEFF9F0020E0B6E0BEFF9F0CE
:10F214000B6A020198BB11EFF9F013EFF9F00BEF51
:10F22400F9F00B50120007012B512C11D8B41DEF2B
:10F23400F9F01FEFF9F015EFF9F0D69E000E060174
:10F24400F325D96E0A0EF421DA6EDF500D6E010E2D
:10F25400F3250B6E000EF4210C6E7F0E0B14F36F6E
:10F26400F46B07012B07D8A02C07D68E0DC509F522
:10F274000A6A12001A0E0F24096E000E10200A6E7C
:10F2840011C50BF512C50CF5C6ECFBF00DC5D9F490
:10F294000EC5DAF4030EDE18D8A453EFF9F055EFD7
:10F2A400F9F061EFF9F0140E0F24096E000E10202E
:10F2B4000A6E13C50BF514C50CF5C6ECFBF0120071
:10F2C40055505610D8B469EFF9F06BEFF9F062EFCE
:10F2D400F9F0D69E800E0601F525D96E0A0EF621A8
:10F2E400DA6EDF500D6E010EF5250B6E000EF62161
:10F2F4000C6E7F0E0B14F56FF66B5506D8A05606F0
:10F30400D68E0DC509F50A6A1200000E3B1A000ECE
:10F314003C1A000E3D1A800E3E1A37C509F538C551
:10F324000AF539C50BF53AC50CF53BC50DF53CC5D9
:10F334000EF53DC50FF53EC510F5C7ECA5F009C5A2
:10F3440037F50AC538F50BC539F50CC53AF5120081
:10F354001C6EE8C61DF5E9C61EF51DC517F51EC5CC
:10F3640018F533ECFCF01F6E1C501F18D8A4BDEF29
:10F37400F9F0BFEFF9F0CBEFF9F01A06D8A01B06AD
:10F384001A501B10D8A4C9EFF9F0CBEFF9F0AFEF86
:06F39400F9F01F50120009
:10F39C00EDC208F507012C5107E1800E2B5DD8B0AA
:10F3AC00DAEFF9F0DCEFF9F0F0EFF9F0000E2D25C3
:10F3BC00D96E0A0E2E21DA6E08C5DFF4010E2D254A
:10F3CC00066E000E2E21076E7F0E06142D6F2E6B0F
:10F3DC002B4B2C2B1100000E196E000E186E02EF29
:10F3EC00FAF017C50AF50B6A15C50CF516C50DF51F
:10F3FC0066ECEBF0184A192A18501324D96E1950E0
:10F40C001420DA6EDF50176E1750D8A410EFFAF0F4
:10F41C0012EFFAF0F7EFF9F01200240000002400CC
:10F42C000000FC000000FC000000000000000000D8
:10F43C0000000000000000000000000000000000C0
:10F44C0000000000000000000000000000000000B0
:10F45C000000000000006440000009C50BF50AC55F
:10F46C000CF520EE02F00B50D9260C50DA22DF06F8
:10F47C00DF50D8A444EFFAF046EFFAF051EFFAF06F
:10F48C0002010A6B096B20EE03F00B50D9260C50CD
:10F49C00DA22DF50C76E120009C50DF50AC50EF54C
:10F4AC000BC5F6F40CC5F7F40B4A0C2A000EF86EDB
:10F4BC000DC5D9F40EC5DAF40D4A0E2A0800F5C4B0
:10F4CC00DFF4DF50D8A46DEFFAF06FEFFAF056EFDF
:10F4DC00FAF012000001B38BC098C096C898C89679
:10F4EC00040111891187380E0201156F140E706F0B
:10F4FC00370E146F130E716F180E0401126F010E7C
:10F50C000201866F010E876F22ECFCF01200DCC545
:10F51C00D1F5DDC5D2F5DE0E0501D36F050ED46F26
:10F52C004BECE4F00501E06FE051D8A4A0EFFAF049
:10F53C00A2EFFAF0A8EFFAF0DCC5D9F4DDC5DAF4E5
:10F54C00DE6ADD6A1200020195A9AFEFFAF0B1EFA5
:10F55C00FAF0A9EFFAF095B9B6EFFAF0B8EFFAF0C5
:10F56C00B1EFFAF095ABBDEFFAF0BFEFFAF0C3EFE5
:10F57C00FAF09985FF0EC4EFFAF0000E120009C5DF
:10F58C000FF50AC510F5D3EFFAF00FC5D9F410C575
:10F59C00DAF40BC5DFF40F4A102A0D06D8A00E06BC
:10F5AC000D2806E10E28D8A4DEEFFAF0E0EFFAF011
:10F5BC00CBEFFAF0120009500D6E0A500E6E0F6A66
:10F5CC00106A040ED8900D360E360F361036E82E13
:10F5DC00E8EFFAF00B500D24096E0C500E200A6E59
:10F5EC00000E0F200B6E000E10200C6E1200095036
:10F5FC000A100B100C10D8B406EFFBF008EFFBF060
:10F60C0010EFFBF0000E091A000E0A1A000E0B1A6E
:10F61C00800E0C1A09C509F50AC50AF50BC50BF5C0
:10F62C000CC50CF5120020EE01F00950D9260A5039
:10F63C00DA22DF500B6E0B500E6E0F6A09C5D9F42F
:10F64C000AC5DAF4DF500B6E0E500C6E0B500E6EBA
:10F65C000CC50FF50EC509F50FC50AF512001EEC09
:10F66C00FDF0550E0401596FAA0E596F5991080EF1
:10F67C005D6F000E5E6F000E5F6F550E596FAA0E18
:10F68C00596F598167ECFDF0C09AC88AC292C68A3C
:10F69C00C290120020EE01F00950D9260A50DA224D
:10F6AC00DF500B6E030E0B645EEFFBF060EFFBF0B4
:10F6BC0064EFFBF009680A686AEFFBF00BC5F7F61C
:10F6CC00000E0A6E000E096E120014BE70EFFBF0F5
:10F6DC0072EFFBF078EFFBF013C513F514C514F5BE
:10F6EC0084EFFBF013C515F514C516F5151E161E83
:10F6FC00154A162A15C513F516C514F5120009C5B9
:10F70C000BF50AC50CF520EE02F00B50D9260C5067
:10F71C00DA22DF6A0001846B856B090E02016A6FC5
:10F72C000A0E6B6FCA940001848F1200000E070141
:10F73C00306F000E2F6F000E0601F66F000EF56F86
:10F74C00000E566E000E556E000E07012A6F000E4D
:10F75C00296FA7801200E8C61AF5E9C61BF51AC571
:10F76C000DF51BC50EF555ECFCF01AC513F51BC5B4
:10F77C0014F5000E166E010E156E17ECF7F0120054
:10F78C0009C5D9F40AC5DAF40BC5DFF4094A0A2A0B
:10F79C000C500B6E0C6A09C5D9F40AC5DAF40BC50A
:10F7AC00DFF4094A0A2A1200C50E0501CF6F050EB7
:10F7BC00D06F000EBB6F000EBC6FC3C5BDF5C4C5CA
:10F7CC00BEF5CF0EBF6F050EC06FCCECF7F012007C
:10F7DC00010E0201FB6FA00EFA6FC884120E7A6F35
:10F7EC00C082C8922C0E126FF789F78BF88F00EC41
:10F7FC00FCF01200000E07012E6F000E2D6F000E94
:10F80C000601F46F000EF36F000E07012C6F000E53
:10F81C002B6FAB801200900E03011A6F800E1B6FC2
:10F82C000001B389E10E0301186F870E196F66ECA6
:10F83C00FCF0B19EA18E1200020199859451F80B37
:10F84C000409946F958F959DFC0E9617969B030E4D
:10F85C009C6F9B6B9A6B948F1200196817C509F5F6
:10F86C0018C50AF5190E0B6E050E0C6E000E0E6EF9
:10F87C00010E0D6E89ECB7F0195012000DC509F58B
:10F88C000EC50AF522ECF8F00DC509F50EC50AF502
:10F89C00000E0C6E010E0B6E8EECFCF012000DC502
:10F8AC0009F50EC50AF5000E0C6E000E0B6E8EECF3
:10F8BC00FCF00DC509F50EC50AF533ECFAF0120093
:10F8CC00870E0701286FE10E276F3E0E806FC70E63
:10F8DC007F6F816B826B846B836B12000B6E0BC51D
:10F8EC0009F50F0E09160B380F0B0F0B0A0DF35001
:10F8FC0009240A6E0A5012000601F76B000E07016C
:10F90C00226F000E216F000E206F000E1F6F120071
:10F91C000B500C10D8B495EFFCF098EFFCF0C284AF
:10F92C0099EFFCF0C2941200C76AC96AC690C692DD
:10F93C00C694C698C696C090C890C09AC89A120031
:10F94C0020EE03F00950D9260A50DA22010EDE6EA1
:10F95C00810EDD6E120020EE03F00950D9260A50FC
:10F96C00DA220A0EDE6E810EDD6E120020EE03F03E
:10F97C000950D9260A50DA220B0EDE6E810EDD6E8E
:10F98C00120020EE03F00950D9260A50DA22040E98
:10F99C00DE6E810EDD6E120020EE03F00950D926CA
:10F9AC000A50DA22070EDE6E810EDD6E1200096E31
:10F9BC00BBA2E3EFFCF0E5EFFCF0DEEFFCF009C5D9
:10F9CC00EFF2120020EE03F00950D9260A50DA2289
:10F9DC00000EDE6E010EDD6E120020EE03F00950FB
:10F9EC00D9260A50DA22030EDE6E810EDD6E12006D
:10F9FC0020EE03F00950D9260A50DA22000EDE6EF2
:10FA0C00030EDD6E1200096EB7A20FEFFDF011EFC1
:10FA1C00FDF00AEFFDF009C5C9F21200C768C9680C
:10FA2C00C680C682C684C88AC688C686C8801200AC
:10FA3C00C768C968C680C682C684C688C686C880A0
:10FA4C001200C282CEAA2DEFFDF02FEFFDF028EFB1
:10FA5C00FDF01200C292CEBA36EFFDF038EFFDF099
:10FA6C0031EFFDF0120020EE0EF00950D9260A50AD
:10FA7C00DA22010EDF6E1200000E096E000E0A6E05
:10FA8C00210E0B6E000E0C6E12004DFBB6FFADFF7F
:10FA9C00D9F8A9FB0CFB85070BC509F50CC50AF5B4
:10FAAC00E8ECFCF01200020E0A6E000E096E120059
:10FABC000201976B9A6B9985120007016F6B756B3E
:10FACC0012000001D785D7951200010E0701706F47
:0EFADC001200FFFFFFFFC08C1200C09C120042
:02FAEC00110007
:020000040030CA
:080000008CFFFFF79FFFFFFFDB
:01000900FFF7
:00000001FF
