:0400000085EF00F098
:100008001B7B1B7B1B7B1B7B1B7B1B7B1B7B1B7B38
:100018001B7B1B7B1B7B1B7B1B7B1B7B1B7B1B7B28
:100028001B7B1B7B1B7B1B7B1B7B1B7B1B7B1B7B18
:100038001B7B1B7B1B7B1B7B1B7B1B7B1B7BC67761
:100048001B7B1B7B1B7B1B7B1B7B1B7B1B7B1B7BF8
:100058001B7B1B7B1B7B1B7B1B7B1B7B1B7B1B7BE8
:100068001B7B1B7B1B7B1B7B1B7B1B7B1B7B1B7BD8
:100078001B7B1B7B1B7B1B7B42001B7B1B7B1B7B1C
:100088001B7B1B7B1B7B1B7B1B7B1B7B1B7B1B7BB8
:100098000F771B7B1B7B1B7B42001B7B1B7B1B7B0C
:1000A8001B7B1B7B1B7B1B7B1B7B1B7B1B7B1B7B98
:1000B8001B7B1B7B1B7B1B7B1B7B1B7B1B7B1B7B88
:1000C8001B7B1B7B1B7B1B7B1B7B1B7B1B7B1B7B78
:1000D80066791B7B1B7B1B7B1B7B1B7B1B7B1B7B1F
:1000E80042001B7B1B7B1B7B1B7B1B7B1B7B1B7BAC
:1000F8001B7B1B7B1B7B1B7B1B7B1B7B1B7B1B7B48
:06010800FF00C1EFE5F06D
:10F42C00001F001C001F001E001F001E001F001FDD
:10F43C00001E001F001E001F00819FE0FC407E800C
:10F44C00FC0000534420436172643A20726561648D
:10F45C003531323A20435243206572726F72202844
:10F46C002530347820213D20253034782C207265CD
:10F47C007472793D2564290A0D00496D6167652018
:10F48C0066696C652025732F445249564525632EB9
:10F49C0044534B2069732061737369676E656420F4
:10F4AC00746F2064726976652025630A0D005344DD
:10F4BC0020436172643A2020726561643531323ABE
:10F4CC0020616464723D25386C642C206F66667311
:10F4DC003D25642C20636F756E743D25640A0D0008
:10F4EC00534420436172643A2077726974653531F4
:10F4FC00323A20616464723D25386C642C206F664E
:10F50C0066733D25642C20636F756E743D25640A0B
:10F51C000D00534420436172643A2077726974651C
:10F52C003531323A206661696C656420746F2067EE
:10F53C00657420746F6B656E2C2074696D656F75C6
:10F54C00740A0D006469736B5F696F63746C3A20A5
:10F55C00706472763D25642C20636D643D25642CAB
:10F56C0020627566663D3078256C783A207265733A
:10F57C003D25640A0D00534420436172643A2077A0
:10F58C00726974653531323A2074696D656F7574C2
:10F59C002C20726573706F6E736520697320253033
:10F5AC0032780A0D00534420436172643A20434D73
:10F5BC004435382C2052333D2530327820253032DA
:10F5CC00782025303278202530327820253032785A
:10F5DC000A0D0025733A204552524F523A20636C63
:10F5EC006F636B20737065656420256420697320DC
:10F5FC006E6F7420737570706F727465640A0D0091
:10F60C00534420436172643A20434D44382C2052B9
:10F61C00373D25303278202530327820253032782D
:10F62C00202530327820253032780A0D005365744D
:10F63C0075702044533133303720525443206D6F52
:10F64C0064756C6520666F7220636C6F636B2064ED
:10F65C0065766963652E0D0A006469736B5F696F6B
:10F66C0063746C3A20706472763D25642C20636D53
:10F67C00643D25643A204E6F742068616E646C653D
:10F68C00642E0A0D006469736B5F726561643A20C5
:10F69C0020706472763D25642C20736563746F72E0
:10F6AC003D256C642C20636F756E743D25640A0DCA
:10F6BC00006469736B5F77726974653A2070647269
:10F6CC00763D25642C20736563746F723D256C64E4
:10F6DC002C20636F756E743D25640A0D0053442015
:10F6EC00436172643A20434353202843617264207F
:10F6FC004361706163697479205374617475732903
:10F70C0020697320300A0D00534420436172643A1F
:10F71C002077726974653531323A20435243206543
:10F72C0072726F72202872657472793D2564290A91
:10F73C000D00534420436172643A2043617264208B
:10F74C00706F776572207570207374617475732097
:10F75C0062697320697320300A0D00726561642040
:10F76C004D425220706172746974696F6E207461BD
:10F77C00626C6520617420736563746F7220300A4B
:10F78C000D00534420436172643A20534448432093
:10F79C006F72205344584320636172642064657413
:10F7AC0065637465640A0D0025733A204552524F07
:10F7BC00523A206D6F6465202564206973206E6F4A
:10F7CC007420737570706F727465640A0D004C6FE1
:10F7DC006164202573203A20416472203D2025303D
:10F7EC00366C782C2053697A65203D20253034788E
:10F7FC000D0A00534420436172643A20696E6974A7
:10F80C0069616C697A65202E2E2E20737563636591
:10F81C00656465640A0D00534420436172643A20A8
:10F82C00756E657870656374656420726573706F4E
:10F83C006E736520253032780A0D005344204361E5
:10F84C0072643A2041434D44343120726573706FB9
:10F85C006E736520697320253032780A0D0053448D
:10F86C0020436172643A2077726974653531323A9B
:10F87C0020746F6B656E20697320253032780A0D09
:10F88C0000534420436172643A20434D443539207F
:10F89C00726573706F6E73652069732025303278D2
:10F8AC000A0D004D656D6F7279203030303030307C
:10F8BC00202D202530366C5848202564204B4220C2
:10F8CC004F4B0D0A0053657475702074696D657229
:10F8DC003020666F7220636C6F636B206465766991
:10F8EC0063652E0D0A00706172746974696F6E2005
:10F8FC0073746172747320617420736563746F72B6
:10F90C0020256C640A0D00665F777269746528297E
:10F91C003A204552524F52207265733D25642C207B
:10F92C006E3D25640A0D00665F7265616428293A94
:10F93C00204552524F52207265733D25642C206E27
:10F94C003D25640A0D005365747570205541525461
:10F95C003520666F72204155582064657669636561
:10F96C002E0A0D000D0A5365742044617465282518
:10F97C003034642F253032642F25303264290D0A3F
:10F98C0000554E4B4E4F574E20444556494345204B
:10F99C003A20434D442825303278290D0A006661FF
:10F9AC00696C656420746F20777269746520736567
:10F9BC0063746F7220256C640A0D000A0D53442089
:10F9CC00436172643A20696E697469616C697A6525
:10F9DC00202E2E2E0A0D006661696C656420746FF2
:10F9EC00207265616420736563746F7220256C648A
:10F9FC000A0D00534420436172643A2041434D4444
:10FA0C0034312C2052313D253032780A0D005365AB
:10FA1C00742054696D6528253032643A253032647F
:10FA2C003A25303264290D0A0050726F6772616D8D
:10FA3C002046696C65204C6F6164204572726F7250
:10FA4C002E0D0A004661696C656420746F206D6F21
:10FA5C00756E7420534420436172642E0A0D005558
:10FA6C004E4B4E4F574E20756E696D6F6E20434D49
:10FA7C00442825303278290D0A004661696C65648A
:10FA8C0020746F206F70656E205344204361726444
:10FA9C002E0A0D004D455A38385F52414D204669AB
:10FAAC00726D7761726520526576312E34000A4D85
:10FABC00656D6F7279206572726F7220617420258A
:10FACC0030366C58480A0D006661696C65642074A8
:10FADC006F207265616420736563746F7220300AE5
:10FAEC000D00534420436172643A206E6F7420738E
:10FAFC0075706F70727465640A0D00534420436115
:10FB0C0072643A20434D44302C2052313D25303222
:10FB1C00780A0D00202020202020202020202020CA
:10FB2C0020202020202020202020200D007761691B
:10FB3C007420666F722070726F6772616D6D657282
:10FB4C00202E2E2E0D00445331333037205769743C
:10FB5C006520493243206572726F72210D0A004E86
:10FB6C006F202573206469726563746F72792066E7
:10FB7C006F756E642E0D0A00333A546F796F73688B
:10FB8C00696B692054696E792042617369630A0D4F
:10FB9C00006469736B5F696E697469616C697A651D
:10FBAC00282564292E2E2E0A0D004D656D6F727955
:10FBBC0020303030303030202D202530366C5848F5
:10FBCC000D0049324320627573206973206E6F7487
:10FBDC002065786973742E0A0D00257325353373EF
:10FBEC0020434845434B53554D3A20253032780A33
:10FBFC000D00353A47414D452D4320496E746572D1
:10FC0C007072657465720A0D00446174652025304C
:10FC1C0034642F253032642F25303264203D20008F
:10FC2C0054696D6520253032643A253032643A25AA
:10FC3C00303264203D20000A4D656D6F727920775B
:10FC4C007261702061726F756E642E0A0D0070689F
:10FC5C0079736963616C2064726976657220213DE9
:10FC6C0020300A0D00323A38303836204E4153439A
:10FC7C004F4D2042415349430A0D00313A556E69AC
:10FC8C0076657273616C204D6F6E69746F720A0DBC
:10FC9C0000665F6C7365656B28293A204552524F9C
:10FCAC00522025640A0D00303A544F442854696D93
:10FCBC0065204F6620446179290A0D00665F7379CF
:10FCCC006E6328293A204552524F522025640A0D62
:10FCDC00006E6F2046415433322070617274697427
:10FCEC00696F6E0A0D004E6F206472697665204153
:10FCFC0020666F756E642E0A0D00534420436172AA
:10FD0C00643A2074696D656F75740A0D0046696CF0
:10FD1C00652072656164206572726F72210D0A0034
:10FD2C00342E39324D487A20647574792033382E4C
:10FD3C00342500392E31344D487A2064757479207D
:10FD4C0034322E392500445331333037205254434A
:10FD5C00206D6F64756C6520006E6F204D425220D3
:10FD6C007369676E61747572650A0D0053442043A4
:10FD7C006172643A2072656164792E0A0D005365D4
:10FD8C0074206465627567206D6F64652E0D0A00C2
:10FD9C0031302E36374D487A2064757479203530E1
:10FDAC0025006E6F2076616C696420766F6C756DC2
:10FDBC00650A0D005350495F53445F636F6E66696B
:10FDCC0067757265002573206E6F7420666F756E93
:10FDDC00642E2E0D0A0031322E384D487A2064756F
:10FDEC0074792036302500384D487A206475747942
:10FDFC002033372E3525006973206E6F742065789B
:10FE0C006973742E0D0A0043505520636C6F636B3D
:10FE1C002025730D0A0031364D487A2064757479AB
:10FE2C00203530250025732F445249564525632E25
:10FE3C0044534B002A2B2C3A3B3C3D3E5B5D7C22D1
:10FE4C003F7F004E6F20534420436172643F0A0D84
:10FE5C000042415349435F38362E42494E005454B8
:10FE6C005F42415338382E42494E00554D4F4E5F3C
:10FE7C005338382E42494E004343505F42444F534F
:10FE8C002E42494E00363A43502F4D2D38360A0D2E
:10FE9C00000A0D53656C6563743A0A0D00426F617C
:10FEAC0072643A2025730A0D0044657465637420EE
:10FEBC0025730A0D00474D495F5338382E42494E81
:10FECC000056544C5F5338382E42494E00434C4B2D
:10FEDC00203D2025640D0A00373A4D532D444F53D5
:10FEEC000A0D00554E494D4F4E5F4F464600554E3C
:10FEFC00494D4F4E5F534547004C6F61642025734D
:10FF0C000D0A00343A56544C2D430A0D0043424915
:10FF1C004F535F4F464600494F5359535F4F464628
:10FF2C0000494F5359535F534547004D455A383894
:10FF3C002E434647004342494F532E42494E004DF3
:10FF4C0053444F532E535953006578697374732E71
:10FF5C000D0A0041504C495F4F46460041504C49F8
:10FF6C005F5345470043504D4449534B5300444F56
:10FF7C00534449534B530025732530366C783A0063
:10FF8C0046415433322020200043504D5F4F4646AB
:10FF9C000043504D5F534547002573253034783A64
:10FFAC0000286E756C6C2900494F2E53595300254F
:10FFBC00732F2573006275663A2000202530327845
:10FFCC00006661743A200053443A2000303A2F2FD7
:10FFDC0000455845430052443A200057523A2000FD
:10FFEC00434C4B00494E46004E614E003F20004FA3
:03FFFC00560000AC
:020000040001F9
:10000000FCC5D9F4FDC5DAF4DE6ADD6AFAC507F588
:10001000FBC508F517ECC8F007C58DF608C58EF6C8
:1000200006018EBF18EF80F016EF80F01BEF80F016
:100030000B0E6AEF85F0D8908D35D96E8E35DA6E5D
:100040003B0ED926070EDA22DEC4A8F6DDC4A9F6D7
:10005000A851A911D8A42FEF80F031EF80F034EF30
:1000600080F00C0E6AEF85F0FCC5D9F4FDC5DAF41A
:10007000A8C6DEF4A9C6DDF40501FE91A8C6D9F430
:10008000A9C6DAF4DF50D8B448EF80F04AEF80F028
:1000900074EF80F0060120EE01F0A851D926A95195
:1000A000DA22DF5030ECF3F006019D6F9DB15BEF7B
:1000B00080F05DEF80F074EF80F00501FE51D8B460
:1000C00064EF80F066EF80F071EF80F006019DA58F
:1000D0006CEF80F06EEF80F071EF80F00A0E6AEF47
:1000E00085F0000E6AEF85F0A8C6D9F4A9C6DAF447
:1000F000DF6A060120EE01F0A851D926A951DA22C3
:10010000DF507AECC6F006019D6F9DA18AEF80F06A
:100110008CEF80F08FEF80F0030E6AEF85F0050121
:10012000FE51D8B496EF80F098EF80F0A2EF80F007
:1001300006019DA59EEF80F0A0EF80F0A2EF80F079
:100140006EEF80F0A8C6DCF5A9C6DDF50501DF6B12
:10015000000EDE6F64ECC0F0DCC5A6F6DDC5A7F6C8
:10016000040E0601A619A711D8A4B9EF80F0BBEFC1
:1001700080F0BEEF80F0010E6AEF85F0A75109E133
:10018000020EA65DD8A0C7EF80F0C9EF80F0CCEFDB
:1001900080F00D0E6AEF85F020EE2CF0A851D926E4
:1001A000A951DA22DEC499F6DEC49AF6DEC49BF6C3
:1001B000DEC49CF63B0EA825076E000EA921086E32
:1001C000E1ECF3F0020E08180710D8B4EAEF80F063
:1001D000ECEF80F0EEEF80F0C9EF80F0460E060104
:1001E000A825076E000EA921086EE1ECF3F007C503
:1001F000A2F608C5A3F60601A46BA56BA251A31134
:10020000A411A511D8A407EF81F009EF81F019EF2F
:1002100081F0540EA825076E000EA921086E5AEC35
:10022000E4F007C5A2F608C5A3F609C5A4F60AC5F9
:10023000A5F6060120EE18F0A851D926A951DA2218
:10024000A2C6DEF4A3C6DEF4A4C6DEF4A5C6DEF4C0
:1002500020EE40F0A851D926A951DA2210EE03F081
:10026000A851E126A951E222DFC4E7F420EE03F011
:10027000A851D926A951DA22DE04D8B442EF81F080
:1002800044EF81F055EF81F020EE03F0A851D9261C
:10029000A951DA22020EDE18D8B451EF81F053EFE3
:1002A00081F055EF81F0C9EF80F0A2C607F5A3C633
:1002B00008F5A4C609F5A5C60AF520EE03F0A85175
:1002C000D926A951DA22DF50816F81510B6E0C6A59
:1002D0000D6A0E6A8DECEEF007C5A2F608C5A3F60E
:1002E00009C5A4F60AC5A5F6060120EE3DF0A85101
:1002F000D926A951DA22DF50816F826B20EE0AF0F5
:10030000A851D926A951DA2281C6DEF482C6DDF4CD
:1003100020EE0AF0A851D926A951DA22DE50DE10CB
:10032000D8B495EF81F097EF81F0C9EF80F020EE1F
:100330000AF0A851D926A951DA22DEC481F6DDC41B
:1003400082F620EE0AF0A851D926A951DA22DEC49D
:1003500083F6DDC484F6FF0E8325856FFF0E8421AE
:10036000866F81518515876F82518615886F8751F9
:100370008811D8B4BEEF81F0C0EF81F0C2EF81F0F8
:10038000C9EF80F0410EA825076E000EA921086E66
:10039000E1ECF3F0060120EE08F0A851D926A951AE
:1003A000DA2207C5DEF408C5DDF420EE08F0A85116
:1003B000D926A951DA22DEC481F6DDC482F60F0EF9
:1003C0008117000E821781518211D8B4EAEF81F0B3
:1003D000ECEF81F0EEEF81F0C9EF80F0430EA8253D
:1003E000076E000EA921086EE1ECF3F007C595F643
:1003F00008C596F60601976B986B95519611971163
:100400009811D8A406EF82F008EF82F018EF82F07E
:10041000500EA825076E000EA921086E5AECE4F0D4
:1004200007C595F608C596F609C597F60AC598F664
:100430003E0E0601A825076E000EA921086EE1EC0C
:10044000F3F007C593F608C594F60601935194118D
:10045000D8A42DEF82F02FEF82F031EF82F0C9EFB8
:1004600080F020EE08F0A851D926A951DA22DEC486
:1004700081F6DDC482F6040E836FD8908233813317
:10048000832F3DEF82F093518125846F9451822117
:10049000856F866BD8B0862B876BA25184258F6FB2
:1004A000A3518521906FA4518621916FA551872179
:1004B000926F8F51955D90519659915197599251E4
:1004C0009859D8B066EF82F068EF82F06AEF82F058
:1004D000C9EF80F08F51955D076E90519659086E67
:1004E00091519759096E925198590A6E20EE0AF06F
:1004F000A851D926A951DA22DEC481F6DDC482F6DC
:1005000081C60BF582C60CF50D6A0E6A13ECE7F096
:1005100007C59EF608C59FF609C5A0F60AC5A1F64F
:1005200006019E519F11A011A111D8A49AEF82F04B
:100530009CEF82F09EEF82F0C9EF80F0A76B000E77
:10054000A66FF60E9E5DFF0E9F59FF0EA0590F0E6F
:10055000A159D8B0AEEF82F0B0EF82F0B3EF82F0E5
:10056000A76B030EA66FA151A01109E1F60E9E5DC7
:10057000FF0E9F59D8B0BFEF82F0C1EF82F0C4EFF9
:1005800082F0A76B020EA66FA151A01109E1F60E31
:100590009E5D0F0E9F59D8B0D0EF82F0D2EF82F05F
:1005A000D5EF82F0A76B010EA66FA651A711D8A4B4
:1005B000DCEF82F0DEEF82F0E0EF82F0C9EF80F056
:1005C000020E9E25816F000E9F21826F000EA021DA
:1005D000836F000EA121846F20EE14F0A851D9265C
:1005E000A951DA2281C6DEF482C6DEF483C6DEF4C7
:1005F00084C6DEF420EE1CF0A851D926A951DA22D7
:1006000099C6DEF49AC6DEF49BC6DEF49CC6DEF420
:1006100093519925816F94519A21826F000E9B21ED
:10062000836F000E9C21846F20EE20F0A851D92604
:10063000A951DA2281C6DEF482C6DEF483C6DEF476
:1006400084C6DEF48F519925816F90519A21826F73
:1006500091519B21836F92519C21846F20EE28F051
:10066000A851D926A951DA2281C6DEF482C6DEF469
:1006700083C6DEF484C6DEF4030EA619A711D8A43F
:1006800044EF83F046EF83F0A3EF83F05A0EA825E2
:10069000076E000EA921086EE1ECF3F00750081078
:1006A000D8B455EF83F057EF83F059EF83F0C9EFDB
:1006B00080F0060120EE08F0A851D926A951DA22CF
:1006C000DE50DE10D8B467EF83F069EF83F06BEF94
:1006D00083F0C9EF80F05C0EA825076E000EA921FB
:1006E000086E5AECE4F0060120EE24F0A851D92659
:1006F000A951DA2207C5DEF408C5DEF409C5DEF427
:100700000AC5DEF420EE14F0A851D926A951DA2248
:10071000DEC481F6DEC482F6DEC483F6DEC484F66F
:10072000020ED8908137823783378437E82E91EFD5
:1007300083F081C689F682C68AF683C68BF684C6A4
:100740008CF643EF84F020EE08F0A851D926A95189
:10075000DA22DE50DE10D8A4B0EF83F0B2EF83F0DF
:10076000B4EF83F0C9EF80F020EE20F0A851D92635
:10077000A951DA22DEC481F6DEC482F6DEC483F635
:10078000DEC484F6A2518125856FA3518221866F34
:10079000A4518321876FA5518421886F20EE24F016
:1007A000A851D926A951DA2285C6DEF486C6DEF420
:1007B00087C6DEF488C6DEF4020EA619A711D8B4E7
:1007C000E4EF83F0E6EF83F02CEF84F020EE14F0FA
:1007D000A851D926A951DA22DEC481F6DEC482F6F8
:1007E000DEC483F6DEC484F6010E8115856F000E2B
:1007F0008215866F000E8315876F000E8415886F33
:1008000020EE14F0A851D926A951DA22DEC407F54A
:10081000DEC408F5DEC409F5DEC40AF5030E0B6E6E
:10082000000E0C6E000E0D6E000E0E6E8DECEEF0D6
:10083000D8900A320932083207320601855107245E
:10084000896F865108208A6F875109208B6F8851E4
:100850000A208C6F43EF84F020EE14F0A851D926C3
:10086000A951DA22DEC481F6DEC482F6DEC483F644
:10087000DEC484F6D8908135896F82358A6F8335DE
:100880008B6F84358C6FFF0E8925816F010E8A2155
:10089000826F000E8B21836F000E8C21846F0A0EF5
:1008A00057EF84F0D8908433833382338133E82E3A
:1008B00052EF84F020EE18F0A851D926A951DA227F
:1008C0008151DE5C8251DE588351DE588451DE58FE
:1008D000D8B06DEF84F06FEF84F071EF84F0C9EF62
:1008E00080F020EE10F0A851D926A951DA22FF0E8F
:1008F000DE6EFF0EDE6EFF0EDE6EFF0EDD6E82E937
:1009000010EE0CF0A851E126A951E222DEC4E6F473
:10091000DEC4E6F4DEC4E6F4DEC4E6F420EE05F060
:10092000A851D926A951DA22800EDF6E030EA6192E
:10093000A711D8A49EEF84F0A0EF84F054EF85F0C7
:10094000600EA825076E000EA921086EE1ECF3F0F9
:1009500007040810D8A4AFEF84F0B1EF84F054EF8F
:1009600085F0A8C6C3F5A9C6C4F5010E06019925F0
:100970000501C56F000E06019A210501C66F000E24
:1009800006019B210501C76F000E06019C21050190
:10099000C86FD5ECE2F00009D8A4D1EF84F0D3EF12
:1009A00084F054EF85F0060120EE05F0A851D92619
:1009B000A951DA22DF6A2E0EA825076E020EA921A0
:1009C000086EE1ECF3F0550E071807E1AA0E0818BF
:1009D000D8A4EDEF84F0EFEF84F054EF85F0300E03
:1009E0000601A825076E000EA921086E5AECE4F056
:1009F000520E07180DE1520E08180AE1610E09188F
:100A000007E1410E0A18D8A408EF85F00AEF85F037
:100A100054EF85F0140E0601A825076E020EA921D9
:100A2000086E5AECE4F0720E07180DE1720E081809
:100A30000AE1410E091807E1610E0A18D8A423EF54
:100A400085F025EF85F054EF85F0180E0601A825F6
:100A5000076E020EA921086E5AECE4F0060120EEA2
:100A600010F0A851D926A951DA2207C5DEF408C52D
:100A7000DEF409C5DEF40AC5DEF41C0EA825076EF7
:100A8000020EA921086E5AECE4F0060120EE0CF0EB
:100A9000A851D926A951DA2207C5DEF408C5DEF42B
:100AA00009C5DEF40AC5DEF4A8C6D9F4A9C6DAF48D
:100AB000A6C6DFF40701394B3A2B060120EE06F0FB
:100AC000A851D926A951DA2239C7DEF43AC7DDF494
:100AD00071EF80F0120011C628F612C629F615C66D
:100AE000D9F416C6DAF4DE6ADD6A0FC66CF510C6F4
:100AF0006DF5380E05016E6F060E6F6FFDECDAF0C6
:100B00000601276F2751D8A488EF85F08AEF85F07A
:100B10009AEF85F020EE0FF00F51D9261051DA220E
:100B2000DF50276F2751D8B498EF85F09AEF85F002
:100B30009DEF85F02751B1EF89F020EE0EF00F51B7
:100B4000D9261051DA22DFB2A8EF85F0AAEF85F09E
:100B5000ADEF85F0070EB1EF89F020EE10F00F51E8
:100B6000D9261051DA2210EE10F00F51E126105163
:100B7000E222E6C41BF6E6C41CF6E6C41DF6E6C493
:100B80001EF613511B251F6F14511C21206F000EE0
:100B90001D21216F000E1E21226FDE501F5DDE50D1
:100BA0002059DE502159DE502259D8B0DAEF85F0B5
:100BB000DCEF85F0EAEF85F020EE10F00F51D9263A
:100BC0001051DA22DEC417F6DDC418F6171D136FB4
:100BD000181D146F13511411D8A4F1EF85F0F3EF21
:100BE00085F0F5EF85F0A8EF89F020EE10F00F51B9
:100BF000D9261051DA22FF0EDE14176F010EDE1413
:100C0000186F000EDE14196F000EDE141A6F1751E4
:100C1000181119111A11D8A410EF86F012EF86F0EE
:100C2000ECEF88F020EE10F00F51D9261051DA22A7
:100C3000DEC417F6DEC418F6DEC419F6DEC41AF6F2
:100C40000A0E28EF86F0D8901A3319331833173369
:100C5000E82E23EF86F020EE0AF03851D9263951DC
:100C6000DA22DEC41BF6DDC41CF6FF0E1B251D6F49
:100C7000FF0E1C211E6F17511D152A6F18511E15CE
:100C80002B6F2A512B11D8A448EF86F04AEF86F03B
:100C900013EF87F020EE10F00F51D9261051DA2211
:100CA000DE50DE10DE10DE10D8A459EF86F05BEFC8
:100CB00086F08DEF86F020EE06F00F51D926105108
:100CC000DA22DEC42EF6DEC42FF6DEC430F6DEC431
:100CD00031F62E512F1130113111D8A472EF86F058
:100CE00074EF86F0A9EF86F00FC6EFF510C6F0F5A9
:100CF000000E0501F16F000EF26F000EF36F000E93
:100D0000F46F58EC95F0EFC52EF6F0C52FF6F1C54F
:100D100030F6F2C531F6A9EF86F00FC6EFF510C632
:100D2000F0F520EE14F00F51D9261051DA22DEC46E
:100D3000F1F5DEC4F2F5DEC4F3F5DEC4F4F558ECEB
:100D400095F0EFC52EF6F0C52FF6F1C530F6F2C5D9
:100D500031F606012E512F1130113111D8A4B3EF05
:100D600086F0B5EF86F0B7EF86F0A8EF89F02E0594
:100D70002F1130113111D8A4C0EF86F0C2EF86F0E8
:100D8000CDEF86F020EE0FF00F51D9261051DA2268
:100D9000020EDF6E020EB1EF89F02E290AE12F2933
:100DA00008E1302906E13129D8A4D9EF86F0DBEF3C
:100DB00086F0E6EF86F020EE0FF00F51D9261051A5
:100DC000DA22010EDF6E010EB1EF89F020EE14F091
:100DD0000F51D9261051DA222EC6DEF42FC6DEF4CA
:100DE00030C6DEF431C6DEF420EE06F00F51D9260F
:100DF0001051DA22DE50DE10DE10DE10D8A403EF30
:100E000087F005EF87F013EF87F020EE06F00F5123
:100E1000D9261051DA222EC6DEF42FC6DEF430C6F3
:100E2000DEF431C6DEF420EE0EF00F51D92610515B
:100E3000DA22DFAE1EEF87F020EF87F062EF87F057
:100E4000220E0F250501A66F000E060110210501D7
:100E5000A76F060120EE18F00F51D9261051DA22A3
:100E6000DEC4A8F5DEC4A9F5DEC4AAF5DEC4ABF580
:100E70000501AD6B010EAC6F060120EE01F038519B
:100E8000D9263951DA22DF5083ECE9F00009D8B4D1
:100E90004CEF87F04EEF87F059EF87F0060120EE18
:100EA0000FF00F51D9261051DA22010EDF6EE3EF59
:100EB00086F0060120EE0EF00F51D9261051DA22ED
:100EC0007F0EDF1638C613F539C614F520EE14F080
:100ED0000F51D9261051DA22DEC415F5DEC416F5FD
:100EE000DEC417F5DEC418F5A5ECE1F013C534F641
:100EF00014C535F615C536F616C537F60601345154
:100F0000351136113711D8A488EF87F08AEF87F0B2
:100F100094EF87F020EE0FF00F51D9261051DA220E
:100F2000020EDF6ECAEF86F02A5134272B5135238B
:100F3000000E3623000E372313C617F614C618F614
:100F4000090E196FD89018331733192FA2EF87F0B5
:100F500017C62CF618C62DF62C512D11D8B4B3EFA8
:100F600087F0B5EF87F079EF88F02C512A25176FBD
:100F70002D512B21186F20EE0AF03851D926395106
:100F8000DA221751DE5C1851DE58D8B0CAEF87F06C
:100F9000CCEF87F0DCEF87F020EE0AF03851D9264D
:100FA0003951DA22DEC417F6DDC418F62A51175D6E
:100FB0002C6F2B5118592D6F28C6A6F529C6A7F5F9
:100FC00034C6A8F535C6A9F536C6AAF537C6ABF5B9
:100FD0002CC6ACF52DC6ADF520EE01F03851D92662
:100FE0003951DA22DF5083ECE9F00009D8B4FBEF85
:100FF00087F0FDEF87F008EF88F0060120EE0FF094
:101000000F51D9261051DA22010EDF6EE3EF86F080
:1010100006012C51176F2D51186F196B1A6B20EEAA
:1010200018F00F51D9261051DA22DEC41BF6DEC4A7
:101030001CF6DEC41DF6DEC41EF634511B5D1F6FA8
:1010400035511C59206F36511D59216F37511E598A
:10105000226F17511F5D18512059195121591A51EA
:101060002259D8B036EF88F038EF88F068EF88F072
:10107000220E0F25076E000E1021086E20EE18F0CC
:101080000F51D9261051DA22DEC417F6DDC418F646
:101090003451175F3551185B090ED8901737183740
:1010A000E82E4DEF88F017512825096E1851292197
:1010B0000A6E020E0C6E000E0B6E76ECF1F006015D
:1010C00020EE0EF00F51D9261051DA227F0EDF16D6
:1010D0002CC617F62DC618F6090ED89017371837F4
:1010E000E82E6DEF88F017C632F618C633F642EFD9
:1010F00089F020EE18F00F51D9261051DA22345120
:10110000DE180FE13551DE180CE13651DE1809E129
:101110003751DE18D8B48FEF88F091EF88F0DDEF0B
:1011200088F020EE0AF00F51D9261051DA2210EE85
:1011300010F00F51E1261051E222DE50E65CDE5045
:10114000E658DE50E658DE50E658D8B0AAEF88F0F0
:10115000ACEF88F0DDEF88F0220E0F250501A86FB7
:10116000000E060110210501A96F34C6AAF535C687
:10117000ABF536C6ACF537C6ADF5AF6B010EAE6F4D
:10118000060120EE01F03851D9263951DA22DF501C
:10119000CEECE9F00009D8B4D0EF88F0D2EF88F0B7
:1011A000DDEF88F0060120EE0FF00F51D926105127
:1011B000DA22010EDF6EE3EF86F0060120EE18F072
:1011C0000F51D9261051DA2234C6DEF435C6DEF4CA
:1011D00036C6DEF437C6DEF420EE10F00F51D92605
:1011E0001051DA22DEC417F6DDC418F6FF0E17150B
:1011F000196F010E18151A6F19510008326F1A5124
:10120000D8A0E82A0208336F3251135D33511459C4
:10121000D8B00DEF89F00FEF89F013EF89F013C606
:1012200032F614C633F620EE10F00F51D9261051C5
:10123000DA22DEC417F6DDC418F6FF0E1715196F93
:10124000010E18151A6F19510F251B6F1A51102115
:101250001C6F220E1B25076E000E1C21086E28C66F
:1012600009F529C60AF532C60BF533C60CF576EC3E
:10127000F1F0060120EE0EF00F51D9261051DA22BE
:10128000000EDB8E3251135F3351145B15C6D9F457
:1012900016C6DAF43251DE263351DD2232512827C8
:1012A0003351292320EE10F00F51D9261051DA22A4
:1012B0003251DE263351DE22000EDE22DE2220EE07
:1012C00010F00F51D9261051DA2210EE0AF00F510A
:1012D000E1261051E222DE50E65CDE50E658DE5098
:1012E000E658DE50E658D8A078EF89F07AEF89F01A
:1012F0008AEF89F020EE0AF00F51D9261051DA2238
:10130000DEC423F6DEC424F6DEC425F6DEC426F6EB
:1013100098EF89F020EE10F00F51D9261051DA2203
:10132000DEC423F6DEC424F6DEC425F6DEC426F6CB
:1013300020EE0AF00F51D9261051DA2223C6DEF42E
:1013400024C6DEF425C6DEF426C6DEF4EAEF85F018
:1013500020EE0EF00F51D9261051DA22000EDB8C50
:10136000000E12000FC66CF510C66DF5320E0501A9
:101370006E6F060E6F6FFDECDAF006012D6F2D51CA
:10138000D8A4C5EF89F0C7EF89F0CFEF89F020EE40
:101390000FF00F51D9261051DA22DF502D6F2D5149
:1013A000D8B4D5EF89F0D7EF89F0DAEF89F02D5175
:1013B000BBEF8DF020EE0AF00F51D9261051DA2242
:1013C0001151DE5C1251DE581351DE581451DE58B3
:1013D000D8B0EDEF89F0EFEF89F00AEF8AF020EE58
:1013E0000EF00F51D9261051DA22DFB2FAEF89F050
:1013F000FCEF89F00AEF8AF020EE0AF00F51D926AF
:101400001051DA22DEC411F6DEC412F6DEC413F681
:10141000DEC414F620EE10F00F51D9261051DA2256
:10142000DEC425F6DEC426F6DEC427F6DEC428F6C2
:10143000000E296F000E2A6F000E2B6F000E2C6F0E
:1014400020EE10F00F51D9261051DA2229C6DEF411
:101450002AC6DEF42BC6DEF42CC6DEF411511211BE
:1014600013111411D8B437EF8AF039EF8AF0BEEFB8
:101470008CF020EE0AF03251D9263351DA22DEC444
:1014800015F6DDC416F61551176F1651186F196B46
:101490001A6B090ED8901737183719371A37E82EF4
:1014A0004AEF8AF017C62EF618C62FF619C630F680
:1014B0001AC631F62551261127112811D8B463EF29
:1014C0008AF065EF8AF002EF8BF0FF0E1125076EB0
:1014D000FF0E1221086EFF0E1321096EFF0E14215C
:1014E0000A6E2EC60BF52FC60CF530C60DF531C6AB
:1014F0000EF513ECE7F007C515F608C516F609C595
:1015000017F60AC518F6FF0E06012525076EFF0E11
:101510002621086EFF0E2721096EFF0E28210A6E74
:101520002EC60BF52FC60CF530C60DF531C60EF5DF
:1015300013ECE7F007500601155D085016590950E5
:1015400017590A501859D8A0A8EF8AF0AAEF8AF0C4
:1015500002EF8BF0FF0E2E25156FFF0E2F21166F59
:10156000FF0E3021176FFF0E3121186F151D196FF7
:10157000161D1A6F171D1B6F181D1C6FFF0E2525DA
:101580001D6FFF0E26211E6FFF0E27211F6FFF0EFE
:101590002821206F19511D15216F1A511E15226F18
:1015A0001B511F15236F1C512015246F20EE10F0C6
:1015B0000F51D9261051DA2221C6DEF422C6DEF4FC
:1015C00023C6DEF424C6DEF420EE10F00F51D92637
:1015D0001051DA22DE50115FDE50125BDE50135BD9
:1015E000DD50145B20EE14F00F51D9261051DA2291
:1015F000DEC434F6DEC435F6DEC436F6DEC437F6B5
:101600007EEF8BF020EE06F00F51D9261051DA2232
:10161000DEC434F6DEC435F6DEC436F6DEC437F694
:101620003451351136113711D8A419EF8BF01BEF57
:101630008BF070EF8BF00FC6EFF510C6F0F5000ED3
:101640000501F16F000EF26F000EF36F000EF46FE4
:1016500058EC95F0EFC534F6F0C535F6F1C536F621
:10166000F2C537F606013405351136113711D8A405
:101670003CEF8BF03EEF8BF049EF8BF020EE0FF05C
:101680000F51D9261051DA22020EDF6E020EBBEF87
:101690008DF034290AE1352908E1362906E1372998
:1016A000D8A455EF8BF057EF8BF062EF8BF020EE64
:1016B0000FF00F51D9261051DA22010EDF6E010E04
:1016C000BBEF8DF020EE06F00F51D9261051DA2233
:1016D00034C6DEF435C6DEF436C6DEF437C6DEF4D4
:1016E00020EE14F00F51D9261051DA2234C6DEF460
:1016F00035C6DEF436C6DEF437C6DEF434513511B5
:1017000036113711D8B487EF8BF089EF8BF0BEEF2D
:101710008CF043EF8CF02E51115F2F51125B305142
:10172000135B3151145B20EE10F00F51D92610518C
:10173000DA222E51DE262F51DE223051DE223151A7
:10174000DE2220EE0EF00F51D9261051DA22DFA250
:10175000ACEF8BF0AEEF8BF0DAEF8BF00FC6EFF55E
:1017600010C6F0F534C6F1F535C6F2F536C6F3F518
:1017700037C6F4F558EC95F0EFC534F6F0C535F6FC
:10178000F1C536F6F2C537F606013451351136117A
:101790003711D8A4CEEF8BF0D0EF8BF0F0EF8BF0B9
:1017A000000E116F000E126F000E136F000E146FFB
:1017B00052EF8CF00FC6CEF510C6CFF534C6D0F57B
:1017C00035C6D1F536C6D2F537C6D3F52FECA6F01F
:1017D000CEC534F6CFC535F6D0C536F6D1C537F609
:1017E000060134290AE1352908E1362906E13729BD
:1017F000D8A4FDEF8BF0FFEF8BF009EF8CF020EE1B
:101800000FF00F51D9261051DA22010EDF6E5FEF73
:101810008BF037513611351109E1020E345DD8A035
:1018200014EF8CF016EF8CF02BEF8CF020EE14F010
:101830003251D9263351DA22DE50345DDE5035592B
:10184000DE503659DE503759D8A029EF8CF02BEFF7
:101850008CF035EF8CF020EE0FF00F51D92610519F
:10186000DA22020EDF6E46EF8BF020EE14F00F51FD
:10187000D9261051DA2234C6DEF435C6DEF436C677
:10188000DEF437C6DEF411512E5D12512F5913517B
:10189000305914513159D8A050EF8CF052EF8CF0E0
:1018A0008BEF8BF020EE10F00F51D9261051DA2279
:1018B0001151DE261251DE221351DE221451DE2296
:1018C000FF0E1115156F010E1215166F000E131570
:1018D000176F000E1415186F1551161117111811E6
:1018E000D8B475EF8CF077EF8CF0BEEF8CF032C689
:1018F00013F533C614F534C615F535C616F536C6D8
:1019000017F537C618F5A5ECE1F013C529F614C58F
:101910002AF615C52BF616C52CF6060129512A11F3
:101920002B112C11D8A497EF8CF099EF8CF0A3EF2A
:101930008CF020EE0FF00F51D9261051DA22020E52
:10194000DF6E46EF8BF011C615F612C616F613C6FB
:1019500017F614C618F60A0EB3EF8CF0D8901833A9
:10196000173316331533E82EAEEF8CF015512927B7
:1019700016512A2317512B2318512C2320EE10F037
:101980000F51D9261051DA2210EE0AF00F51E1263C
:101990001051E222DE50E65CDE50E658DE50E6589A
:1019A000DE50E658D8B0D7EF8CF0D9EF8CF0F5EFD9
:1019B0008CF020EE10F00F51D9261051DA2210EEE3
:1019C0000AF00F51E1261051E222DEC4E6F4DEC433
:1019D000E6F4DEC4E6F4DEC4E6F420EE0EF00F51C9
:1019E000D9261051DA22000EDB8C20EE10F00F51B8
:1019F000D9261051DA22FF0EDE14156F010EDE1407
:101A0000166F000EDE14176F000EDE14186F1551DE
:101A1000161117111811D8B410EF8DF012EF8DF0C8
:101A2000D7EF89F020EE18F00F51D9261051DA22A5
:101A30002951DE180FE12A51DE180CE12B51DE1876
:101A400009E12C51DE18D8B428EF8DF02AEF8DF083
:101A5000D7EF89F020EE0EF00F51D9261051DA227F
:101A6000DFAE35EF8DF037EF8DF079EF8DF0220E90
:101A70000F250501A66F000E060110210501A76FB5
:101A8000060120EE18F00F51D9261051DA22DEC4DB
:101A9000A8F5DEC4A9F5DEC4AAF5DEC4ABF50501E0
:101AA000AD6B010EAC6F060120EE01F03251D9266C
:101AB0003351DA22DF5083ECE9F00009D8B463EF48
:101AC0008DF065EF8DF070EF8DF0060120EE0FF0D8
:101AD0000F51D9261051DA22010EDF6E5FEF8BF025
:101AE000060120EE0EF00F51D9261051DA227F0E9A
:101AF000DF16220E0F250501A86F000E060110212A
:101B00000501A96F29C6AAF52AC6ABF52BC6ACF507
:101B10002CC6ADF5AF6B010EAE6F060120EE01F0E5
:101B20003251D9263351DA22DF50CEECE9F00009E8
:101B3000D8B49DEF8DF09FEF8DF0AAEF8DF00601E8
:101B400020EE0FF00F51D9261051DA22010EDF6E70
:101B50005FEF8BF0060120EE18F00F51D9261051DF
:101B6000DA2229C6DEF42AC6DEF42BC6DEF42CC641
:101B7000DEF4D7EF89F01200EAC509F6EBC50AF6E4
:101B8000EEC5D9F4EFC5DAF4DE6ADD6AE8C56CF5B6
:101B9000E9C56DF5150E05016E6F060E6F6FFDEC54
:101BA000DAF00601046F0451D8A4D9EF8DF0DBEF11
:101BB0008DF0EDEF8DF0050120EE0FF0E851D92604
:101BC000E951DA22DF500601046F0451D8B4EBEF7B
:101BD0008DF0EDEF8DF0F0EF8DF0045193EF91F07B
:101BE000050120EE0EF0E851D926E951DA22DFB0E6
:101BF000FCEF8DF0FEEF8DF001EF8EF0070E93EF0E
:101C000091F020EE10F0E851D926E951DA22DEC435
:101C1000F0F5DEC4F1F5DEC4F2F5DEC4F3F520EE36
:101C20000AF0E851D926E951DA22DEC4F4F5DEC41F
:101C3000F5F5DEC4F6F5DEC4F7F5F051F45D060106
:101C4000006F0501F151F5590601016F0501F251CF
:101C5000F6590601026F0501F351F7590601036FAA
:101C60000501EC51F06FED51F16FF26BF36BF05138
:101C70000601005D0501F151060101590501F2510E
:101C8000060102590501F35106010359D8B04BEF83
:101C90008EF04DEF8EF051EF8EF000C6ECF501C6E0
:101CA000EDF50501EC51ED11D8A459EF8EF05BEF85
:101CB0008EF05DEF8EF092EF91F020EE10F0E85193
:101CC000D926E951DA22FF0EDE14F06F010EDE1480
:101CD000F16F000EDE14F26F000EDE14F36FF051A0
:101CE000F111F211F311D8A478EF8EF07AEF8EF0A3
:101CF00019EF91F020EE10F0E851D926E951DA22DF
:101D0000DEC4F0F5DEC4F1F5DEC4F2F5DEC4F3F5B1
:101D10000A0E90EF8EF0D890F333F233F133F033B4
:101D2000E82E8BEF8EF0060120EE0AF01551D92631
:101D30001651DA22DEC4F4F5DDC4F5F5FF0E050117
:101D4000F425F66FFF0EF521F76FF051F615060139
:101D50000B6F0501F151F71506010C6F0B510C11BA
:101D6000D8A4B5EF8EF0B7EF8EF038EF8FF0050105
:101D700020EE10F0E851D926E951DA22DE50DE10CB
:101D8000DE10DE10D8A4C7EF8EF0C9EF8EF0D9EFC9
:101D90008EF020EE06F0E851D926E951DA22DEC4B1
:101DA00005F6DEC406F6DEC407F6DEC408F6F5EF77
:101DB0008EF0E8C5CEF5E9C5CFF520EE14F0E85178
:101DC000D926E951DA22DEC4D0F5DEC4D1F5DEC46D
:101DD000D2F5DEC4D3F52FECA6F0CEC505F6CFC5FF
:101DE00006F6D0C507F6D1C508F606010851071159
:101DF000061107E1020E055DD8B001EF8FF003EF89
:101E00008FF00FEF8FF0050120EE0FF0E851D9268B
:101E1000E951DA22020EDF6E020E93EF91F00529EE
:101E20000AE1062908E1072906E10829D8A41BEFE1
:101E30008FF01DEF8FF029EF8FF0050120EE0FF0EE
:101E4000E851D926E951DA22010EDF6E010E93EF37
:101E500091F0050120EE14F0E851D926E951DA227B
:101E600005C6DEF406C6DEF407C6DEF408C6DEF4F8
:101E700015C613F516C614F5050120EE14F0E85149
:101E8000D926E951DA22DEC415F5DEC416F5DEC422
:101E900017F5DEC418F5A5ECE1F013C511F614C56D
:101EA00012F615C513F616C514F6060111511211D6
:101EB00013111411D8A45FEF8FF061EF8FF06CEF66
:101EC0008FF0050120EE0FF0E851D926E951DA2212
:101ED000020EDF6E0CEF8FF00B5111270C51122305
:101EE000000E1323000E1423ECC5F0F5EDC5F1F53B
:101EF000090E0501F26FD890F133F033F22F7BEF2A
:101F00008FF0F0C50DF6F1C50EF606010D510E115C
:101F1000D8B48DEF8FF08FEF8FF077EF90F00D51F9
:101F20000B250501F06F06010E510C210501F16F23
:101F3000060120EE0AF01551D9261651DA220501C4
:101F4000F051DE5CF151DE58D8B0A9EF8FF0ABEF65
:101F50008FF0C0EF8FF0060120EE0AF01551D92660
:101F60001651DA22DEC4F0F5DDC4F1F50B5105019E
:101F7000F05D06010D6F0C510501F15906010E6F60
:101F800009C6A8F50AC6A9F511C6AAF512C6ABF589
:101F900013C6ACF514C6ADF50DC6AEF50EC6AFF55D
:101FA000060120EE01F01551D9261651DA22DF5034
:101FB000CEECE9F00009D8B4E0EF8FF0E2EF8FF05B
:101FC000EDEF8FF0050120EE0FF0E851D926E95131
:101FD000DA22010EDF6E26EF8FF0050120EE0EF003
:101FE000E851D926E951DA22DFAEF9EF8FF0FBEFA5
:101FF0008FF065EF90F006010D510501F06F0601BD
:102000000E510501F16FF26BF36B20EE18F0E85101
:10201000D926E951DA22DEC4F4F5DEC4F5F5DEC4D2
:10202000F6F5DEC4F7F5060111510501F45DF86F10
:10203000060112510501F559F96F06011351050109
:10204000F659FA6F060114510501F759FB6FF0516B
:10205000F85DF151F959F251FA59F351FB59D8B0E1
:1020600034EF90F036EF90F065EF90F020EE18F03E
:10207000E851D926E951DA22DEC4F0F5DDC4F1F5E4
:10208000060111510501F05F060112510501F15BD6
:10209000090ED890F037F137E82E49EF90F0F05163
:1020A00006010925076E0501F15106010A21086E96
:1020B000220E0501E825096E000EE9210A6E020EC6
:1020C0000C6E000E0B6E76ECF1F00DC6F0F50EC640
:1020D000F1F5090ED8900501F037F137E82E6AEFD7
:1020E00090F0F0C50FF6F1C510F66CEF91F0050118
:1020F00020EE18F0E851D926E951DA2206011151F3
:10210000DE180FE11251DE180CE11351DE1809E15F
:102110001451DE18D8B48FEF90F091EF90F00AEFE1
:1021200091F0050120EE0EF0E851D926E951DA22AE
:10213000DFAE9DEF90F09FEF90F0DCEF90F0220E7D
:10214000E825A66F000EE921A76F20EE18F0E851F0
:10215000D926E951DA22DEC4A8F5DEC4A9F5DEC429
:10216000AAF5DEC4ABF5AD6B010EAC6F060120EE37
:1021700001F01551D9261651DA22DF5083ECE9F02F
:102180000009D8B4C6EF90F0C8EF90F0D3EF90F00C
:10219000050120EE0FF0E851D926E951DA22010EAF
:1021A000DF6E26EF8FF0050120EE0EF0E851D92604
:1021B000E951DA227F0EDF16220EE825A86F000E05
:1021C000E921A96F11C6AAF512C6ABF513C6ACF585
:1021D00014C6ADF5AF6B010EAE6F060120EE01F037
:1021E0001551D9261651DA22DF50CEECE9F000095C
:1021F000D8B4FDEF90F0FFEF90F00AEF91F00501F9
:1022000020EE0FF0E851D926E951DA22010EDF6EF7
:1022100026EF8FF0050120EE18F0E851D926E9519C
:10222000DA2211C6DEF412C6DEF413C6DEF414C6DA
:10223000DEF420EE10F0E851D926E951DA22DEC4AE
:10224000F0F5DDC4F1F5FF0EF015F26F010EF1159A
:10225000F36FF251000806010F6F0501F351D8A08A
:10226000E82A02080601106F0F510501EC5D060116
:1022700010510501ED59D8B040EF91F042EF91F0C7
:1022800046EF91F0ECC50FF6EDC510F609C607F55F
:102290000AC608F520EE10F0E851D926E951DA22F5
:1022A000DEC4F0F5DDC4F1F5FF0EF015F26F010E9E
:1022B000F115F36FF251E825F46FF351E921F56F51
:1022C000220EF425096E000EF5210A6E0FC60BF5DD
:1022D00010C60CF576ECF1F006010F510501EC5F2C
:1022E000060110510501ED5BEEC5D9F4EFC5DAF436
:1022F00006010F51DE261051DD220F510927105122
:102300000A23050120EE10F0E851D926E951DA221E
:1023100006010F51DE261051DE22000EDE22DE22E3
:1023200051EF8EF0000E12000601AA51AB11D8A495
:102330009CEF91F09EEF91F0A1EF91F0090E57EF15
:1023400095F03F0EAE17AC0E0501FA6F060EFB6F4F
:10235000CF0EFC6F060EFD6FAEC6FEF500EC80F0F2
:102360000601D16FD151D8A4B8EF91F0BAEF91F036
:1023700047EF95F0CFC6D2F6D0C6D3F6D20E2F6F68
:10238000060E306FACC631F6ADC632F64DECBBF082
:102390000601D16FD151D8A4D0EF91F0D2EF91F0D6
:1023A000DBEF91F0F9AFD7EF91F0D9EF91F0DBEFE0
:1023B00091F0060ED16FAEC6AFF61C0EAF17D8B4B3
:1023C000E4EF91F0E6EF91F002EF93F0D151D8B441
:1023D000ECEF91F0EEEF91F002EF92F0040ED119D4
:1023E000D8A4F5EF91F0F7EF91F0FFEF91F0D20E56
:1023F000326F060E336F93ECDFF00601D16FAE87BC
:102400001AEF92F0D6C6AFF6110EAF17D8B40BEF95
:1024100092F00DEF92F011EF92F0070ED16F1AEFDC
:1024200092F0AEA516EF92F018EF92F01AEF92F03C
:10243000080ED16FD151D8A420EF92F022EF92F084
:1024400025EF93F0AEA727EF92F029EF92F025EF5A
:1024500093F008ECF6F007C5BBF608C5BCF609C555
:10246000BDF60AC5BEF60E0E0601EC25076E000E7F
:10247000ED21086EBBC609F5BCC60AF5BDC60BF555
:10248000BEC60CF557ECEEF0160E0601EC25076EF5
:10249000000EED21086EBBC609F5BCC60AF5BDC627
:1024A0000BF5BEC60CF557ECEEF0CFC60EF5D0C658
:1024B0000FF5ECC610F5EDC611F5F8ECEBF00EC516
:1024C000BFF60FC5C0F610C5C1F611C5C2F60601AC
:1024D00020EE0BF0EC51D926ED51DA22200EDF6E02
:1024E000CFC60BF5D0C60CF5ECC60DF5EDC60EF556
:1024F000000E0F6E000E106E000E116E000E126EAA
:1025000039ECF2F01C0E0601EC25076E000EED21F1
:10251000086E000E096E000E0A6E000E0B6E000EA5
:102520000C6E57ECEEF0060120EE04F0CF51D926E8
:10253000D051DA22010EDF6EBF51C011C111C2119C
:10254000D8B4A5EF92F0A7EF92F025EF93F020EE2C
:102550002CF0CF51D926D051DA22DEC4C3F6DEC426
:10256000C4F6DEC4C5F6DEC4C6F6D20E0501EF6FB2
:10257000060EF06FBFC6F1F5C0C6F2F5C1C6F3F5A1
:10258000C2C6F4F5000EF56F000EF66F000EF76F81
:10259000000EF86F03ECB8F00601D16FD151D8A44A
:1025A000D4EF92F0D6EF92F025EF93F0CFC6C3F5BB
:1025B000D0C6C4F5C3C6C5F5C4C6C6F5C5C6C7F5FD
:1025C000C6C6C8F5D5ECE2F00601D16FFF0EBF25F7
:1025D000AF6FFF0EC021B06FFF0EC121B16FFF0EB4
:1025E000C221B26F20EE0CF0CF51D926D051DA22A1
:1025F000AFC6DEF4B0C6DEF4B1C6DEF4B2C6DEF4B9
:1026000025EF93F0D151D8A408EF93F00AEF93F09F
:1026100025EF93F0D6A90FEF93F011EF93F015EF9C
:1026200093F0040ED16F25EF93F0AEA31AEF93F061
:102630001CEF93F025EF93F0D6A121EF93F023EF59
:1026400093F025EF93F0070ED16FD151D8A42BEF63
:1026500093F02DEF93F053EF93F0AEA732EF93F09A
:1026600034EF93F035EF93F0AE8D20EE2CF0CF5198
:10267000D926D051DA2210EE1CF0AA51E126AB5136
:10268000E222DEC4E6F4DEC4E6F4DEC4E6F4DEC430
:10269000E6F420EE20F0AA51D926AB51DA22ECC69E
:1026A000DEF4EDC6DDF4D151D8A459EF93F05BEF21
:1026B00093F047EF95F0CFC60EF5D0C60FF5ECC6F8
:1026C00010F5EDC611F5F8ECEBF0060120EE06F082
:1026D000AA51D926AB51DA220EC5DEF40FC5DEF4BD
:1026E00010C5DEF411C5DEF41C0EEC25076E000EDD
:1026F000ED21086E5AECE4F0060120EE0AF0AA5132
:10270000D926AB51DA2207C5DEF408C5DEF409C5C7
:10271000DEF40AC5DEF4AAC6D9F4ABC6DAF4CFC635
:10272000DEF4D0C6DDF420EE06F0CF51D926D0512C
:10273000DA2210EE02F0AA51E126AB51E222DEC409
:10274000E6F4DDC4E5F420EE0EF0AA51D926AB5133
:10275000DA22AEC6DFF420EE0FF0AA51D926AB5133
:10276000DA22DF6A20EE18F0AA51D926AB51DA221C
:10277000DE6ADE6ADE6ADD6A20EE10F0AA51D92632
:10278000AB51DA22DE6ADE6ADE6ADD6A220EAA2533
:10279000076E000EAB21086E0A6A000E096E020E6B
:1027A0000C6E000E0B6EC5ECF3F00601AEABDBEF6A
:1027B00093F0DDEF93F047EF95F020EE0AF0AA5189
:1027C000D926AB51DA22DE50DE10DE10DE10D8B48E
:1027D000ECEF93F0EEEF93F047EF95F020EE0AF078
:1027E000AA51D926AB51DA2210EE10F0AA51E126F7
:1027F000AB51E222DEC4E6F4DEC4E6F4DEC4E6F465
:10280000DEC4E6F420EE0AF0CF51D926D051DA2208
:10281000DEC4AFF6DDC4B0F6AF51B16FB051B26FE8
:10282000B36BB46B090ED890B137B237B337B43746
:10283000E82E13EF94F0B1C6B7F6B2C6B8F6B3C639
:10284000B9F6B4C6BAF620EE06F0AA51D926AB51B5
:10285000DA22DEC4CBF6DEC4CCF6DEC4CDF6DEC4AE
:10286000CEF620EE0AF0AA51D926AB51DA22DEC408
:10287000C7F6DEC4C8F6DEC4C9F6DEC4CAF67FEF0A
:1028800094F0AAC6CEF5ABC6CFF5CBC6D0F5CCC674
:10289000D1F5CDC6D2F5CEC6D3F52FECA6F0CEC578
:1028A000CBF6CFC5CCF6D0C5CDF6D1C5CEF6060158
:1028B000CE51CD11CC1107E1020ECB5DD8B063EF44
:1028C00094F065EF94F067EF94F0020ED16FCB298E
:1028D0000AE1CC2908E1CD2906E1CE29D8A473EF7D
:1028E00094F075EF94F077EF94F0010ED16FB7513B
:1028F000C75FB851C85BB951C95BBA51CA5BD15106
:10290000D8A485EF94F087EF94F096EF94F0C75138
:10291000B75DC851B859C951B959CA51BA59D8A0A7
:1029200094EF94F096EF94F041EF94F020EE14F0D1
:10293000AA51D926AB51DA22CBC6DEF4CCC6DEF4DE
:10294000CDC6DEF4CEC6DEF4D151D8A4AAEF94F001
:10295000ACEF94F047EF95F0FF0EC715AF6F010E87
:10296000C815B06F000EC915B16F000ECA15B26F51
:10297000AF51B011B111B211D8B4C1EF94F0C3EF9F
:1029800094F047EF95F0CFC613F5D0C614F5CBC63B
:1029900015F5CCC616F5CDC617F5CEC618F5A5ECBF
:1029A000E1F013C5C3F614C5C4F615C5C5F616C5C2
:1029B000C6F60601C351C411C511C611D8A4E3EF70
:1029C00094F0E5EF94F0E9EF94F0020ED16F47EF49
:1029D00095F0C7C6AFF6C8C6B0F6C9C6B1F6CAC646
:1029E000B2F60A0EF9EF94F0D890B233B133B033A7
:1029F000AF33E82EF4EF94F0C351AF25B36FC45159
:102A0000B021B46FC551B121B56FC651B221B66FB7
:102A100020EE18F0AA51D926AB51DA22B3C6DEF463
:102A2000B4C6DEF4B5C6DEF4B6C6DEF4220EAA25C0
:102A30000501A86F000E0601AB210501A96F060173
:102A400020EE18F0AA51D926AB51DA22DEC4AAF53D
:102A5000DEC4ABF5DEC4ACF5DEC4ADF50501AF6B8D
:102A6000010EAE6F060120EE01F0CF51D926D051F4
:102A7000DA22DF50CEECE9F00009D8B442EF95F04D
:102A800044EF95F047EF95F0010E0601D16F060176
:102A9000D151D8B44EEF95F050EF95F056EF95F038
:102AA000AAC6D9F4ABC6DAF4DE6ADD6AD1511200E7
:102AB000EFC5D9F4F0C5DAF4DEC409F6DDC40AF6D0
:102AC0000501F151F211F311F411D8A46AEF95F058
:102AD0006CEF95F0A5EF95F0060120EE0CF0095192
:102AE000D9260A51DA22DEC401F6DEC402F6DEC4BB
:102AF00003F6DEC404F60151021103110411D8B427
:102B000084EF95F086EF95F09BEF95F020EE14F0B2
:102B10000951D9260A51DA22DE50015DDE500259F0
:102B2000DE500359DE500459D8A099EF95F09BEF81
:102B300095F00BEF96F0010E016F000E026F000E84
:102B4000036F000E046F0BEF96F0EFC5CEF5F0C5E6
:102B5000CFF5F1C5D0F5F2C5D1F5F3C5D2F5F4C581
:102B6000D3F52FECA6F0CEC50BF6CFC50CF6D0C52D
:102B70000DF6D1C50EF606010E510D110C1107E12F
:102B8000020E0B5DD8B0C7EF95F0C9EF95F0D4EF0A
:102B900095F0010E0501EF6F000EF06F000EF16F62
:102BA000000EF26F40EF98F00B290AE10C2908E1C2
:102BB0000D2906E10E29D8A4E0EF95F0E2EF95F09B
:102BC000ECEF95F00BC6EFF50CC6F0F50DC6F1F580
:102BD0000EC6F2F540EF98F020EE14F00951D92618
:102BE0000A51DA22DE500B5DDE500C59DE500D59D1
:102BF000DE500E59D8B0FFEF95F001EF96F003EFDD
:102C000096F0E2EF95F0F1C501F6F2C502F6F3C5D4
:102C100003F6F4C504F620EE10F00951D9260A5146
:102C2000DA22DE50DE10DE10DE10D8A41AEF96F0A5
:102C30001CEF96F027EF96F0000E0501EF6F000EE7
:102C4000F06F000EF16F000EF26F40EF98F0000E83
:102C5000056F000E066F000E076F000E086F05016E
:102C6000F1510601011913E10501F25106010219A2
:102C70000EE10501F3510601031909E10501F451C3
:102C800006010419D8A447EF96F049EF96F0EFEF4C
:102C900096F0010E0125056F000E0221066F000E51
:102CA0000321076F000E0421086F20EE14F0095174
:102CB000D9260A51DA22DE50055DDE500659DE5073
:102CC0000759DE500859D8A068EF96F06AEF96F0E1
:102CD00072EF96F0020E056F000E066F000E076F82
:102CE000000E086FEFC5CEF5F0C5CFF505C6D0F5DF
:102CF00006C6D1F507C6D2F508C6D3F52FECA6F067
:102D0000CEC50BF6CFC50CF6D0C50DF6D1C50EF667
:102D100006010B050C110D110E11D8B492EF96F0AF
:102D200094EF96F0E2EF95F00B290AE10C2908E107
:102D30000D2906E10E29D8A4A0EF96F0A2EF96F097
:102D4000A4EF96F0E2EF95F00B510C110D110E115E
:102D5000D8B4ADEF96F0AFEF96F0EFEF96F020EE2F
:102D60000CF00951D9260A51DA22DEC40BF6DEC472
:102D70000CF6DEC40DF6DEC40EF60E510D110C116C
:102D800009E1020E0B5DD8A0C8EF96F0CAEF96F0ED
:102D9000E7EF96F020EE14F00951D9260A51DA2215
:102DA000DE500B5DDE500C59DE500D59DE500E59D1
:102DB000D8B0DDEF96F0DFEF96F0E7EF96F00BC6B8
:102DC00001F60CC602F60DC603F60EC604F6000E9A
:102DD000056F000E066F000E076F000E086F05519D
:102DE000061107110811D8A4F8EF96F0FAEF96F043
:102DF00087EF97F001C605F602C606F603C607F68A
:102E000004C608F6010E0527000E06230723082333
:102E100020EE14F00951D9260A51DA22DE50055D60
:102E2000DE500659DE500759DE500859D8A01BEF76
:102E300097F01DEF97F034EF97F0020E056F000E3C
:102E4000066F000E076F000E086F04510311021188
:102E500007E1020E015DD8B030EF97F032EF97F046
:102E600034EF97F01CEF96F0EFC5CEF5F0C5CFF537
:102E700005C6D0F506C6D1F507C6D2F508C6D3F506
:102E80002FECA6F0CEC50BF6CFC50CF6D0C50DF6CF
:102E9000D1C50EF606010B510C110D110E11D8A45F
:102EA00054EF97F056EF97F058EF97F087EF97F0C1
:102EB0000B050C110D110E11D8B461EF97F063EFF3
:102EC00097F0E2EF95F00B290AE10C2908E10D29B2
:102ED00006E10E29D8A46FEF97F071EF97F073EF2A
:102EE00097F0E2EF95F0015105190DE10251061935
:102EF0000AE10351071907E104510819D8A483EF27
:102F000097F085EF97F002EF97F01CEF96F009C667
:102F1000CEF50AC6CFF505C6D0F506C6D1F507C66B
:102F2000D2F508C6D3F5FF0E0501D46FFF0ED56F9D
:102F3000FF0ED66FFF0ED76FEDEC9AF00601006F13
:102F40000051D8A4A6EF97F0A8EF97F0CCEF97F038
:102F50000501F151F211F311F411D8B4B2EF97F069
:102F6000B4EF97F0CCEF97F009C6CEF50AC6CFF5CF
:102F7000F1C5D0F5F2C5D1F5F3C5D2F5F4C5D3F559
:102F800005C6D4F506C6D5F507C6D6F508C6D7F5E5
:102F9000EDEC9AF00601006F06010051D8A4D3EFC2
:102FA00097F0D5EF97F022EF98F020EE0CF0095152
:102FB000D9260A51DA2205C6DEF406C6DEF407C6B3
:102FC000DEF408C6DEF420EE10F00951D9260A51CD
:102FD000DA2210EE14F00951E1260A51E222FE0E27
:102FE000E6240501F96FFF0EE620FA6FFF0EE620DA
:102FF000FB6FFF0EE620FC6FDE50F95DDE50FA59E4
:10300000DE50FB59DE50FC59D8A009EF98F00BEFC9
:1030100098F017EF98F0060120EE10F00951D9262C
:103020000A51DA22DE06000EDE5ADE5ADE5A0601A8
:1030300020EE05F00951D9260A51DA22000EDB8074
:1030400038EF98F00005D8B428EF98F02AEF98F000
:1030500034EF98F0010E056F000E066F000E076F3B
:10306000000E086F38EF98F005690669076908696E
:1030700005C6EFF506C6F0F507C6F1F508C6F2F588
:10308000120037C5D9F438C5DAF4DEC4F6F4DDC46D
:10309000F7F4000EF86E0800F550250AD8A453EF97
:1030A00098F055EF98F0D6EF9AF037C5D9F438C5B7
:1030B000DAF4DE2A000EDD22556A000E546E54C585
:1030C00058F5070115691669436A87EF98F0588229
:1030D00037C5D9F438C5DAF4DE2A000EDD2287EFD1
:1030E00098F0010E436E87EF98F037C5D9F438C5D4
:1030F000DAF4DEC4F6F4DDC4F7F4000EF86E08006E
:10310000F550300AD8B467EF98F071EF98F043505B
:10311000D8B48DEF98F08FEF98F075EF98F037C531
:1031200007F538C508F539C509F53AC50AF50BECB8
:10313000E2F007C554F508C555F555BEA4EF98F063
:10314000A2EF98F0A9EF98F05880546C551ED8B0B3
:10315000552A37C5D9F438C5DAF4DEC4F6F4DDC42F
:10316000F7F4000EF86E0800F550630AD8A4BBEF20
:1031700098F0BDEF98F0E0EF98F037C5D9F438C576
:10318000DAF4DE2A000EDD2239C5D9F43AC5DAF4C4
:10319000DFC43BF5020EDE26DFC43CF5000EDD2267
:1031A0003BC5D9F43CC5DAF4DF50446E35C511F5A2
:1031B00036C512F544C513F59BECE3F0ECEF9AF03D
:1031C00037C5D9F438C5DAF4DEC445F5DDC446F5B3
:1031D00045C5F6F446C5F7F4000EF86E0800F5C4D0
:1031E00044F5FEEF98F0454A462A15EF99F0690E2E
:1031F000446E15EF99F0446A15EF99F04450580A5F
:10320000D8B4F7EF98F03C0AD8B4F7EF98F00D0A6D
:10321000D8B4F7EF98F0050AD8B4F3EF98F0140A91
:10322000D8B4F7EF98F0FBEF98F045C5F6F446C533
:10323000F7F4000EF86E0800F550640AD8B423EFD6
:1032400099F025EF99F06CEF99F045C5F6F446C575
:10325000F7F4000EF86E0800F550690AD8A433EFB1
:1032600099F035EF99F095EF99F06CEF99F039C539
:10327000D9F43AC5DAF4DFC43BF5020EDE26DFC42A
:103280003CF5000EDD223BC5D9F43CC5DAF4DEC4C2
:103290003FF5DDC440F5000E40BEFF0E416E426EAC
:1032A00077EF99F039C5D9F43AC5DAF4DFC43BF5C4
:1032B000040EDE26DFC43CF5000EDD223BC5D9F44A
:1032C0003CC5DAF4DEC43FF5DEC440F5DEC441F5AA
:1032D000DEC442F577EF99F04450690AD8B437EF6D
:1032E00099F0050AD8B452EF99F077EF99F0010EF2
:1032F00045243B6E000E46203C6E37C5D9F438C5D8
:10330000DAF43BC5DEF43CC5DDF435C521F536C540
:1033100022F53FC523F540C524F541C525F542C535
:1033200026F549ECC7F0ECEF9AF045C5F6F446C532
:10333000F7F4000EF86E0800F550780AD8B4A3EF41
:1033400099F0A5EF99F0EDEF99F045C5F6F446C573
:10335000F7F4000EF86E0800F550580AD8A4B3EF41
:1033600099F0B5EF99F033EF9AF0EDEF99F039C598
:10337000D9F43AC5DAF4DFC43BF5020EDE26DFC429
:103380003CF5000EDD223BC5D9F43CC5DAF4DEC4C1
:103390003DF5DDC43EF53DC53FF53EC540F5416A0E
:1033A000426AF8EF99F039C5D9F43AC5DAF4DFC4C6
:1033B0003BF5040EDE26DFC43CF5000EDD223BC5E6
:1033C000D9F43CC5DAF4DEC43FF5DEC440F5DEC412
:1033D00041F5DEC442F5F8EF99F04450690AD8B4DB
:1033E000B7EF99F0050AD8B4D3EF99F0F8EF99F058
:1033F000010E45243B6E000E46203C6E37C5D9F4C5
:1034000038C5DAF43BC5DEF43CC5DDF421EF9AF0B3
:1034100035C521F536C522F53FC523F540C524F550
:1034200041C525F542C526F545C5F6F446C5F7F470
:10343000000EF86E0800F5C427F5ABECD3F0ECEF06
:103440009AF045C5F6F446C5F7F4000EF86E08008C
:10345000F550580AD8B408EF9AF0200AD8B408EF0B
:103460009AF033EF9AF0436A37C5D9F438C5DAF4E5
:10347000DEC4F6F4DDC4F7F4000EF86E0800F55073
:10348000730AD8A446EF9AF048EF9AF053EF9AF0F7
:1034900037C5D9F438C5DAF4DE2A000EDD22010E74
:1034A000436EA9EF9AF037C5D9F438C5DAF4DEC413
:1034B000F6F4DDC4F7F4000EF86E0800F5506C0A5F
:1034C000D8A465EF9AF067EF9AF0A9EF9AF037C5A4
:1034D000D9F438C5DAF4DEC43BF5DDC43CF5010EA1
:1034E0003B26000E3C223BC5F6F43CC5F7F4000E2B
:1034F000F86E0800F5506C0AD8A481EF9AF083EFBB
:103500009AF0A9EF9AF037C5D9F438C5DAF4DEC4D9
:103510003BF5DDC43CF5020E3B26000E3C223BC5CC
:10352000F6F43CC5F7F4000EF86E0800F550730A87
:10353000D8A49DEF9AF09FEF9AF0A9EF9AF0030EAE
:1035400037C5D9F438C5DAF4DE26000EDD224FEF98
:103550009AF04350D8B4AFEF9AF0B1EF9AF0CDEFB4
:103560009AF035C511F536C512F539C5D9F43AC505
:10357000DAF4DFC43BF5020EDE26DFC43CF5000EB4
:10358000DD223BC5D9F43CC5DAF4DEC413F5DDC455
:1035900014F5B3ECCFF0ECEF9AF037C5D9F438C599
:1035A000DAF4DE2A000EDD22ECEF9AF037C5D9F40A
:1035B00038C5DAF4DEC4F6F4DDC4F7F4000EF86EB4
:1035C0000800F550086E096A35C50AF536C50BF5D1
:1035D00070ECE2F0CDEF9AF01200020E0501EE6FF2
:1035E000D351D211D11109E1020ED05DD8A0FBEF69
:1035F0009AF0FDEF9AF061EF9DF020EE14F0CE51BD
:10360000D926CF51DA22DE50D05DDE50D159DE50BE
:10361000D259DE50D359D8B010EF9BF012EF9BF087
:1036200061EF9DF04EEF9DF0D0C5ECF5D1C5EDF505
:10363000D890ED31D96FEC31D86FD851EC27D951F2
:10364000ED23CEC5C3F5CFC5C4F520EE20F0CE5195
:10365000D926CF51DA22DEC4D8F5DEC4D9F5DEC4CE
:10366000DAF5DEC4DBF5ECC5DCF5EDC5DDF5090EFC
:10367000DE6FD890DD33DC33DE2F39EF9BF0DC5189
:10368000D825C56FDD51D921C66F000EDA21C76F6D
:10369000000EDB21C86FD5ECE2F00501EE6FEE51B4
:1036A000D8B455EF9BF057EF9BF059EF9BF061EFCB
:1036B0009DF0FF0EEC15D86F010EED15D96FD851A6
:1036C000CE25DA6FD951CF21DB6F300EDA25EA6FC4
:1036D000000EDB21EB6FEC4BED2BD0B172EF9BF0CA
:1036E00074EF9BF079EF9BF0D4C5E6F5E76B93EFB1
:1036F0009BF0D451D86FD96BD83BD93BF00ED9177A
:10370000D8510F0BD913F00ED817EAC5D9F4EBC571
:10371000DAF4DF500F0BDA6FDB6BD851DA11E66F9A
:10372000D951DB11E76FEAC5D9F4EBC5DAF4E6C588
:10373000DFF420EE04F0CE51D926CF51DA22010E6B
:10374000DF6ECEC5C3F5CFC5C4F520EE20F0CE5157
:10375000D926CF51DA22DEC4D8F5DEC4D9F5DEC4CD
:10376000DAF5DEC4DBF5ECC5DCF5EDC5DDF5090EFB
:10377000DE6FD890DD33DC33DE2FB9EF9BF0DC5108
:10378000D825C56FDD51D921C66F000EDA21C76F6C
:10379000000EDB21C86FD5ECE2F00501EE6FEE51B3
:1037A000D8B4D5EF9BF0D7EF9BF0D9EF9BF061EF4A
:1037B0009DF0FF0EEC15D86F010EED15D96FD851A5
:1037C000CE25DA6FD951CF21DB6F300EDA25EA6FC3
:1037D000000EDB21EB6FD0B1F0EF9BF0F2EF9BF02E
:1037E00010EF9CF0D4C5D8F5D5C5D9F5D6C5DAF516
:1037F000D7C5DBF5D9C5D8F5DAC5D9F5DBC5DAF516
:10380000DB6B0F0ED817EAC5D9F4EBC5DAF4DF503D
:10381000F00BD811DC6FDC51E86FE96B26EF9CF000
:10382000D4C5D8F5D5C5D9F5D6C5DAF5D7C5DBF5F4
:10383000050E20EF9CF0D890DB33DA33D933D83340
:10384000E82E1BEF9CF0D851E86FE96BEAC5D9F47C
:10385000EBC5DAF4E8C5DFF420EE04F0CE51D9264A
:10386000CF51DA22010EDF6E61EF9DF0CEC5C3F5B8
:10387000CFC5C4F520EE20F0CE51D926CF51DA22A3
:10388000DEC4D8F5DEC4D9F5DEC4DAF5DEC4DBF576
:10389000D0C5DCF5D1C5DDF5D2C5DEF5D3C5DFF584
:1038A000DDC5DCF5DEC5DDF5DFC5DEF5DF6BD85146
:1038B000DC25C56FD951DD21C66FDA51DE21C76F16
:1038C000DB51DF21C86FD5ECE2F00501EE6FEE5160
:1038D000D8B46DEF9CF06FEF9CF071EF9CF061EF4E
:1038E0009DF0D0C5D8F5D1C5D9F5D890D837D937FE
:1038F000FF0ED815DA6F010ED915DB6FDA51CE2520
:10390000DC6FDB51CF21DD6F300EDC25076E000E42
:10391000DD21086ED4C509F5D5C50AF580ECF4F0B3
:10392000050120EE04F0CE51D926CF51DA22010E46
:10393000DF6E61EF9DF0CEC5C3F5CFC5C4F520EEB7
:1039400020F0CE51D926CF51DA22DEC4D8F5DEC41C
:10395000D9F5DEC4DAF5DEC4DBF5D0C5DCF5D1C5BA
:10396000DDF5D2C5DEF5D3C5DFF5080EBDEF9CF061
:10397000D890DF33DE33DD33DC33E82EB8EF9CF054
:10398000D851DC25C56FD951DD21C66FDA51DE2152
:10399000C76FDB51DF21C86FD5ECE2F00501EE6F98
:1039A000EE51D8B4D6EF9CF0D8EF9CF0DAEF9CF053
:1039B00061EF9DF0D0C5D8F5D1C5D9F5D890D837ED
:1039C000D937D890D837D937FF0ED815DA6F010E0E
:1039D000D915DB6FDA51CE25DC6FDB51CF21DD6FDE
:1039E000300EDC25076E000EDD21086E5AECE4F087
:1039F000000E07140501DE6F000E0814DF6F000EC5
:103A00000914E06FF00E0A14E16FFF0ED415E26F97
:103A1000FF0ED515E36FFF0ED615E46F0F0ED71509
:103A2000E56FDE51E211D46FDF51E311D56FE05144
:103A3000E411D66FE151E511D76FD0C5D8F5D1C5E6
:103A4000D9F5D890D837D937D890D837D937FF0E8D
:103A5000D815DA6F010ED915DB6FDA51CE25DC6F80
:103A6000DB51CF21DD6F300EDC25076E000EDD212E
:103A7000086ED4C509F5D5C50AF5D6C50BF5D7C569
:103A80000CF557ECEEF0050120EE04F0CE51D926EE
:103A9000CF51DA22010EDF6E61EF9DF0CEC5D9F471
:103AA000CFC5DAF4DF50010AD8B414EF9BF0030A53
:103AB000D8B436EF9CF0010AD8B49BEF9CF061EFCC
:103AC0009DF0EE511200296A000E2A6E000E2B6E38
:103AD000000E2C6E000E2D6E13C52EF514C52FF59D
:103AE00018BE7EEF9DF0185007E1250E175CD8B088
:103AF0007CEF9DF07EEF9DF087EF9DF0170418108E
:103B0000D8A485EF9DF087EF9DF08DEF9DF0070124
:103B1000186B160E176F87EF9FF02E502F10D8B42A
:103B200094EF9DF096EF9DF087EF9FF02EC5D9F4AE
:103B30002FC5DAF4DF50D8A4A0EF9DF0A2EF9DF0DE
:103B4000A4EF9DF087EF9FF02EC5D9F42FC5DAF4CE
:103B5000DF50306EB4EF9DF02E4A2F2A2EC5D9F4D7
:103B60002FC5DAF4DF50306E200E3018D8B4BBEF1A
:103B70009DF0BDEF9DF0ACEF9DF030C51AF5F70E4E
:103B80001A26040E1A64C7EF9DF0C9EF9DF0ACEF42
:103B90009DF02D0E3018D8A4D0EF9DF0D2EF9DF0FF
:103BA000DEEF9DF0010E296E2E4A2F2A2EC5D9F484
:103BB0002FC5DAF4DF50306EE9EF9DF02B0E301890
:103BC000D8A4E5EF9DF0E7EF9DF0E9EF9DF0D4EF8D
:103BD0009DF0300E3018D8A4F0EF9DF0F2EF9DF07C
:103BE00089EF9EF02E4A2F2A2EC5D9F42FC5DAF47C
:103BF000DF50306E17501810D8B401EF9EF003EF6D
:103C00009EF00DEF9EF0100E17181810D8A40BEFB1
:103C10009EF00DEF9EF07CEF9EF0780E3018D8B439
:103C200014EF9EF016EF9EF01FEF9EF0580E301826
:103C3000D8A41DEF9EF01FEF9EF07CEF9EF0186A57
:103C4000100E176E2E4A2F2A2EC5D9F42FC5DAF47E
:103C5000DF50306E30C51AF5200E1A129F0E1A264C
:103C60001A0E1A6036EF9EF038EF9EF05CEF9EF071
:103C700030C51AF59F0E1A26190E1A6442EF9EF0EF
:103C800044EF9EF049EF9EF030C521F5226A50EFD7
:103C90009EF030C51AF55F0E1A161A50216E226A70
:103CA00021C51AF5C90E1A26100E1A605AEF9EF099
:103CB0005CEF9EF076EF9EF030C51AF5200E1A12DA
:103CC0009F0E1A26190E1A6468EF9EF06AEF9EF096
:103CD00089EF9EF030C51AF5D00E1A26090E1A6427
:103CE00074EF9EF076EF9EF089EF9EF029842E0609
:103CF000D8A02F0687EF9FF0298417501810D8A45A
:103D000084EF9EF086EF9EF089EF9EF0186A080E11
:103D1000176E17501810D8A490EF9EF092EF9EF0F7
:103D200095EF9EF0186A0A0E176E1950D8B49BEFE3
:103D30009EF09DEF9EF0B8EF9EF029B0A2EF9EF0AE
:103D4000A4EF9EF0AEEF9EF0FF0E256EFF0E266EE6
:103D5000FF0E276E7F0E286EBCEF9EF0000E256EC4
:103D6000000E266E000E276E800E286EBCEF9EF0B1
:103D700025682668276828682AC51DF52BC51EF505
:103D80002CC51FF52DC520F530C51AF5200E1A12C9
:103D90009F0E1A261A0E1A60D0EF9EF0D2EF9EF0F8
:103DA000EFEF9EF030C51AF59F0E1A26190E1A6411
:103DB000DCEF9EF0DEEF9EF0E3EF9EF030C523F5E2
:103DC000246AEAEF9EF030C51AF55F0E1A161A50F3
:103DD000236E246A2350C90F306EFDEF9EF030C56C
:103DE0001AF5D00E1A260A0E1A60F9EF9EF0FBEFB4
:103DF0009EF075EF9FF0300E305E30501A6E1B6AE9
:103E000017501A5C1B50800A1C6E1850800A1C58F0
:103E1000D8A00DEF9FF00FEF9FF011EF9FF075EF1F
:103E20009FF029B216EF9FF018EF9FF06AEF9FF016
:103E300017C507F518C508F5000E08BEFF0E096E78
:103E40000A6E2AC50BF52BC50CF52CC50DF52DC535
:103E50000EF58DECEEF0305007242A6E000E08208F
:103E60002B6E000E09202C6E000E0A202D6E1D50A8
:103E70002A5C1E502B581F502C5820502D58D8A06B
:103E800044EF9FF046EF9FF05DEF9FF01950D8B4DC
:103E90004CEF9FF04EEF9FF06AEF9FF02A50255CA9
:103EA0002B5026582C5027582D502858D8B05BEF4F
:103EB0009FF05DEF9FF06AEF9FF025C52AF526C5BC
:103EC0002BF527C52CF528C52DF50701186B220EFB
:103ED000176F29822E4A2F2A2EC5D9F42FC5DAF45E
:103EE000DF50306E2984BCEF9EF02950030BE806AA
:103EF000D8A47DEF9FF07FEF9FF087EF9FF02D1EFE
:103F00002C1E2B1E2A6C000E2B222C222D2215502B
:103F10001610D8B48EEF9FF090EF9FF0A3EF9FF0B4
:103F200029B495EF9FF097EF9FF09BEF9FF013C59B
:103F30002EF514C52FF515C5D9F416C5DAF42EC51E
:103F4000DEF42FC5DDF42AC513F52BC514F52CC5F9
:103F500015F52DC516F5120007013F6B3E6BD6EC2B
:103F6000E0F0086A050E076ED4ECDDF0A8ECEAF08C
:103F7000A90E0501606FFE0E616FA00E626FFA0E52
:103F8000636FA8ECF4F044ECF5F02CECF5F0F6ECF3
:103F9000ECF08CECF3F065ECE7F051C535F752C569
:103FA00036F75AECB4F04EECF1F00601B7BFDDEF96
:103FB0009FF0DBEF9FF0DFEF9FF0DDEF9FF058EC1D
:103FC000ADF00601FBBFE9EF9FF0E7EF9FF008EFD0
:103FD000A0F0E9EF9FF0F90E7125DA6FFF0E722164
:103FE000DB6F71C707F572C708F5D4ECDDF02BEF76
:103FF000A0F0DB6B040EDA6FF1EF9FF0DB6B050EC8
:10400000DA6FF1EF9FF0DB6B000EDA6F2BEFA0F0B1
:1040100071C7D4F772C7D5F70701D551000AD8B4D4
:1040200014EFA0F003EFA0F0D451080AD8B4EBEFDE
:104030009FF0010AD8B4EBEF9FF0030AD8B4EBEF7E
:104040009FF0060AD8B4F9EF9FF01C0AD8B4FEEF2F
:104050009FF003EFA0F0130E0501606FFE0E616F7D
:10406000D8900701DA35D96EDB35DA6EF10ED92634
:10407000080EDA22DEC462F5DDC463F5A8ECF4F0C4
:1040800026ECF6F007015E6B000E5D6F606B000EB4
:104090005F6FD96B010ED86F346B000E336F9D0EBE
:1040A0000501606FFE0E616FA8ECF4F0B30E050120
:1040B000606FFC0E616FA8ECF4F0870E0501606F75
:1040C000FC0E616FA8ECF4F0710E0501606FFC0E40
:1040D000616FA8ECF4F0840E0501606FFB0E616F58
:1040E000A8ECF4F00F0E0501606FFF0E616FA8ECF5
:1040F000F4F0FE0E0501606FFB0E616FA8ECF4F0AA
:10410000910E0501606FFE0E616FA8ECF4F0E40EF5
:104110000501606FFE0E616FA8ECF4F0F80E05016A
:10412000606FFF0E616FA8ECF4F084ECF2F007C54D
:10413000DAF708C5DBF7D00E0701DA25D66FFF0ED8
:10414000DB21D76FD75107E1080ED65DD8B0ABEFB2
:10415000A0F0ADEFA0F0BAEFA0F0DA51E2ECF5F08C
:10416000080EE2ECF5F0D00E0701DA25D86FFF0E4D
:10417000DB21D96F0D0EDA19DB11D8B4C2EFA0F034
:10418000C4EFA0F0CEEFA0F00A0EDA19DB11D8A42C
:10419000CCEFA0F0CEEFA0F095EFA0F0830E0501DC
:1041A000606FF40E616FA8ECF4F07A0E07010F6FE8
:1041B000600E106F010E116FDB6B000EDA6FA4EF53
:1041C000A1F0F0ECA1F042EFA0F0770E0601FA6F3B
:1041D000FE0EFB6F6FC707F570C708F56DC709F5D1
:1041E0006EC70AF519ECF4F007C5FCF608C5FDF634
:1041F00009C5FEF60AC5FFF6B0ECC9F0FAC6DAF753
:10420000FBC6DBF7CEEFA1F05D0EA26FFE0EA36F33
:10421000FBECDBF0A2C7DAF7A3C7DBF7CEEFA1F028
:104220006A0EA26FFE0EA36FFBECDBF0A2C7DAF7FB
:10423000A3C7DBF7CEEFA1F0CD0EA26FFE0EA36FEA
:10424000FBECDBF0A2C7DAF7A3C7DBF7CEEFA1F0F8
:10425000C10EA26FFE0EA36FFBECDBF0A2C7DAF774
:10426000A3C7DBF7CEEFA1F0710E0601B16FFF0E11
:10427000B26FAEECD6F00601B151B211D8B443EF33
:10428000A1F045EFA1F047EFA1F042EFA0F0FB6BEA
:10429000010EFA6F6AECBEF00601FBBF54EFA1F00D
:1042A00052EFA1F05DEFA1F0F20E0501606FFC0E80
:1042B000616FA8ECF4F042EFA0F042ECC2F007010D
:1042C000A251A311D8B467EFA1F069EFA1F0CEEF2E
:1042D000A1F042EFA0F07A0E0601B16FFF0EB26FAF
:1042E000AEECD6F00601B151B211D8B47AEFA1F01C
:1042F0007CEFA1F07EEFA1F042EFA0F0FB6B020E8D
:10430000FA6F6AECBEF00601FBBF8BEFA1F089EFFC
:10431000A1F094EFA1F0F20E0501606FFC0E616F49
:10432000A8ECF4F042EFA0F07AECDAF0D3ECB6F0BF
:104330000701A251A311D8B4A0EFA1F0A2EFA1F000
:10434000CEEFA1F042EFA0F0D8C7D4F7D9C7D5F788
:10435000D551000AD8B4AFEFA1F06BEFA1F0D45162
:10436000000AD8B4E1EFA0F0010AD8B4E5EFA0F05C
:10437000030AD8B404EFA1F0010AD8B410EFA1F0F9
:10438000070AD8B41CEFA1F0010AD8B428EFA1F0B5
:10439000030AD8B434EFA1F06BEFA1F00701DA51B2
:1043A000DB11D8B4D6EFA1F0D8EFA1F0E1EFA1F086
:1043B000350E0501606FFA0E616FA8ECF4F042EF64
:1043C000A0F0830E0501606FF40E616FA8ECF4F0AD
:1043D00010ECF3F0B7ECEBF042EFA0F085EF00F05B
:1043E0000501776B57C712F558C713F57E0E146E8B
:1043F000050E156E7A0E166E050E176E7C0E186E73
:10440000050E196E86ECD5F005017F5109E1500EBD
:104410007E5DD8A00EEFA2F010EFA2F016EFA2F092
:104420006C0E7E27070E7F231AEFA2F0D00E7E2798
:10443000070E7F23150E0501606FFC0E616F7EC5B0
:1044400062F57FC563F57AC564F57BC565F57CC506
:1044500066F57DC567F5A8ECF4F05A0E0501786F96
:104460001B0E796F78C56CF579C56DF56F6B500EC5
:104470006E6F5BECD8F005016C516D11D8B443EF51
:10448000A2F045EFA2F015EFA3F078C512F579C5BB
:1044900013F5800E146E050E156E840E166E050E45
:1044A000176E820E186E050E196EEDECDCF01250D0
:1044B0001310D8B45EEFA2F060EFA2F069EFA2F0A3
:1044C000680E0501606FFB0E616FA8ECF4F01AEF47
:1044D000A2F0BC0E0501805D070E8159D8A073EFD4
:1044E000A2F075EFA2F080EFA2F0200E805D080E22
:1044F0008159D8A07EEFA2F080EFA2F088EFA2F061
:10450000680E606FFB0E616FA8ECF4F01AEFA2F07A
:10451000855107E10D0E845DD8B091EFA2F093EFC5
:10452000A2F09CEFA2F084518511D8A49AEFA2F0DA
:104530009CEFA2F0A4EFA2F0680E606FFB0E616F1B
:10454000A8ECF4F01AEFA2F0020E84198511D8A499
:10455000ACEFA2F0AEEFA2F0D2EFA2F01D0E8219E6
:104560008311D8A4B6EFA2F0B8EFA2F0D2EFA2F078
:1045700080C50CF581C50DF575ECEBF00C500D10F8
:10458000D8B4C5EFA2F0C7EFA2F0C9EFA2F006EFD2
:10459000A3F0680E0501606FFB0E616FA8ECF4F0EC
:1045A0001AEFA2F084C573F585C574F5D8907337FA
:1045B0007437FE0E7325756FFF0E7421766F2D0E06
:1045C0007525F66EF40E7621F76EF86A000EF82265
:1045D00082510900F55C83510900F558D8A0F3EF2A
:1045E000A2F0F5EFA2F0FEEFA2F082518311D8A461
:1045F000FCEFA2F0FEEFA2F006EFA3F0680E606FF2
:10460000FB0E616FA8ECF4F01AEFA2F080C57EF506
:1046100081C57FF584C57AF585C57BF582C57CF5B6
:1046200083C57DF5010E0501776F5AC780F5816B53
:1046300059C784F5856B5CC782F5836B2C0E050129
:10464000606FFC0E616F5AC762F5636B59C764F502
:10465000656B5CC766F5676BA8ECF4F05A0E050154
:10466000786F1B0E796F78C56CF579C56DF56F6B3A
:10467000500E6E6F5BECD8F005016C516D11D8B423
:1046800044EFA3F046EFA3F0B1EFA3F078C512F525
:1046900079C513F5800E146E050E156E840E166E18
:1046A000050E176E820E186E050E196EEDECDCF01D
:1046B00012501310D8B45FEFA3F061EFA3F06AEFCC
:1046C000A3F0680E0501606FFB0E616FA8ECF4F0BB
:1046D0001EEFA3F00501815109E1180E805DD8A0FD
:1046E00074EFA3F076EFA3F07EEFA3F0680E606F97
:1046F000FB0E616FA8ECF4F01EEFA3F0855109E109
:104700003C0E845DD8A087EFA3F089EFA3F091EF72
:10471000A3F0680E606FFB0E616FA8ECF4F01EEF63
:10472000A3F0835109E13C0E825DD8A09AEFA3F07B
:104730009CEFA3F0A4EFA3F0680E606FFB0E616F17
:10474000A8ECF4F01EEFA3F0A19E80C55AF784C533
:1047500059F782C55CF7F5ECEEF0A18E010E05016C
:10476000776F7751D8B4B7EFA3F0B9EFA3F019EF93
:10477000A4F07EC518F57FC519F57AC51AF57BC575
:104780001BF57CC51CF57DC51DF500ECE0F018C5DA
:1047900057F719C558F7070135513611D8B4D3EF7B
:1047A000A3F0D5EFA3F0F3EFA3F0F5ECEEF0000EDD
:1047B000076E070E086E500E096E070E0A6ED00EB9
:1047C00038ECE9F0FF0AD8A4E8EFA3F0EAEFA3F091
:1047D000F3EFA3F0520E0501606FFB0E616FA8ECC2
:1047E000F4F019EFA4F0700E0501606FF90E616F1F
:1047F0007EC562F57FC563F57AC564F57BC565F551
:104800007CC566F57DC567F5A8ECF4F01A0E0501C8
:10481000606FFA0E616F80C562F581C563F584C56E
:1048200064F585C565F582C566F583C567F5A8ECB1
:10483000F4F012000FC6D9F410C6DAF4DEC423F681
:10484000DDC424F6060120EE0EF00F51D9261051DA
:10485000DA22DEC413F6DEC414F6DEC415F6DEC4B6
:1048600016F6200E13251F6F000E1421206F000E68
:104870001521216F000E1621226F225109E1200E11
:10488000215DD8A046EFA4F048EFA4F052EFA4F0C9
:1048900020EE16F00F51D9261051DA22DE6ADE6AB8
:1048A000DE6ADD6A20EE16F00F51D9261051DA22A9
:1048B000DE50DE10DE10DE10D8A461EFA4F063EF4E
:1048C000A4F066EFA4F0040E2EEFA6F0FF0E1F1565
:1048D000136F010E2015146F000E2115156F000EB9
:1048E0002215166F1351141115111611D8A47BEF50
:1048F000A4F07DEFA4F005EFA6F020EE16F00F5126
:10490000D9261051DA22DE2A000EDE22DE22DE2235
:1049100020EE12F00F51D9261051DA22DE50DE10AF
:10492000DE10DE10D8A497EFA4F099EFA4F0D7EF33
:10493000A4F020EE08F02351D9262451DA22DEC457
:1049400013F6DDC414F61351156F1451166F176B5F
:10495000186B1FC619F620C61AF621C61BF622C60A
:104960001CF6060EB9EFA4F0D8901C331B331A3393
:104970001933E82EB4EFA4F01551195D16511A59E8
:1049800017511B5918511C59D8A0C9EFA4F0CBEFEF
:10499000A4F005EFA6F020EE16F00F51D926105125
:1049A000DA22DE6ADE6ADE6ADD6A63EFA4F020EEF8
:1049B0000AF02351D9262451DA22DEC413F6DDC4CD
:1049C00014F6FF0E1325156FFF0E1421166F1FC668
:1049D00017F620C618F621C619F622C61AF60A0ED0
:1049E000F7EFA4F0D8901A33193318331733E82EA1
:1049F000F2EFA4F0155117151B6F165118151C6F07
:104A0000000E19151D6F000E1A151E6F1B511C117B
:104A10001D111E11D8A40FEFA5F011EFA5F005EFA1
:104A2000A6F00FC6CEF510C6CFF520EE12F00F514E
:104A3000D9261051DA22DEC4D0F5DEC4D1F5DEC4A9
:104A4000D2F5DEC4D3F52FECA6F0CEC525F6CFC542
:104A500026F6D0C527F6D1C528F60601285127111C
:104A6000261107E1020E255DD8B039EFA5F03BEF26
:104A7000A5F03EEFA5F0020E2EEFA6F025290AE1E3
:104A8000262908E1272906E12829D8A44AEFA5F01C
:104A90004CEFA5F04FEFA5F0010E2EEFA6F020EEA3
:104AA00014F02351D9262451DA22DE50255DDE5040
:104AB0002659DE502759DE502859D8A062EFA5F0BC
:104AC00064EFA5F0D9EFA5F011511211D8A46BEF46
:104AD000A5F06DEFA5F079EFA5F020EE16F00F51DF
:104AE000D9261051DA22DE6ADE6ADE6ADD6A63EFF9
:104AF000A4F00FC6EFF510C6F0F520EE12F00F513E
:104B0000D9261051DA22DEC4F1F5DEC4F2F5DEC496
:104B1000F3F5DEC4F4F558EC95F0EFC525F6F0C5D5
:104B200026F6F1C527F6F2C528F60601255126110D
:104B300027112811D8A49FEFA5F0A1EFA5F0A4EFAD
:104B4000A5F0070E2EEFA6F0250526112711281136
:104B5000D8A4ADEFA5F0AFEFA5F0B1EFA5F03BEF16
:104B6000A5F025290AE1262908E1272906E12829B7
:104B7000D8A4BDEFA5F0BFEFA5F0C1EFA5F04CEFB5
:104B8000A5F023C6C3F524C6C4F525C6C5F526C6BB
:104B9000C6F527C6C7F528C6C8F5BDECD1F0000993
:104BA000D8B4D5EFA5F0D7EFA5F0D9EFA5F04CEF2D
:104BB000A5F0060120EE12F00F51D9261051DA228D
:104BC00025C6DEF426C6DEF427C6DEF428C6DEF4EB
:104BD00023C613F524C614F525C615F526C616F505
:104BE00027C617F528C618F5A5ECE1F0060120EE5A
:104BF00016F00F51D9261051DA2213C5DEF414C570
:104C0000DEF415C5DEF416C5DEF420EE0EF00F510D
:104C1000D9261051DA221FC6DEF420C6DEF421C6E2
:104C2000DEF422C6DEF4FF0E1F15136F010E2015F1
:104C3000146F13512325156F14512421166F300E54
:104C40001527000E162320EE1AF00F51D926105109
:104C5000DA2215C6DEF416C6DDF4000E1200CEC54B
:104C6000D9F4CFC5DAF4DEC4E6F5DDC4E7F5050115
:104C7000D351D211D11109E1020ED05DD8A043EF7A
:104C8000A6F045EFA6F05AEFA6F020EE14F0E6519C
:104C9000D926E751DA22DE50D05DDE50D159DE5000
:104CA000D259DE50D359D8A058EFA6F05AEFA6F04B
:104CB00064EFA6F0010EE06F000EE16F000EE26FF0
:104CC000000EE36F1CEFA8F0E069E169E269E369B7
:104CD00009EFA8F0D0C5E4F5D1C5E5F5D890E531E8
:104CE000D56FE431D46FD451E427D551E523E6C51F
:104CF000C3F5E7C5C4F520EE20F0E651D926E7510B
:104D0000DA22DEC4D4F5DEC4D5F5DEC4D6F5DEC4C1
:104D1000D7F5E4C5D8F5E5C5D9F5090EDA6FD89011
:104D2000D933D833DA2F8FEFA6F0D851D425C56FF9
:104D3000D951D521C66F000ED621C76F000ED721DD
:104D4000C86FD5ECE2F00009D8B4A9EFA6F0ABEF3C
:104D5000A6F0ADEFA6F01CEFA8F0FF0E0501E415DC
:104D6000D46F010EE515D56FD451E625D66FD55118
:104D7000E721D76F300ED625D96E000ED721DA6E17
:104D8000DF50D86FD851DE6FDF6BE44BE52BE6C503
:104D9000C3F5E7C5C4F520EE20F0E651D926E7516A
:104DA000DA22DEC4D4F5DEC4D5F5DEC4D6F5DEC421
:104DB000D7F5E4C5D8F5E5C5D9F5090EDA6FD89071
:104DC000D933D833DA2FDFEFA6F0D851D425C56F09
:104DD000D951D521C66F000ED621C76F000ED7213D
:104DE000C86FD5ECE2F00009D8B4F9EFA6F0FBEFFC
:104DF000A6F0FDEFA6F01CEFA8F0FF0E0501E415EC
:104E0000D46F010EE515D56FD451E625D66FD55177
:104E1000E721D76F300ED625D96E000ED721DA6E76
:104E2000DF50D86FD851DA6FD96BD951DE13DA5110
:104E3000DF13D0B11EEFA7F020EFA7F028EFA7F007
:104E4000FF0EDE15DC6F0F0EDF15DD6F38EFA7F0FC
:104E5000DEC5D4F5DFC5D5F5040ED66FD890D533B1
:104E6000D433D62F2EEFA7F0D4C5DCF5D5C5DDF5AC
:104E7000DCC5E0F5DDC5E1F5E26BE36B1CEFA8F006
:104E8000E6C5C3F5E7C5C4F520EE20F0E651D92606
:104E9000E751DA22DEC4D4F5DEC4D5F5DEC4D6F59A
:104EA000DEC4D7F5D0C5D8F5D1C5D9F5D2C5DAF568
:104EB000D3C5DBF5D9C5D8F5DAC5D9F5DBC5DAF543
:104EC000DB6BD451D825C56FD551D921C66FD651CA
:104ED000DA21C76FD751DB21C86FD5ECE2F00009AA
:104EE000D8B475EFA7F077EFA7F079EFA7F01CEF34
:104EF000A8F0D0C5D4F5D1C5D5F5D8900501D437E3
:104F0000D537FF0ED415D66F010ED515D76FD651F4
:104F1000E625D86FD751E721D96F300ED825076E17
:104F2000000ED921086EE1ECF3F007C5E0F508C5E5
:104F3000E1F50501E26BE36B1CEFA8F0E6C5C3F5F4
:104F4000E7C5C4F520EE20F0E651D926E751DA2274
:104F5000DEC4D4F5DEC4D5F5DEC4D6F5DEC4D7F59F
:104F6000D0C5D8F5D1C5D9F5D2C5DAF5D3C5DBF5AD
:104F7000080EC0EFA7F0D890DB33DA33D933D8333B
:104F8000E82EBBEFA7F0D451D825C56FD551D92154
:104F9000C66FD651DA21C76FD751DB21C86FD5EC68
:104FA000E2F00009D8B4D7EFA7F0D9EFA7F0DBEF14
:104FB000A7F01CEFA8F0D0C5D4F5D1C5D5F50501F3
:104FC000D890D437D537D890D437D537FF0ED415ED
:104FD000D66F010ED515D76FD651E625D86FD751AC
:104FE000E721D96F300ED825076E000ED921086E43
:104FF0005AECE4F0FF0E07140501E06FFF0E0814F1
:10500000E16FFF0E0914E26F0F0E0A14E36F1CEF3D
:10501000A8F0E6C5D9F4E7C5DAF4DF50010AD8B440
:105020006AEFA6F0030AD8B440EFA7F0010AD8B49B
:105030009EEFA7F05AEFA6F0E0C5CEF5E1C5CFF59B
:10504000E2C5D0F5E3C5D1F51200E8C5D9F4E9C54C
:10505000DAF4DEC408F6DDC409F60501ED5107E116
:10506000200EEC5DD8B037EFA8F039EFA8F050EF84
:10507000A8F01F0EEA15EE6F000EEB15EF6F000E95
:10508000EC15F06F000EED15F16FEE51EF11F01110
:10509000F111D8B44EEFA8F050EFA8F053EFA8F0FC
:1050A000020E01EFAAF020EE0EF0E851D926E951E8
:1050B000DA22EAC5DEF4EBC5DEF4ECC5DEF4EDC5BC
:1050C000DEF420EE06F0E851D926E951DA22DEC4FA
:1050D00004F6DEC405F6DEC406F6DEC407F60601F5
:1050E0000451051106110711D8A479EFA8F07BEF40
:1050F000A8F095EFA8F008C6D9F409C6DAF4020EB4
:10510000DF6485EFA8F087EFA8F095EFA8F020EE18
:1051100024F00851D9260951DA22DEC404F6DEC48F
:1051200005F6DEC406F6DEC407F6045105110611C5
:105130000711D8A49EEFA8F0A0EFA8F0EDEFA8F01B
:1051400020EE08F00851D9260951DA22DEC4EEF526
:10515000DDC4EFF50501EE51F06FEF51F16FF26B29
:10516000F36BEAC5F4F5EBC5F5F5ECC5F6F5EDC561
:10517000F7F5060EC1EFA8F0D890F733F633F53304
:10518000F433E82EBCEFA8F0F051F45DF151F5597D
:10519000F251F659F351F759D8A0D1EFA8F0D3EF57
:1051A000A8F0D5EFA8F050EFA8F0060120EE24F00B
:1051B0000851D9260951DA22050110EE16F0E851FE
:1051C000E126E951E222DEC4E6F4DEC4E6F4DEC400
:1051D000E6F4DEC4E6F4A0EFA9F020EE0AF00851F0
:1051E000D9260951DA22DEC4EEF5DDC4EFF505015A
:1051F000EE51F06FEF51F16FF26BF36B090ED89037
:10520000F037F137F237F337E82EFFEFA8F0F0C5AB
:1052100000F6F1C501F6F2C502F6F3C503F66CEF30
:10522000A9F0E8C5CEF5E9C5CFF504C6D0F505C6A9
:10523000D1F506C6D2F507C6D3F52FECA6F0CEC53C
:1052400004F6CFC505F6D0C506F6D1C507F60601AA
:1052500004290AE1052908E1062906E10729D8A45D
:1052600034EFA9F036EFA9F039EFA9F0010E01EF04
:10527000AAF007510611051109E1020E045DD8A03C
:1052800044EFA9F046EFA9F050EFA8F020EE14F09B
:105290000851D9260951DA22DE50045DDE50055945
:1052A000DE500659DE500759D8A059EFA9F05BEF40
:1052B000A9F05DEFA9F050EFA8F000510501EA5FF9
:1052C000060101510501EB5B060102510501EC5B92
:1052D000060103510501ED5B060100510501EA5D80
:1052E000060101510501EB59060102510501EC5976
:1052F000060103510501ED59D8B081EFA9F083EF04
:10530000A9F011EFA9F008C613F509C614F504C6F3
:1053100015F505C616F506C617F507C618F5A5EC6A
:10532000E1F0050120EE16F0E851D926E951DA2224
:1053300013C5DEF414C5DEF415C5DEF416C5DEF4BF
:1053400020EE12F0E851D926E951DA2204C6DEF443
:1053500005C6DEF406C6DEF407C6DEF420EE16F05F
:10536000E851D926E951DA22DE50DE10DE10DE10D7
:10537000D8A4BDEFA9F0BFEFA9F0C1EFA9F050EF9D
:10538000A8F0EAC5EEF5EBC5EFF5ECC5F0F5EDC517
:10539000F1F50A0ED1EFA9F0D890F133F033EF33E5
:1053A000EE33E82ECCEFA9F020EE16F0E851D92626
:1053B000E951DA22EE51DE26EF51DE22F051DE22F3
:1053C000F151DE22FF0EEA15EE6F010EEB15EF6FC5
:1053D000EE51060108250501F06FEF510601092184
:1053E0000501F16F300EF027000EF12320EE1AF0C8
:1053F000E851D926E951DA22F0C5DEF4F1C5DDF431
:10540000000E120011C5D9F412C5DAF4DEC41BF582
:10541000DDC41CF51C0E0F241F6E000E1020206E24
:105420001FC507F520C508F50A6A200E096E0C6A2B
:105430000B0E0B6EC5ECF3F0226A000E216E21C537
:105440001DF522C51EF51A6A080E196E1D501B2483
:10545000136E1E501C20146E13C5F6F414C5F7F419
:10546000000EF86E3F0EF76403D00800F55005D02B
:10547000F6C4E9F4F7C4EAF4EF50236E1D4A1E2A7D
:10548000210E236046EFAAF048EFAAF04AEFAAF0F7
:105490005FEFABF02F0E2318D8B451EFAAF053EF03
:1054A000AAF060EFAAF05C0E2318D8A45AEFAAF075
:1054B0005CEFAAF0A0EFAAF060EFAAF01D4A1E2A46
:1054C0001D501B24136E1E501C20146E13C5F6F4C1
:1054D00014C5F7F4000EF86E3F0EF76403D0080011
:1054E000F55005D0F6C4E9F4F7C4EAF4EF502F0AFA
:1054F000D8B47DEFAAF07FEFAAF05EEFAAF01D50BE
:105500001B24136E1E501C20146E13C5F6F414C514
:10551000F7F4000EF86E3F0EF76403D00800F55064
:1055200005D0F6C4E9F4F7C4EAF4EF505C0AD8B445
:105530009CEFAAF09EEFAAF05EEFAAF05FEFABF04F
:105540002E0E2318D8B4A7EFAAF0A9EFAAF0B4EF53
:10555000AAF01950215C1A502258D8A0B2EFAAF034
:10556000B4EFAAF0D2EFAAF00B0E19181A10D8B4A3
:10557000BCEFAAF0BEEFAAF0C7EFAAF02E0E2318D8
:10558000D8B4C5EFAAF0C7EFAAF0CAEFAAF0060E8A
:10559000C4EFABF0226A080E216E1A6A0B0E196E68
:1055A00026EFAAF02350A0ECE8F007500810D8B47A
:1055B000DCEFAAF0DEEFAAF02DEFABF01D501B24BC
:1055C000136E1E501C20146E13C5F6F414C5F7F4A8
:1055D000000EF86E3F0EF76403D00800F55005D0BA
:1055E000F6C4E9F4F7C4EAF4EF50186E1D4A1E2A17
:1055F000185025ECDFF007500810D8B402EFABF0DC
:1056000004EFABF0C7EFAAF0FF0E1924136EFF0EE4
:105610001A20146E1350215C14502258D8A013EF96
:10562000ABF015EFABF017EFABF0C7EFAAF02150DE
:105630001F24D96E22502020DA6E23C5DFF4214AC0
:10564000222A21501F24D96E22502020DA6E18C53C
:10565000DFF4214A222A26EFAAF0400E076EFE0E42
:10566000086E23C509F50A6A32ECEBF00750081002
:10567000D8B43DEFABF03FEFABF041EFABF0C7EF8D
:10568000AAF0600E236447EFABF049EFABF053EFA5
:10569000ABF07B0E23604FEFABF051EFABF053EF6D
:1056A000ABF0200E235E21501F24D96E2250202003
:1056B000DA6E23C5DFF4214A222A26EFAAF01D5014
:1056C0001B24136E1E501C20146E11C5D9F412C574
:1056D000DAF413C5DEF414C5DDF421502210D8A489
:1056E00074EFABF076EFABF078EFABF0C7EFAAF06A
:1056F0001FC5D9F420C5DAF4E50EDE18D8A483EF6F
:10570000ABF085EFABF08BEFABF01FC5D9F420C544
:10571000DAF4050EDF6E200E236491EFABF093EF09
:10572000ABF0B8EFABF01D501B24136E1E501C20C5
:10573000146E13C5F6F414C5F7F4000EF86E3F0EA0
:10574000F76403D00800F55005D0F6C4E9F4F7C4B7
:10575000EAF4EF50156E200E1564B1EFABF0B3EF25
:10576000ABF0B8EFABF0176A000E166EBBEFABF004
:10577000176A040E166E20EE0BF01F50D92620502B
:10578000DA2216C5DFF4000E120009C513F50AC5AA
:1057900014F50B500C10D8A4D0EFABF0D2EFABF057
:1057A000D4EFABF057EFADF00C500001836F0BC599
:1057B00082F0070E0B140D6E000E0C140E6E0D50C1
:1057C0000E10D8A4E6EFABF0E8EFABF0FDEFABF0D6
:1057D0000BC50DF50CC50EF5D8900E320D32D890D4
:1057E0000E320D32D8900E320D320E04D8A0FBEFDF
:1057F000ABF0FDEFABF032EFACF08169116A010E56
:10580000106E16EFACF000018169B1A00AEFACF0A8
:105810000CEFACF005EFACF013C5D9F414C5DAF415
:1058200080C0DFF4134A142A104A112A0B50105C6E
:105830000C501158D8A01FEFACF021EFACF003EFE3
:10584000ACF0B1A026EFACF028EFACF021EFACF05B
:1058500013C5D9F414C5DAF480C0DFF4134A142A4E
:1058600057EFADF081698169B1A039EFACF03BEF42
:10587000ACF034EFACF013C5D9F414C5DAF480C041
:10588000DFF4134A142A00018169B1A04AEFACF099
:105890004CEFACF045EFACF013C5D9F414C5DAF415
:1058A00080C0DFF4134A142A00018169B1A05BEFC4
:1058B000ACF05DEFACF056EFACF013C5D9F414C505
:1058C000DAF480C0DFF4134A142A00018169B1A020
:1058D0006CEFACF06EEFACF067EFACF013C5D9F441
:1058E00014C5DAF480C0DFF4134A142A0001816978
:1058F000B1A07DEFACF07FEFACF078EFACF013C56A
:10590000D9F414C5DAF480C0DFF4134A142A000174
:105910008169B1A08EEFACF090EFACF089EFACF004
:1059200013C5D9F414C5DAF480C0DFF4134A142A7D
:1059300000018169B1A09FEFACF0A1EFACF09AEF4C
:10594000ACF013C5D9F414C5DAF480C0DFF4134AFF
:10595000142A0BC50DF50CC50EF5D8900E320D327C
:10596000D8900E320D32D8900E320D320D500F6E8F
:10597000010E126E45EFADF000018169B1A0C3EFD9
:10598000ACF0C5EFACF0BEEFACF013C5D9F414C564
:10599000DAF480C0DFF4134A142A00018169B1A04F
:1059A000D4EFACF0D6EFACF0CFEFACF013C5D9F438
:1059B00014C5DAF480C0DFF4134A142A00018169A7
:1059C000B1A0E5EFACF0E7EFACF0E0EFACF013C561
:1059D000D9F414C5DAF480C0DFF4134A142A0001A4
:1059E0008169B1A0F6EFACF0F8EFACF0F1EFACF0FC
:1059F00013C5D9F414C5DAF480C0DFF4134A142AAD
:105A000000018169B1A007EFADF009EFADF002EF41
:105A1000ADF013C5D9F414C5DAF480C0DFF4134A2D
:105A2000142A00018169B1A018EFADF01AEFADF0B2
:105A300013EFADF013C5D9F414C5DAF480C0DFF468
:105A4000134A142A00018169B1A029EFADF02BEFB0
:105A5000ADF024EFADF013C5D9F414C5DAF480C06D
:105A6000DFF4134A142A00018169B1A03AEFADF0C6
:105A70003CEFADF035EFADF013C5D9F414C5DAF451
:105A800080C0DFF4134A142A122A0F50125CD8A0E7
:105A90004CEFADF04EEFADF0BCEFACF0B1A053EF7A
:105AA000ADF055EFADF04EEFADF028EFACF01200D9
:105AB0005A0E0701866F1B0E876F050E0501606F7A
:105AC000FF0E616F370E626FFF0E636FA8ECF4F08C
:105AD000380E0601AA6F150EAB6F370EAC6FFF0EB6
:105AE000AD6F010EAE6F94EC91F00701816F8151A3
:105AF000D8B47DEFADF07FEFADF066EFAEF0D10E34
:105B00000501606FFD0E616F370E626FFF0E636FF0
:105B1000A8ECF4F00601FA69FB69CBEFAEF086C79A
:105B200007F587C708F562ECEAF086C7D9F487C79E
:105B3000DAF43B0EDE18D8B4A0EFADF0A2EFADF072
:105B400066EFAEF086C7D9F487C7DAF4DF50D8A481
:105B5000ACEFADF0AEEFADF0B0EFADF066EFAEF0A4
:105B60000701856B000E846F86C70EF587C70FF59A
:105B7000B10E776F080E786FD8908435D96E853561
:105B8000DA6ED890D936DA367751D9267851DA22BA
:105B9000DEC410F5DDC411F5B6ECDEF00E500F10CA
:105BA000D8A4D5EFADF0D7EFADF0D9EFADF055EF0C
:105BB000AEF0B10E0701776F080E786FD89084357C
:105BC000D96E8535DA6ED890D936DA367751D9263E
:105BD0007851DA22DEC407F5DDC408F526ECF1F0D1
:105BE000075007018625D96E08508721DA6E3D0ED1
:105BF000DE18D8B4FEEFADF000EFAEF002EFAEF07D
:105C000055EFAEF0B10E776F080E786FD8908435EF
:105C1000D96E8535DA6ED890D936DA367751D926ED
:105C20007851DA22DEC407F5DDC408F526ECF1F080
:105C3000075007018625796F085087217A6F010E7A
:105C400079257F6F000E7A21806F7FC713F580C79B
:105C500014F5820E156E070E166E186A000E176E7A
:105C6000010E196E63EC9DF0B10E0701776F080EFF
:105C7000786F020E7727000E7823D8908435D96E7E
:105C80008535DA6ED890D936DA367751D9267851FB
:105C9000DA22DEC479F7DDC47AF779C7D9F47AC796
:105CA000DAF413C5DEF414C5DDF40701844B852B4B
:105CB00085BF64EFAEF0855109E10B0E845DD8A07D
:105CC00064EFAEF066EFAEF0B4EFADF086C717F656
:105CD00087C718F606011A6B500E196F380E1B6F26
:105CE000150E1C6F61ECDDF0060117511811D8A4D8
:105CF0007CEFAEF07EEFAEF08FEFADF025EE42F12F
:105D000015EE48F1DE50E6180FE1DE50E6180CE122
:105D1000DE50E61809E1DE50E618D8B492EFAEF096
:105D200094EFAEF0A4EFAEF0190E0501606FFD0E1A
:105D3000616FA8ECF4F0380E0501D96F150EDA6F1B
:105D4000A8ECF0F08AEFADF0380E0501D96F150E12
:105D5000DA6FA8ECF0F0070161516211D8B4B3EF2B
:105D6000AEF0B5EFAEF0BCEFAEF08A0E0501606F9D
:105D7000FD0E616FA8ECF4F0D90E0501606FFE0E08
:105D8000616F71C762F572C763F5A8ECF4F00601A4
:105D9000FB6B000EFA6F1200050120EE04F0CE51ED
:105DA000D926CF51DA22DF6A20EE2CF0CE51D92647
:105DB000CF51DA22FF0EDE6EFF0EDE6EFF0EDE6EBC
:105DC000FF0EDD6ECEC5C3F5CFC5C4F5D0C5C5F594
:105DD000D1C5C6F5D2C5C7F5D3C5C8F5D5ECE2F037
:105DE0000009D8B4F6EFAEF0F8EFAEF0FEEFAEF08B
:105DF0000501CF6B040ECE6F3CEFB0F02E0E050107
:105E0000CE25076E020ECF21086EE1ECF3F007C538
:105E1000D7F508C5D8F5050120EE30F0CE51D926CA
:105E2000CF51DA22DF50DB6FEB0EDB19D8B41BEF5A
:105E3000AFF01DEFAFF02FEFAFF0E90EDB19D8B4E4
:105E400024EFAFF026EFAFF02FEFAFF0E80EDB1945
:105E5000D8A42DEFAFF02FEFAFF027EFB0F0550E35
:105E6000D71907E1AA0ED819D8A439EFAFF03BEF44
:105E7000AFF059EFAFF0820ECE25076E000ECF21A6
:105E8000086E8C0E096EFF0E0A6E0C6A080E0B6E01
:105E90003FECE1F007500810D8A451EFAFF053EFFA
:105EA000AFF059EFAFF00501CF6B000ECE6F3CEFB6
:105EB000B0F03B0E0501CE25076E000ECF21086E17
:105EC000E1ECF3F007C5D9F508C5DAF5050120EED8
:105ED0003DF0CE51D926CF51DA22DF50DB6FFF0ED5
:105EE000D925D46FFF0EDA21D56FD951D417DA51E5
:105EF000D517D451D511D8A480EFAFF082EFAFF011
:105F000027EFB0F0020EDA5DD8A089EFAFF08BEF8B
:105F1000AFF027EFB0F0D905020EDA59D8B093EF01
:105F2000AFF095EFAFF027EFB0F0DB51D8B49BEFB7
:105F3000AFF09DEFAFF027EFB0F0FF0EDB25D46F91
:105F4000D56BFF0ED523DB51D417000ED517D451D6
:105F5000D511D8A4AEEFAFF0B0EFAFF027EFB0F0AF
:105F60003E0ECE25076E000ECF21086EE1ECF3F059
:105F700007500810D8B4BFEFAFF0C1EFAFF027EF74
:105F8000B0F0050120EE40F0CE51D926CF51DA22F3
:105F9000DF50D46FFF0ED425D56FD66BFF0ED623FE
:105FA000D65107E1020ED55DD8B0D9EFAFF0DBEFE7
:105FB000AFF027EFB0F0410ECE25076E000ECF21D7
:105FC000086EE1ECF3F007500810D8B4EAEFAFF038
:105FD000ECEFAFF027EFB0F0430E0501CE25076ED2
:105FE000000ECF21086EE1ECF3F0085007E1800EBF
:105FF000075CD8B0FEEFAFF000EFB0F013EFB0F0F9
:10600000500E0501CE25076E000ECF21086E5AEC0A
:10601000E4F00A5008E10904D8A011EFB0F013EF42
:10602000B0F027EFB0F0460E0501CE25076E000E4A
:10603000CF21086EE1ECF3F007500810D8B423EF3D
:10604000B0F025EFB0F027EFB0F053EFAFF0550E02
:106050000501D71909E1AA0ED819D8B432EFB0F06A
:1060600034EFB0F039EFB0F0CF6B030ECE6F3CEFF2
:10607000B0F0CF6B020ECE6F1200000E0F6EF50E59
:10608000106E070E116E000E126E400E136E070E8C
:10609000146E166A100E156EB6ECE4F0070140514E
:1060A000D8B455EFB0F057EFB0F065EFB1F05BEC5E
:1060B000C1F0000E0F6EF50E106E070E116E000E81
:1060C000126E400E136E070E146E166A020E156ED7
:1060D00010ECE5F0A7EFB1F084ECF2F00750070107
:1060E000476F94EFB1F04751E2ECF5F094EFB1F067
:1060F00056505710D8A47FEFB0F081EFB0F087EF83
:10610000B0F00601576B000E566F8BEFB0F0000E2B
:106110000601576F566956C647F794EFB1F05A0E0D
:106120000601586F1B0E596F47C75AF65B6B4EC777
:1061300007F54FC708F54CC709F54DC70AF519EC27
:10614000F4F007C50FF508C510F509C511F50AC526
:1061500012F558C613F559C614F55AC615F55BC69F
:1061600016F5B6ECE4F0C2EFB0F058C6D9F459C653
:10617000DAF4DF50E2ECF5F00601584B592B5A07E0
:10618000D8A05B0706015A515B11D8A4CAEFB0F042
:10619000CCEFB0F0B5EFB0F094EFB1F0A9ECEDF0CA
:1061A00007500810D8B4D7EFB0F0D9EFB0F0DDEF5A
:1061B000B0F02EECF6F094EFB1F03EECCEF006012C
:1061C00047514811D8B4E7EFB0F0E9EFB0F094EFE1
:1061D000B1F0D9EFB0F0A9ECEDF007500810D8B449
:1061E000F4EFB0F0F6EFB0F0F8EFB0F0D9EFB0F0B8
:1061F000FDECC3F0060147514811D8B402EFB1F0ED
:1062000004EFB1F094EFB1F0D9EFB0F015ECD1F0AC
:106210000701476F94EFB1F0E7ECD8F00701476F43
:1062200094EFB1F056505710D8B419EFB1F01BEFFE
:10623000B1F01DEFB1F06CEFB0F0476B94EFB1F03F
:1062400047C755F6060155510FECF5F00701476FAA
:1062500094EFB1F05A0E0601586F1B0E596F58C6D5
:1062600007F559C608F547C709F553ECE8F007C527
:106270005AF608C55BF65AC647F706015A515B1134
:10628000D8B445EFB1F047EFB1F094EFB1F04EC79D
:1062900007F54FC708F54CC709F54DC70AF519ECC6
:1062A000F4F007C50FF508C510F509C511F50AC5C5
:1062B00012F558C613F559C614F55AC615F55BC63E
:1062C00016F510ECE5F094EFB1F04651010AD8B4A0
:1062D0006CEFB0F0030AD8B473EFB0F0010AD8B491
:1062E00078EFB0F0070AD8B48FEFB0F0010AD8B455
:1062F000CEEFB0F0030AD8B4EBEFB0F0010AD8B497
:1063000006EFB1F00F0AD8B40CEFB1F0010AD8B41F
:1063100012EFB1F0030AD8B420EFB1F0010AD8B4FB
:106320002AEFB1F094EFB1F00701466B060E0F6E45
:10633000F50E106E070E116E000E126E460E136EE5
:10634000070E146E166A020E156E10ECE5F01200C0
:1063500006C7A3F507C7A4F505019E6B050E9D6F43
:10636000A26B000EA16FA5699A6B000E996FCDEF1D
:10637000B1F0A1C507F5A2C508F5A50E096E050E79
:106380000A6E0C6A010E0B6E39ECE3F007C5A1F53D
:1063900008C5A2F50501994B9A2B8F51995D905133
:1063A0009A59D8A0D6EFB1F0D8EFB1F0B9EFB1F06B
:1063B000A1C507F5A2C508F591C509F592C50AF56D
:1063C00093C50BF594C50CF539ECE3F007C5A1F5C1
:1063D00008C5A2F505019C6B000E9B6F04EFB2F09F
:1063E000A1C507F5A2C508F5A50E096E050E0A6E32
:1063F0000C6A010E0B6E39ECE3F007C5A1F508C578
:10640000A2F505019B4B9C2B8FC595F590C596F584
:10641000951F961F954B962B9351955F9451965BC4
:10642000000E9525976F020E9621986F97519B5DF0
:1064300098519C59D8A01FEFB2F021EFB2F0F0EFC5
:10644000B1F08BC51EF58CC51FF58DC520F58EC529
:1064500021F5A50E226E050E236E180E17ECE6F040
:106460001EC59FF51FC5A0F505019F51A011D8B409
:106470003CEFB2F03EEFB2F040EFB2F00CEFB3F011
:10648000A551D8B446EFB2F048EFB2F04DEFB2F0FC
:10649000A06B030E9F6F0CEFB3F0FE0EA56FA3C5AC
:1064A00007F5A4C508F5A50E096E050E0A6E0C6A5F
:1064B000010E0B6E19ECEAF0A3C511F5A4C512F597
:1064C0008FC513F590C514F54FECF0F0A3C507F593
:1064D000A4C508F591C509F592C50AF593C50BF554
:1064E00094C50CF519ECEAF0A3C511F5A4C512F595
:1064F0008FC595F590C596F50501951F961F954B8F
:10650000962B9351955F9451965B000E9525136ED3
:10651000020E9621146E4FECF0F00501A251A56F0A
:10652000A3C507F5A4C508F5A50E096E050E0A6EEC
:106530000C6A010E0B6E19ECEAF0A1C5A5F5A3C516
:1065400007F5A4C508F5A50E096E050E0A6E0C6ABE
:10655000010E0B6E19ECEAF00B0E196EB80E186EE8
:10656000FF0EA9ECF2F00501A56FA529D8A4BBEF99
:10657000B2F0BDEFB2F0C2EFB2F0A06B010E9F6FB0
:106580000CEFB3F0A5511F0B050AD8B4CAEFB2F057
:10659000CCEFB2F0F6EFB2F0A5511F0B0B0AD8A466
:1065A000D4EFB2F0D6EFB2F048EFB2F09D07D8A02A
:1065B0009E079EBFE6EFB2F09E5106E19D05D8B062
:1065C000E4EFB2F0E6EFB2F0EBEFB2F0A06B040E46
:1065D0009F6F0CEFB3F0750E196E300E186EFF0E34
:1065E000A9ECF2F094ECF4F021EFB2F0750E196E14
:1065F000300E186E000EA9ECF2F00501A56FA55142
:10660000D8A405EFB3F007EFB3F009EFB3F0BDEF97
:10661000B2F0A06B000E9F6F94ECF4F09FC58BF569
:10662000A0C58CF5120006C7A3F507C7A4F50501A0
:106630009E6B050E9D6F8BC51EF58CC51FF58DC518
:1066400020F58EC521F5A70E226E050E236E110EC4
:1066500017ECE6F01EC5A1F51FC5A2F50501A15175
:10666000A211D8B436EFB3F038EFB3F03AEFB3F08D
:1066700053EFB4F0A751D8B440EFB3F042EFB3F00A
:1066800047EFB3F0A26B030EA16F53EFB4F00B0E04
:10669000196EB80E186EFF0EA9ECF2F00501A76F87
:1066A000A729D8A456EFB3F058EFB3F05DEFB3F0DD
:1066B000A26B010EA16F53EFB4F0FE0EA719D8B470
:1066C00064EFB3F066EFB3F068EFB3F042EFB3F00E
:1066D000A66B000EA56F9A6B000E996F94EFB3F046
:1066E000A3C515F5A4C516F5DFECF4F00501A76FF9
:1066F00007010AA17EEFB3F080EFB3F091EFB3F0A2
:10670000A5C507F5A6C508F5A70E096E050E0A6E04
:106710000C6A010E0B6E39ECE3F007C5A5F508C550
:10672000A6F50501994B9A2B8F51995D90519A5975
:10673000D8A09DEFB3F09FEFB3F070EFB3F0A3C517
:1067400007F5A4C508F591C509F592C50AF593C5E5
:106750000BF594C50CF5C5ECABF007010AA1B3EF3E
:10676000B3F0B5EFB3F0C7EFB3F0A5C507F5A6C515
:1067700008F591C509F592C50AF593C50BF594C5C1
:106780000CF539ECE3F007C5A5F508C5A6F505013C
:106790009C6B000E9B6FF1EFB3F0A3C515F5A4C57C
:1067A00016F5DFECF4F00501A76F07010AA1DBEF96
:1067B000B3F0DDEFB3F0EEEFB3F0A5C507F5A6C576
:1067C00008F5A70E096E050E0A6E0C6A010E0B6E17
:1067D00039ECE3F007C5A5F508C5A6F505019B4B07
:1067E0009C2B8FC595F590C596F5951F961F954BDB
:1067F000962B9351955F9451965B000E9525976F5C
:10680000020E9621986F97519B5D98519C59D8A084
:106810000CEFB4F00EEFB4F0CDEFB3F0A3C515F567
:10682000A4C516F5DFECF4F00501A06F9F6BA3C5BE
:1068300015F5A4C516F5DFECF4F00501956F95513B
:106840009F1307010AA127EFB4F029EFB4F04FEF2F
:10685000B4F00501A5519F1909E1A651A019D8B4BA
:1068600034EFB4F036EFB4F04FEFB4F09D07D8A09A
:106870009E079EBF46EFB4F09E5106E19D05D8B03D
:1068800044EFB4F046EFB4F04BEFB4F0A26B040E5B
:10689000A16F53EFB4F094ECF4F01BEFB3F00501EB
:1068A000A26B000EA16F94ECF4F0A1C58BF5A2C50C
:1068B0008CF512000501906B000E8F6F5A0E8F251C
:1068C000D96E1B0E9021DA6EA50EDF6E5B0E8F2542
:1068D000D96E1B0E9021DA6E5A0EDF6E020E8F27D4
:1068E000000E90239005D8A078EFB4F07AEFB4F0C2
:1068F0005EEFB4F0000E916F000E926F000E936F7A
:10690000000E946FB60E606FFB0E616F91C562F55D
:1069100092C563F593C564F594C565F5A8ECF4F0EC
:1069200026EE5AF391C5DFF426EE5BF392C5DFF451
:1069300026EE5CF393C5DFF491C50FF592C510F513
:1069400093C511F594C512F55A0E136E1B0E146EF5
:10695000010E166E000E156E10ECE5F091C50FF5E8
:1069600092C510F593C511F594C512F55A0E136E24
:106970001C0E146E010E166E000E156EB6ECE4F0D1
:106980005A0E076E1B0E086E5A0E096E1C0E0A6E0A
:10699000010E0C6E000E0B6E3FECE1F0075008107C
:1069A000D8B4D5EFB4F0D7EFB4F016EFB5F0BA0E17
:1069B0000501606FFA0E616F91C562F592C563F5CE
:1069C00093C564F594C565F5A8ECF4F0E70E0501F0
:1069D0006C6FFF0E6D6F91C56EF592C56FF593C527
:1069E00070F594C571F55A0E726F1B0E736F010E20
:1069F000756F000E746FFBECCEF0E20E05016C6F4C
:106A0000FF0E6D6F91C56EF592C56FF593C570F56C
:106A100094C571F55A0E726F1C0E736F010E756F6F
:106A2000000E746FFBECCEF014EFB5F00501915140
:106A3000921193119411D8A420EFB5F022EFB5F084
:106A400024EFB5F056EFB5F0000E0F6E000E106E8D
:106A5000000E116E000E126E5A0E136E1C0E146E86
:106A6000010E166E000E156EB6ECE4F05A0E076EAF
:106A70001B0E086E5A0E096E1C0E0A6E010E0C6E6D
:106A8000000E0B6E3FECE1F007500810D8A44BEF5E
:106A9000B5F04DEFB5F056EFB5F0430E0501606F60
:106AA000FC0E616FA8ECF4F06AEFB5F0000E050182
:106AB0009127100E9223000E9323000E94239451DD
:106AC00009E1080E935DD8A068EFB5F06AEFB5F064
:106AD00082EFB4F091C50BF792C50CF793C50DF793
:106AE00094C50EF7AF0E0501606FF80E616FFF0ED3
:106AF0009125626FFF0E9221636FFF0E9321646FE9
:106B0000FF0E9421656F0BC78BF50CC78CF50DC775
:106B10008DF50EC78EF50B0E93EFB5F0D8908E3332
:106B20008D338C338B33E82E8EEFB5F08BC566F545
:106B30008CC567F5A8ECF4F01200AD0E0701066FE6
:106B4000080E076F76C508F777C509F70A9106C7DB
:106B50007AF507C77BF57AC507F57BC508F569ECBB
:106B6000F4F07AC56CF57BC56DF572C56EF573C52D
:106B70006FF5010E0501706F000E716F1CECD6F001
:106B80007AC50BF57BC50CF5EFECF4F07AC511F581
:106B90007BC512F5146A0A0E136E4FECF0F094ECFC
:106BA000F4F0000E2E6E000E2F6E000E306E000EF2
:106BB000316E7C0E326E050E336E356A010E346E08
:106BC000000EB8ECECF005017C05D8B4EAEFB5F0A6
:106BD000ECEFB5F0F1EFB5F0736B010E726FD2EF21
:106BE000B6F0AA0E2E6E010E2F6E000E306E000E45
:106BF000316E7C0E326E050E336E356A050E346EC4
:106C0000080EB8ECECF005017C05D8A40AEFB6F04C
:106C10000CEFB6F01CEFB6F07FA111EFB6F013EF5A
:106C2000B6F01CEFB6F0AA0E8019D8B41AEFB6F081
:106C30001CEFB6F021EFB6F0736B020E726FD2EF5D
:106C4000B6F0796B000E786F000E2E6E000E2F6E70
:106C5000000E306E000E316E7C0E326E050E336EFD
:106C6000356A010E346E370EB8ECECF0000E2E6E65
:106C7000000E2F6E000E306E400E316E7C0E326EA6
:106C8000050E336E356A050E346E290EB8ECECF045
:106C900005017C51D8A44FEFB6F051EFB6F053EF99
:106CA000B6F063EFB6F0784B792B79BF61EFB6F0B1
:106CB000B80E785D0B0E7959D8A061EFB6F063EF8E
:106CC000B6F024EFB6F07C51D8B469EFB6F06BEFB4
:106CD000B6F06DEFB6F0ECEFB5F0000E2E6E000ED4
:106CE0002F6E000E306E000E316E7C0E326E050E71
:106CF000336E356A050E346E3A0EB8ECECF07CC596
:106D000053F5FE0E5316D8B488EFB6F08AEFB6F0FE
:106D100090EFB6F00501736B030E726FD2EFB6F011
:106D200005017DBD96EFB6F098EFB6F09AEFB6F09C
:106D30001CEFB6F07DBF9FEFB6F0A1EFB6F0A3EF6A
:106D4000B6F08AEFB6F0010E2E6E000E2F6E000E1A
:106D5000306E000E316E7C0E326E050E336E356A6B
:106D6000010E346E3B0EB8ECECF005017C51D8B44A
:106D7000BCEFB6F0BEEFB6F0C0EFB6F08AEFB6F0FB
:106D80007AC56CF57BC56DF574C56EF575C56FF587
:106D9000010E706F000E716F1CECD6F00501736B65
:106DA000000E726F1200480E07010F6F860E106FF3
:106DB000010E116F38ECF5F0BEECEFF0520E05014C
:106DC000606FF90E616FA8ECF4F018ECF6F0770E36
:106DD0000601FA6FFE0EFB6F6FC707F570C708F567
:106DE0006DC709F56EC70AF519ECF4F007C5FCF696
:106DF00008C5FDF609C5FEF60AC5FFF6B0ECC9F0F8
:106E0000FAC6D2F7FBC6D3F70701D251D311D8A4E3
:106E10000CEFB7F00EEFB7F0B0EFB7F0B00E050122
:106E2000606F070E616FBB0E626FFF0E636FA00E87
:106E3000646F080E656FB40E666FFF0E676F13EC1C
:106E4000F2F073C707F574C708F575C709F576C77B
:106E50000AF519ECF4F007C5CEF708C5CFF709C558
:106E6000D0F70AC5D1F7B00E0601FA6F070EFB6F17
:106E7000CEC7FCF6CFC7FDF6D0C7FEF6D1C7FFF6EA
:106E8000B0ECC9F0FAC6D2F7FBC6D3F70701D2516E
:106E9000D311D8A44EEFB7F050EFB7F0B0EFB7F082
:106EA0001F51A46F2051A56FA66BA76B100EA425D0
:106EB000A86F000EA521A96F000EA621AA6F000ED3
:106EC000A721AB6F050E6AEFB7F0D890AB33AA33AA
:106ED000A933A833E82E65EFB7F0040ED890A83791
:106EE000A937AA37AB37E82E6EEFB7F0100EA825FA
:106EF000AC6F000EA921AD6F000EAA21AE6F000E7F
:106F0000AB21AF6FAC51CE27AD51CF23AE51D023C3
:106F1000AF51D123B00E0501606F070E616FBB0E3C
:106F2000626FFF0E636FA00E646F080E656F4B0EED
:106F3000666FFF0E676F13ECF2F0B00E0601FA6F8A
:106F4000070EFB6FCEC7FCF6CFC7FDF6D0C7FEF627
:106F5000D1C7FFF6B0ECC9F0FAC6D2F7FBC6D3F73B
:106F60000701D251D311D8B4B8EFB7F0BAEFB7F0E8
:106F7000C7EFB7F0350E0501606FFA0E616FA8EC30
:106F8000F4F00701A36B010EA26F02EFB8F06AECF8
:106F9000E5F0070161516211D8A4D1EFB7F0D3EF4A
:106FA000B7F0DBEFB7F075C75DF776C75EF773C76D
:106FB0005FF774C760F76FC707F570C708F56DC74F
:106FC00009F56EC70AF519ECF4F007C5CEF708C548
:106FD000CFF709C5D0F70AC5D1F7CEC70FF5CFC790
:106FE00010F5D0C711F5D1C712F55D0E136E070E5F
:106FF000146E166A040E156E10ECE5F00701A36B13
:10700000000EA26F1200EFC5D9F4F0C5DAF4DEC4A9
:10701000FEF5DDC4FFF50501F451F311F21109E1AC
:10702000020EF15DD8A017EFB8F019EFB8F02EEF0F
:10703000B8F020EE14F0FE51D926FF51DA22DE50CE
:10704000F15DDE50F259DE50F359DE50F459D8A00C
:107050002CEFB8F02EEFB8F031EFB8F0020E20EFC1
:10706000B9F0F551F611F711F811D8B43AEFB8F0BC
:107070003CEFB8F05FEFB8F0FEC5CEF5FFC5CFF539
:10708000F5C5D0F5F6C5D1F5F7C5D2F5F8C5D3F5F8
:10709000FF0ED46FFF0ED56FFF0ED66FFF0ED76FAA
:1070A000EDEC9AF00501FD6FFD51D8B45AEFB8F040
:1070B0005CEFB8F05FEFB8F0FD5120EFB9F0EFC52D
:1070C000CEF5F0C5CFF5F1C5D0F5F2C5D1F5F3C5D4
:1070D000D2F5F4C5D3F52FECA6F0CEC5F9F5CFC5A2
:1070E000FAF5D0C5FBF5D1C5FCF50501F951FA114A
:1070F000FB11FC11D8A47FEFB8F081EFB8F083EF5B
:10710000B8F01FEFB9F0F905FA11FB11FC11D8A482
:107110008CEFB8F08EEFB8F090EFB8F02EEFB8F03B
:10712000F9290AE1FA2908E1FB2906E1FC29D8A49A
:107130009CEFB8F09EEFB8F0A1EFB8F0010E20EF91
:10714000B9F0FEC5CEF5FFC5CFF5F1C5D0F5F2C556
:10715000D1F5F3C5D2F5F4C5D3F5000ED46F000E0A
:10716000D56F000ED66F000ED76FEDEC9AF00501CB
:10717000FD6FFD51D8B4BFEFB8F0C1EFB8F0C3EF69
:10718000B8F05CEFB8F020EE14F0FE51D926FF51B4
:10719000DA22FE0EDE240601006FFF0EDE20016FF4
:1071A000FF0EDE20026FFF0EDE20036F050120EED2
:1071B00010F0FE51D926FF51DA2206010051DE5CA3
:1071C0000151DE580251DE580351DE58D8B0EBEFC2
:1071D000B8F0EDEFB8F001EFB9F0050120EE10F0D6
:1071E000FE51D926FF51DA22DE2A000EDE22DE22EF
:1071F000DE2220EE05F0FE51D926FF51DA22000EE4
:10720000DB80F9C5F1F5FAC5F2F5FBC5F3F5FCC570
:10721000F4F5050120EE14F0FE51D926FF51DA22D3
:10722000DE50F15DDE50F259DE50F359DE50F45974
:10723000D8A01DEFB9F01FEFB9F05FEFB8F0000E66
:10724000120020EE10F02650D9262750DA22DEC494
:1072500007F5DDC408F520EE0EF02650D92627509C
:10726000DA22DEC409F5DDC40AF519ECF4F007C52D
:1072700029F508C52AF509C52BF50AC52CF51FEF18
:10728000BAF026C507F527C508F5CCECF5F03CEFBC
:10729000BAF0000E076E070E086E2D0E096E050E71
:1072A0000A6ED00E6CECE0F0FF0AD8A45AEFB9F0E9
:1072B0005CEFB9F05EEFB9F041EFB9F0A19E2D504F
:1072C0001EECF5F007015C6F2E501EECF5F0070187
:1072D000596F2F501EECF5F007015A6F31501EEC1C
:1072E000F5F0286E2850366E376A32501EECF5F0F5
:1072F000286E2850346E356A33501EECF5F0286E37
:107300002850386E396A395009E1500E385CD8A0DF
:107310008CEFB9F08EEFB9F094EFB9F06C0E38261F
:10732000070E392298EFB9F0D00E3826070E392211
:1073300038C518F539C519F534C51AF535C51BF525
:1073400036C51CF537C51DF500ECE0F018C557F73C
:1073500019C558F7A18E29C50FF52AC510F52BC5FB
:1073600011F52CC512F5570E136E070E146E166A22
:10737000060E156E10ECE5F026C507F527C508F5D5
:10738000C1ECF5F03CEFBAF026C507F527C508F5C6
:10739000D7ECF5F03CEFBAF029C50FF52AC510F58A
:1073A0002BC511F52CC512F5570E136E070E146E72
:1073B000166A060E156EB6ECE4F057C712F558C7FC
:1073C00013F5380E146E050E156E340E166E050E7E
:1073D000176E360E186E050E196E86ECD5F0070185
:1073E0005C51EDECEAF02D6E07015951EDECEAF03D
:1073F0002E6E07015A51EDECEAF02F6E3650EDEC8F
:10740000EAF0316E3450EDECEAF0326E3850EDECCB
:10741000EAF0336E000E076E070E086E2D0E096E31
:10742000050E0A6ED00E38ECE9F0FF0AD8A41BEF67
:10743000BAF01DEFBAF0BCEFB9F041EFB9F020EEB1
:1074400002F02650D9262750DA22DF50030AD8B49A
:1074500041EFB9F0070AD8B449EFB9F0010AD8B43E
:10746000C4EFB9F00D0AD8B4CCEFB9F0010AD8B422
:10747000CCEFB9F0BCEFB9F0120016EFBBF055C677
:1074800007F556C608F5C6ECF1F055C607F556C621
:1074900008F5C1ECF5F04CEFBBF055C607F556C644
:1074A00008F5FFECF5F055C607F556C608F5C1EC32
:1074B000F5F04CEFBBF055C607F556C608F5B6EC2F
:1074C000E7F007500810D8B468EFBAF06AEFBAF0E6
:1074D00072EFBAF055C607F556C608F5ABECF5F0F5
:1074E0004CEFBBF055C607F556C608F5C1ECF5F0F4
:1074F0004CEFBBF055C607F556C608F5CCECF5F0D9
:107500004CEFBBF055C60AF556C60BF5EFECEFF0A5
:107510000A500B10D8B48FEFBAF091EFBAF093EF96
:10752000BAF04CEFBBF055C64DF656C64EF66DECB4
:10753000E6F006014D514E11D8B4A1EFBAF0A3EF19
:10754000BAF072EFBAF055C607F556C608F595ECD5
:10755000F5F04CEFBBF055C607F556C608F5D7EC6D
:10756000F5F04CEFBBF055C60AF556C60BF5EFEC3F
:10757000EFF00A500B10D8B4C0EFBAF0C2EFBAF077
:10758000C4EFBAF04CEFBBF055C649F656C64AF602
:1075900006ECE8F0060149514A11D8B4D2EFBAF02E
:1075A000D4EFBAF072EFBAF055C607F556C608F533
:1075B0008AECF5F04CEFBBF055C60AF556C60BF554
:1075C000EFECEFF00A500B10D8B4E9EFBAF0EBEFA4
:1075D000BAF0EDEFBAF04CEFBBF055C64DF656C61B
:1075E0004EF64DECD4F006014D514E11D8B4FBEFE0
:1075F000BAF0FDEFBAF005EFBBF055C607F556C679
:1076000008F5A0ECF5F04CEFBBF00701274B282B59
:1076100072EFBAF0070127512811D8A412EFBBF07E
:1076200014EFBBF072EFBAF07AEFBAF0060120EE79
:1076300002F05551D9265651DA22DF50000AD8B44B
:107640003FEFBAF0010AD8B44DEFBAF0030AD8B44C
:107650005BEFBAF0010AD8B47AEFBAF0070AD8B4EF
:1076600082EFBAF0010AD8B4ABEFBAF00D0AD8B481
:10767000B3EFBAF0010AD8B4DCEFBAF0040AD8B418
:1076800005EFBBF0030AD8B40AEFBBF0010AD8B487
:10769000ABEFBAF072EFBAF012002FC6D9F430C6D1
:1076A000DAF4DEC439F6DDC43AF65AEFBBF006016F
:1076B000314B322B31C6F6F432C6F7F4000EF86EB9
:1076C0003F0EF76403D00800F55005D0F6C4E9F486
:1076D000F7C4EAF4EF502F0AD8B471EFBBF073EFA0
:1076E000BBF057EFBBF031C6F6F432C6F7F4000E2C
:1076F000F86E3F0EF76403D00800F55005D0F6C4CD
:10770000E9F4F7C4EAF4EF505C0AD8B48AEFBBF0AE
:107710008CEFBBF057EFBBF0060120EE06F02F51C7
:10772000D9263051DA22DE6ADE6ADE6ADD6A31C6C7
:10773000F6F432C6F7F4000EF86E3F0EF76403D08D
:107740000800F55005D0F6C4E9F4F7C4EAF4EF50A8
:107750000601336F200E3361B0EFBBF0B2EFBBF028
:10776000CDEFBBF020EE27F02F51D9263051DA2291
:10777000800EDF6E2FC6E8F530C6E9F5000E050174
:10778000EA6F000EEB6F000EEC6F000EED6F25EC54
:10779000A8F006013C6F5AEFBCF02FC60FF530C6BB
:1077A00010F5310E116E060E126E02ECAAF00601F3
:1077B0003C6F3C51D8B4DFEFBBF0E1EFBBF0E3EF3F
:1077C000BBF05AEFBCF02FC6FDF530C6FEF53BEC22
:1077D000CBF006013C6F20EE27F02F51D926305117
:1077E000DA22DF503B6F3C51D8B4F9EFBBF0FBEF2E
:1077F000BBF00FEFBCF0040E3C19D8A402EFBCF0B4
:1078000004EFBCF05AEFBCF03BB509EFBCF00BEF56
:10781000BCF05AEFBCF0050E3C6F5AEFBCF03BA534
:1078200014EFBCF016EFBCF018EFBCF05AEFBCF050
:1078300020EE04F02F51D9263051DA22DFB823EFA1
:10784000BCF025EFBCF027EFBCF00BEFBCF039C665
:107850000EF53AC60FF520EE0EF02F51D926305115
:10786000DA22DEC433F6DDC434F6FF0E3315356F8D
:10787000010E3415366F35513925376F36513A219F
:10788000386F300E3725106E000E3821116EF8EC6F
:10789000EBF0060120EE06F02F51D9263051DA2206
:1078A0000EC5DEF40FC5DEF410C5DEF411C5DEF43E
:1078B000CDEFBBF03C511200CEC56CF5CFC56DF5D8
:1078C000D70E05016E6F050E6F6FFDECDAF0050146
:1078D000D46FD451D8A46FEFBCF071EFBCF063EF5C
:1078E000BDF020EE0EF0CE51D926CF51DA22DFAC1A
:1078F0007CEFBCF07EEFBCF063EFBDF020EE0EF04D
:10790000CE51D926CF51DA22DFAE89EFBCF08BEF12
:10791000BCF0BFEFBCF0220ECE25A66F000ECF212B
:10792000A76F20EE18F0CE51D926CF51DA22DEC44F
:10793000A8F5DEC4A9F5DEC4AAF5DEC4ABF5AD6BCF
:10794000010EAC6F20EE01F0D751D926D851DA22C2
:10795000DF5083ECE9F00009D8B4B1EFBCF0B3EF2D
:10796000BCF0B6EFBCF0010E64EFBDF0050120EEF7
:107970000EF0CE51D926CF51DA227F0EDF1608EC59
:10798000F6F007C5D0F508C5D1F509C5D2F50AC589
:10799000D3F5D7C5C3F5D8C5C4F5050120EE1CF055
:1079A000CE51D926CF51DA22DEC4C5F5DEC4C6F5E4
:1079B000DEC4C7F5DEC4C8F5D5ECE2F00501D46F2E
:1079C000D451D8A4E6EFBCF0E8EFBCF063EFBDF013
:1079D00020EE20F0CE51D926CF51DA22DEC4D5F5E3
:1079E000DDC4D6F520EE0BF0D551D926D651DA22DA
:1079F000000EDB8ACEC5D9F4CFC5DAF4DEC40BF5B0
:107A0000DDC40CF5D5C50DF5D6C50EF520EE06F096
:107A1000CE51D926CF51DA22DEC40FF5DEC410F5DF
:107A2000DEC411F5DEC412F539ECF2F01C0E0501CE
:107A3000D525076E000ED621086E20EE0AF0CE5135
:107A4000D926CF51DA22DEC409F5DEC40AF5DEC438
:107A50000BF5DEC40CF557ECEEF0160E0501D5253E
:107A6000076E000ED621086ED0C509F5D1C50AF5FE
:107A7000D2C50BF5D3C50CF557ECEEF0120E05018F
:107A8000D525076E000ED621086E0A6A000E096E13
:107A900080ECF4F0050120EE04F0D751D926D8513E
:107AA000DA22010EDF6ED7C5C3F5D8C5C4F565EC83
:107AB000BDF00501D46F20EE0EF0CE51D926CF5186
:107AC000DA22BF0EDF16D4511200C3C5B1F5C4C50A
:107AD000B2F5E4ECC8F00501CD6FCD51D8A473EF39
:107AE000BDF075EFBDF067EFBEF0C3C5D9F4C4C5F6
:107AF000DAF4030EDE18D8A480EFBDF082EFBDF0FB
:107B00004DEFBEF020EE05F0C351D926C451DA2264
:107B1000DE04D8A48EEFBDF090EFBDF04DEFBEF0C7
:107B2000300EC325076E000EC421086E0A6A000ECF
:107B3000096E020E0C6E000E0B6EC5ECF3F02E0EED
:107B40000501C325076E020EC421086EAA0E0A6E37
:107B5000550E096E80ECF4F0300E0501C325076E5A
:107B6000000EC421086E520E096E520E0A6E610E8E
:107B70000B6E410E0C6E57ECEEF0140E0501C32592
:107B8000076E020EC421086E720E096E720E0A6E26
:107B9000410E0B6E610E0C6E57ECEEF0180E0501E7
:107BA000C325076E020EC421086E20EE10F0C351EB
:107BB000D926C451DA22DEC409F5DEC40AF5DEC4D2
:107BC0000BF5DEC40CF557ECEEF01C0E0501C325D9
:107BD000076E020EC421086E20EE0CF0C351D926A8
:107BE000C451DA22DEC409F5DEC40AF5DEC40BF5A1
:107BF000DEC40CF557ECEEF0050120EE1CF0C3518D
:107C0000D926C451DA22DEC4C5F5DEC4C6F5DEC409
:107C1000C7F5DEC4C8F5010EC525C96F000EC62123
:107C2000CA6F000EC721CB6F000EC821CC6F20EEAB
:107C30002CF0C351D926C451DA22C9C5DEF4CAC515
:107C4000DEF4CBC5DEF4CCC5DEF4300EC325A66F62
:107C5000000EC421A76F20EE2CF0C351D926C451C9
:107C6000DA22DEC4A8F5DEC4A9F5DEC4AAF5DEC4B6
:107C7000ABF5AD6B010EAC6F20EE01F0C351D92610
:107C8000C451DA22DF5083ECE9F0050120EE05F063
:107C9000C351D926C451DA22DF6A000E516E000E9C
:107CA000526E000E536E20EE01F0C351D926C4511E
:107CB000DA22DF5027ECEFF00009D8B462EFBEF013
:107CC00064EFBEF067EFBEF0010E0501CD6F050158
:107CD000CD5112000701836B000E826F82C784F7BB
:107CE00083C785F74BEFBFF08451410F816F5A0E68
:107CF0007F6F1B0E806F7FC760F580C761F5310E07
:107D00000501626FFE0E636FA00E646F080E656F53
:107D100081C766F5676B13ECF2F0220E0701776FEF
:107D2000020E786F77518203F3C479F7F4C47AF7BF
:107D30008303F3507A2778518203F3507A27800E19
:107D400079250601AA6F0A0E07017A210601AB6F99
:107D50007FC7ACF680C7ADF6030EAE6F94EC91F022
:107D60000009D8A4B6EFBEF0B8EFBEF048EFBFF000
:107D7000860E0501606FF40E616FA00E626F080E33
:107D8000636F81C764F5656B81C766F5676BA8ECA7
:107D9000F4F00601FA05FB11D8A4D1EFBEF0D3EF41
:107DA000BEF014EFBFF0220E0701776F020E786F5E
:107DB00077518203F3C479F7F4C47AF78303F3505D
:107DC0007A2778518203F3507A27800E79257B6FCA
:107DD0000A0E7A217C6FDD0E7D6F080E7E6F020E1B
:107DE0007D27000E7E23D8908435D96E8535DA6ED6
:107DF000D890D936DA367D51D9267E51DA227BC722
:107E0000DEF47CC7DDF40801DF51E011D8A40BEFEC
:107E1000BFF00DEFBFF045EFBFF0FF0E0601FB6FA7
:107E2000FC0EFA6F68EFBFF0220E0701776F020EAB
:107E3000786F77518203F3C479F7F4C47AF7830338
:107E4000F3507A2778518203F3507A27800E7925F0
:107E50007B6F0A0E7A217C6FD8908435D96E853578
:107E6000DA6E000ED926080EDA227BC7DEF47CC754
:107E7000DDF4080100510111D8A441EFBFF043EF38
:107E8000BFF045EFBFF00DEFBFF00701824B832B32
:107E90000701844B852B855107E1040E845DD8B022
:107EA00054EFBFF056EFBFF064EFBFF083BF62EF57
:107EB000BFF0835109E1040E825DD8A062EFBFF0EC
:107EC00064EFBFF074EFBEF00601FB6B000EFA6FBB
:107ED000120020EE09F01650D9261750DA22DF6A78
:107EE00020EE16F01450D9261550DA22DE50DE109E
:107EF000DE10DE10D8A47FEFBFF081EFBFF083EF7C
:107F0000BFF063EFC0F0206A000E1F6E1FC51CF5A6
:107F100020C51DF5E0EFBFF020EE1AF01450D92671
:107F20001550DA22DEC418F5DDC419F51C501824EA
:107F3000D96E1D501920DA6EDF501E6E1C4A1D2AA4
:107F4000200E1E18D8A4A7EFBFF0A9EFBFF0ABEF2B
:107F5000BFF0E0EFBFF0050E1E18D8A4B2EFBFF0DF
:107F6000B4EFBFF0B6EFBFF0E50E1E6E090E1C18A1
:107F70001D10D8A4BEEFBFF0C0EFBFF0D0EFBFF030
:107F80001F501624186E20501720196E090E182441
:107F9000D96E000E1920DA6E2E0EDF6E1F4A202ACF
:107FA0001F501624186E20501720196E090E182421
:107FB000D96E000E1920DA6E1EC5DFF41F4A202A82
:107FC0001D5009E10B0E1C5CD8A0E9EFBFF0EBEFF0
:107FD000BFF08CEFBFF01F501624186E20501720F2
:107FE000196E090E1824D96E000E1920DA6EDF6A98
:107FF00020EE08F01650D9261750DA2210EE1AF0AB
:108000001450E1261550E22200EE0BF0E650E9266E
:10801000E550EA22EF503F0BDF6E20EE1AF01450CD
:10802000D9261550DA22DEC418F5DDC419F51C0E68
:108030001824076E000E1920086E5AECE4F016C5DD
:10804000D9F417C5DAF407C5DEF408C5DEF409C5AE
:10805000DEF40AC5DEF420EE1AF01450D9261550CD
:10806000DA22DEC418F5DDC419F5160E1824076EE1
:10807000000E1920086EE1ECF3F020EE06F0165029
:10808000D9261750DA2207C5DEF408C5DDF420EE44
:108090001AF01450D9261550DA22DEC418F5DDC4C2
:1080A00019F5180E1824076E000E1920086EE1EC61
:1080B000F3F020EE04F01650D9261750DA2207C547
:1080C000DEF408C5DDF41200DCC5CEF5DDC5CFF564
:1080D000000E0501D06F000ED16F000ED26F000EA2
:1080E000D36FCCECAEF0CEC5F6F5CFC5F7F5020EEA
:1080F0000501F619F711D8B480EFC0F082EFC0F097
:108100009CEFC0F0F75107E1030EF65DD8B08BEF9E
:10811000C0F08DEFC0F096EFC0F0DE51DF11D8A4B3
:1081200094EFC0F096EFC0F09CEFC0F0F6C5DCF520
:10813000F7C5DDF55AEFC1F0F96B000EF86FF8C521
:10814000E0F5F9C5E1F5E03BE13BF00EE117E05168
:108150000F0BE113F00EE017E051DC25E26FE15167
:10816000DD21E36FF60EE225076E010EE321086EB6
:108170005AECE4F0E60E0501E46F050EE56FD890C9
:10818000F835D96EF935DA6ED890D936DA36E45149
:10819000D926E551DA2207C5DEF408C5DEF409C5A3
:1081A000DEF40AC5DEF4F84BF92BF95109E1040EAF
:1081B000F85DD8A0DEEFC0F0E0EFC0F09FEFC0F0B8
:1081C000DE51DF11D8A4E7EFC0F0E9EFC0F0EEEF29
:1081D000C0F0F96B000EF86FF4EFC0F0FF0EDE2573
:1081E000F86FFF0EDF21F96FE60EE06F050EE16F0D
:1081F000D890F835D96EF935DA6ED890D936DA36A6
:10820000E051D926E151DA22DE50DE10DE10DE1018
:10821000D8A40DEFC1F00FEFC1F014EFC1F0F76B70
:10822000030EF66F36EFC1F0DCC5CEF5DDC5CFF538
:10823000E60EE06F050EE16FD890F835D96EF9358E
:10824000DA6ED890D936DA36E051D926E151DA2201
:10825000DEC4D0F5DEC4D1F5DEC4D2F5DEC4D3F57C
:10826000CCECAEF0CEC5F6F5CFC5F7F50501DE5185
:10827000DF11D8A43EEFC1F040EFC1F096EFC0F09F
:10828000F75109E1020EF65DD8A049EFC1F04BEFBE
:10829000C1F096EFC0F0F84BF92BF95109E1040E4B
:1082A000F85DD8A056EFC1F058EFC1F0F4EFC0F080
:1082B00096EFC0F012001BEFC2F084ECF2F0075012
:1082C0000701416F3FEFC2F04151E2ECF5F03FEFA3
:1082D000C2F056505710D8A470EFC1F073EFC1F040
:1082E000010E74EFC1F0000E416F3FEFC2F05A0E65
:1082F00005016D6F1B0E6E6F41C76FF5706B44C744
:1083000007F545C708F542C709F543C70AF519EC53
:10831000F4F007C50FF508C510F509C511F50AC534
:1083200012F56DC513F56EC514F56FC515F570C55D
:1083300016F5B6ECE4F0AAEFC1F06DC5D9F46EC540
:10834000DAF4DF50E2ECF5F005016D4B6E2B6F07B0
:10835000D8A0700705016F517011D8A4B2EFC1F019
:10836000B4EFC1F09DEFC1F03FEFC2F0565057108F
:10837000D8B4BDEFC1F0BFEFC1F0C1EFC1F05DEF08
:10838000C1F0416B3FEFC2F041C76CF505016C5184
:108390000FECF5F00701416F3FEFC2F05A0E0501F7
:1083A0006D6F1B0E6E6F6DC507F56EC508F541C785
:1083B00009F553ECE8F007C56FF508C570F56FC512
:1083C00041F705016F517011D8B4E9EFC1F0EBEF3F
:1083D000C1F03FEFC2F044C707F545C708F542C7F3
:1083E00009F543C70AF519ECF4F007C50FF508C500
:1083F00010F509C511F50AC512F56DC513F56EC561
:1084000014F56FC515F570C516F510ECE5F03FEFE6
:10841000C2F03F6B346B010E336F3FEFC2F06B0E57
:108420000501606FFA0E616F40C762F5636BA8ECDF
:10843000F4F03FEFC2F007014051010AD8B45DEFFC
:10844000C1F0030AD8B464EFC1F0010AD8B469EFEF
:10845000C1F0070AD8B477EFC1F00D0AD8B4B6EF6F
:10846000C1F0030AD8B4C4EFC1F0010AD8B4CEEF0A
:10847000C1F0F40AD8B409EFC2F00FEFC2F007015F
:10848000406B120022ECF6F0830E0501606FF40ED3
:10849000616FA8ECF4F0770E0601FA6FFE0EFB6F29
:1084A0006FC707F570C708F56DC709F56EC70AF500
:1084B00019ECF4F007C5FCF608C5FDF609C5FEF693
:1084C0000AC5FFF6B0ECC9F0FAC6C2F7FBC6C3F79F
:1084D0000701C251C311D8A470EFC2F072EFC2F00D
:1084E000DCEFC2F0A40E0501606F070E616FBB0EDA
:1084F000626FFF0E636FA00E646F080E656F410E12
:10850000666FFF0E676F13ECF2F0A40E0601FA6FB0
:10851000070EFB6F67C707F568C708F563C709F55E
:1085200064C70AF519ECF4F007C5FCF608C5FDF6BA
:1085300009C5FEF60AC5FFF6B0ECC9F0FAC6C2F7E7
:10854000FBC6C3F70701C251C311D8A4AAEFC2F0FA
:10855000ACEFC2F0DCEFC2F0A40E0501606F070EB5
:10856000616FBB0E626FFF0E636FA00E646F080E2B
:10857000656F840E666FFE0E676F13ECF2F0A40E4B
:108580000601FA6F070EFB6F67C707F568C708F5A6
:1085900065C709F566C70AF519ECF4F007C5FCF6DE
:1085A00008C5FDF609C5FEF60AC5FFF6B0ECC9F030
:1085B000FAC6C2F7FBC6C3F70701C251C311D8B44C
:1085C000E4EFC2F0E6EFC2F0F3EFC2F0350E0501C2
:1085D000606FFA0E616FA8ECF4F00701A36B010E57
:1085E000A26F23EFC3F061516211D8A4FAEFC2F079
:1085F000FCEFC2F004EFC3F063C75DF764C75EF73A
:1086000067C75FF768C760F76FC707F570C708F5FA
:108610006DC709F56EC70AF519ECF4F007C50FF53B
:1086200008C510F509C511F50AC512F55D0E136EE2
:10863000070E146E166A040E156E10ECE5F00701B5
:10864000A36B000EA26F1200000E0F6EF50E106EDF
:10865000070E116E000E126E610E136E060E146E72
:10866000166A0C0E156EB6ECE4F006016151D8B432
:108670003CEFC3F03EEFC3F046EFC3F0610E1E6E59
:10868000060E1F6E62ECD2F0EBEFC3F05A0E5F6F76
:108690001B0E606F6B51576F6C51586F596B5A6B53
:1086A000040ED8905737583759375A37E82E51EFBC
:1086B000C3F0695157255B6F6A5158215C6F000EFA
:1086C00059215D6F000E5A215E6F5BC60FF55CC6C7
:1086D00010F55DC611F55EC612F55FC613F560C6EE
:1086E00014F5166A160E156EB6ECE4F0C2EFC3F080
:1086F0005FC61EF560C61FF57FECCDF0DAEFC3F064
:108700005FC609F560C60AF511ECF6F0DAEFC3F0C2
:108710005FC626F560C627F502D89AEFC3F00500BC
:10872000FA6E07011251FD6E1351FE6E1451FF6E69
:10873000FA501200DAEFC3F05FC61EF560C61FF5EF
:10874000C0ECCCF0DAEFC3F05FC655F660C656F663
:108750003DECBAF0DAEFC3F020EE03F05F51D9261A
:108760006051DA22030EDE6E810EDD6E8D0E050184
:10877000606FF90E616F61C662F5636BA8ECF4F08F
:10878000DAEFC3F006016751100AD8B478EFC3F0EE
:10879000300AD8B480EFC3F0100AD8B488EFC3F021
:1087A000700AD8B49CEFC3F0100AD8B4A4EFC3F099
:1087B000ACEFC3F05BC60FF55CC610F55DC611F5F6
:1087C0005EC612F55FC613F560C614F5166A160E7E
:1087D000156E10ECE5F0000E0F6EF50E106E070E24
:1087E000116E000E126E610E136E060E146E166A76
:1087F000020E156E10ECE5F0120007014851040D51
:10880000DF0EF324D96E080EF420DA6EDEC450F6C3
:10881000DDC451F640ECD7F00501FD51FE11D8B48E
:1088200014EFC4F016EFC4F01BEFC4F00601476963
:108830004869D3EFC4F04EC707F54FC708F54CC7DA
:1088400009F54DC70AF519ECF4F007C54CF608C553
:108850004DF609C54EF60AC54FF64CC60FF54DC686
:1088600010F54EC611F54FC612F5800E136E090EA7
:10887000146E166A800E156EB6ECE4F00701025114
:10888000D8B445EFC4F047EFC4F07EEFC4F0035115
:10889000D8B44DEFC4F04FEFC4F07EEFC4F048C73A
:1088A00049F6010E06014A6F000E4B6F492B5CEF33
:1088B000C4F0D8904A374B37492F59EFC4F007011D
:1088C000045106014A170701055106014B174A5189
:1088D0004B11D8A46EEFC4F070EFC4F07EEFC4F07B
:1088E000C10E0501876FFF0E886F800E896F090E1C
:1088F0008A6F8C6B800E8B6F38ECECF050C60FF6E5
:1089000051C610F6800E0601116F090E126F146B1E
:10891000800E136F530E156F060E166F6BEC85F0FD
:108920000601526F5251D8A498EFC4F09AEFC4F0E8
:10893000A4EFC4F0800E53195411D8B4A2EFC4F0C0
:10894000A4EFC4F0B4EFC4F0130E0501606FF90E8C
:10895000616F52C662F5636B53C664F554C665F524
:10896000A8ECF4F016EFC4F050C6CEF551C6CFF522
:108970005CECBCF00601526F5251D8B4C2EFC4F0A7
:10898000C4EFC4F0D0EFC4F0C80E0501606FFC0E58
:10899000616F52C662F5636BA8ECF4F016EFC4F099
:1089A000486B000E476F12005950020D000EF32461
:1089B000D96E080EF420DA6EDEC444F6DDC445F646
:1089C0003FC6FDF540C6FEF5FCECE3F00501FD51A8
:1089D000FE11D8B4EEEFC4F0F0EFC4F0F5EFC4F040
:1089E00006013F694069A8EFC5F021C707F522C716
:1089F00008F523C709F524C70AF519ECF4F007C5F3
:108A00000FF508C510F509C511F50AC512F55A0E7E
:108A1000136E190E146E020E166E000E156EB6EC65
:108A2000E4F007010251D8B418EFC5F01AEFC5F011
:108A300052EFC5F00351D8B420EFC5F022EFC5F0D6
:108A400052EFC5F059C541F6010E0601426F000E06
:108A5000436F412B2FEFC5F0D89042374337412F5A
:108A60002CEFC5F00701045106014217070105511B
:108A70000601431742514311D8A441EFC5F043EF1B
:108A8000C5F052EFC5F0C10E0501876FFF0E886F6C
:108A90005A0E896F190E8A6F020E8C6F000E8B6F43
:108AA00038ECECF044C60FF645C610F65A0E060137
:108AB000116F190E126F020E146F000E136F470E16
:108AC000156F060E166F6BEC85F00601466F46516A
:108AD000D8A46DEFC5F06FEFC5F079EFC5F0020EC9
:108AE00048194711D8B477EFC5F079EFC5F089EF91
:108AF000C5F0130E0501606FF90E616F46C662F591
:108B0000636B47C664F548C665F5A8ECF4F0F0EF72
:108B1000C4F044C6CEF545C6CFF55CECBCF006010A
:108B2000466F4651D8B497EFC5F099EFC5F0A5EF61
:108B3000C5F0C80E0501606FFC0E616F46C662F598
:108B4000636BA8ECF4F0F0EFC4F0406B000E3F6FE5
:108B50001200040E0601356F29C6D9F42AC6DAF4CC
:108B6000DEC431F6DDC432F655EFC6F031C6C3F5CA
:108B700032C6C4F520EE16F02951D9262A51DA2240
:108B8000DEC4C5F5DEC4C6F5DEC4C7F5DEC4C8F56F
:108B9000D5ECE2F00601356F3551D8B4D2EFC5F00F
:108BA000D4EFC5F0D6EFC5F066EFC6F020EE1AF0B0
:108BB0002951D9262A51DA22DEC42DF6DDC42EF63B
:108BC0002DC6D9F42EC6DAF4DF50346F3451D8A450
:108BD000ECEFC5F0EEEFC5F0F2EFC5F0040E356F27
:108BE00066EFC6F020EE1AF02951D9262A51DA2272
:108BF00010EE0BF0DE50E126DD50E222E7503F0B95
:108C0000336F20EE04F02951D9262A51DA2233C6D7
:108C1000DFF4E50E3419D8B410EFC6F012EFC6F049
:108C200040EFC6F02E0E3419D8B419EFC6F01BEF82
:108C3000C6F040EFC6F00F0E3319D8B422EFC6F0DD
:108C400024EFC6F040EFC6F03351DF0B080AD8B46A
:108C50002CEFC6F02FEFC6F0010E30EFC6F0000E7D
:108C60002D6F2E6B2B512D1907E12C512E19D8A4E5
:108C70003CEFC6F03EEFC6F040EFC6F066EFC6F040
:108C800029C60FF62AC610F6126B000E116F1AECE9
:108C9000A4F00601356F3551D8B451EFC6F053EF4B
:108CA000C6F055EFC6F066EFC6F020EE16F029517B
:108CB000D9262A51DA22DE50DE10DE10DE10D8A4CA
:108CC00064EFC6F066EFC6F0B6EFC5F03551D8B424
:108CD0006CEFC6F06EEFC6F078EFC6F020EE16F03F
:108CE0002951D9262A51DA22DE6ADE6ADE6ADD6A75
:108CF000355112000601806F06018051D8B483EF10
:108D0000C6F085EFC6F088EFC6F0020E48EFC7F058
:108D1000000E05018B6F000E8C6F000E8D6F000E24
:108D20008E6F010E906F800E8F6F000E916F060E8A
:108D3000926F946B800E936F13ECB3F005018B511F
:108D40008C11D8B4A6EFC6F0A8EFC6F0AAEFC6F013
:108D500085EFC6F0550E06017E19D8A4B2EFC6F015
:108D6000B4EFC6F085EFC6F0AA0E7F19D8B4BBEFFA
:108D7000C6F0BDEFC6F0BFEFC6F085EFC6F0420506
:108D8000D8B4C5EFC6F0C7EFC6F0F6EFC6F0040ED4
:108D90004219D8B4CEEFC6F0D0EFC6F0F6EFC6F069
:108DA000060E4219D8B4D7EFC6F0D9EFC6F0F6EFE9
:108DB000C6F00B0E4219D8B4E0EFC6F0E2EFC6F0F1
:108DC000F6EFC6F00C0E4219D8B4E9EFC6F0EBEF9F
:108DD000C6F0F6EFC6F00E0E4219D8B4F2EFC6F0A8
:108DE000F4EFC6F0F6EFC6F085EFC6F04951070183
:108DF000DC6FDD6BDE6BDF6B06014851DCC7A9F56C
:108E0000DDC7AAF5DEC7ABF50501A86BA811070100
:108E1000DC6F0501A9510701DD6F0501AA510701AA
:108E2000DE6F0501AB510701DF6F06014751DCC75B
:108E3000A9F5DDC7AAF5DEC7ABF50501A86BA8113A
:108E40000701DC6F0501A9510701DD6F0501AA517A
:108E50000701DE6F0501AB510701DF6F06014651C7
:108E6000DCC7A9F5DDC7AAF5DEC7ABF50501A86B20
:108E7000A8110701DC6F0501A9510701DD6F05018C
:108E8000AA510701DE6F0501AB510701DF6F000E2C
:108E90001200010E296E26BE50EFC7F053EFC7F047
:108EA000010E54EFC7F0000E2C6E54C52AF555C5BF
:108EB0002BF52C50D8B45FEFC7F061EFC7F076EF19
:108EC000C7F02A06D8A02B062C50D8A46AEFC7F00A
:108ED0006CEFC7F071EFC7F0286A2B0E276E74EFA6
:108EE000C7F0286A2D0E276E27C52CF52E6A1F0E97
:108EF0002D6E0801966BBFEFC7F02D06D8A02E0689
:108F0000770E2D24D96E080E2E20DA6E23C507F5B4
:108F100024C508F525C509F526C50AF50A0E0B6E08
:108F2000000E0C6E000E0D6E000E0E6E78ECDCF076
:108F300007C511F508C512F54FECF4F01150300FCC
:108F4000DF6E296A2A06D8A02B0623C507F524C59B
:108F500008F525C509F526C50AF50A0E0B6E000EA3
:108F60000C6E000E0D6E000E0E6EF5ECD9F007C5FE
:108F700023F508C524F509C525F50AC526F52EBE35
:108F8000CAEFC7F02E5008E12D04D8A0CAEFC7F0F1
:108F9000CCEFC7F0F3EFC7F02350241025102610B4
:108FA000D8A4D5EFC7F0D7EFC7F07DEFC7F02950B1
:108FB000D8A4DDEFC7F0DFEFC7F07DEFC7F02BBE21
:108FC000EAEFC7F02B5008E12A04D8A0EAEFC7F077
:108FD000ECEFC7F0F3EFC7F058B2F1EFC7F0F3EFE3
:108FE000C7F07DEFC7F02C50D8B4F9EFC7F0FBEF16
:108FF000C7F006EFC8F02D06D8A02E06770E2D2458
:10900000D96E080E2E20DA6E2CC5DFF421C518F5B6
:1090100022C519F5770E2D241A6E080E2E201B6E10
:109020002AC51CF52BC51DF5ECECE8F01200106804
:10903000116807C5D9F408C5DAF4DEC412F5DDC439
:1090400013F512C50DF513C50EF512501310D8A463
:109050002CEFC8F02EEFC8F032EFC8F007680868B0
:10906000E3EFC8F00DC5F6F40EC5F7F4000EF86E88
:109070003F0EF76403D00800F55005D0F6C4E9F4BC
:10908000F7C4EAF4EF500F6E0D4A0E2A200E0F645B
:109090004CEFC8F04EEFC8F057EFC8F03A0E0F187B
:1090A000D8A455EFC8F057EFC8F032EFC8F03A0E29
:1090B0000F18D8A45EEFC8F060EFC8F0E0EFC8F07A
:1090C0000C6A010E0B6E12C5F6F413C5F7F4000E10
:1090D000F86E3F0EF76403D00800F55005D0F6C4D3
:1090E000E9F4F7C4EAF4EF50096E2F0E09647BEF40
:1090F000C8F07DEFC8F0C1EFC8F012C5F6F413C593
:10910000F7F4000EF86E3F0EF76403D00800F55038
:1091100005D0F6C4E9F4F7C4EAF4EF50096E3A0E4C
:10912000096095EFC8F097EFC8F0C1EFC8F0020EE4
:109130001224096E000E13200A6E0D50091807E163
:109140000E500A18D8A4A7EFC8F0A9EFC8F0C1EFD5
:10915000C8F012C5F6F413C5F7F4000EF86E3F0E12
:10916000F76403D00800F55005D0F6C4E9F4F7C45D
:10917000EAF4EF50096ED00E09240B6E0C6AFF0E54
:109180000C220CBECEEFC8F00C5006E10B04D8B098
:10919000CCEFC8F0CEEFC8F0DAEFC8F00BC510F591
:1091A0000CC511F507C5D9F408C5DAF40DC5DEF410
:1091B0000EC5DDF410C507F511C508F5E3EFC8F0DD
:1091C000086A000E076E1200536A050120EE04F0D3
:1091D000B151D926B251DA22DF50D8B4F2EFC8F03B
:1091E000F4EFC8F0AEEFC9F0300EB125A66F000E57
:1091F000B221A76F20EE2CF0B151D926B251DA225C
:10920000DEC4A8F5DEC4A9F5DEC4AAF5DEC4ABF55C
:10921000AD6B010EAC6F20EE01F0B151D926B25109
:10922000DA22DF5083ECE9F00009D8A41AEFC9F084
:109230001CEFC9F0ACEFC9F0050120EE04F0B1510C
:10924000D926B251DA22DF6A20EE18F0B151D926C0
:10925000B251DA2210EE20F0B151E126B251E222F1
:10926000E6C4B7F5E6C4B8F5E6C4B9F5E6C4BAF5A0
:1092700010EE2CF0B151E126B251E222E6C4BBF56A
:10928000E6C4BCF5E6C4BDF5E6C4BEF5B751BB5DAA
:10929000BF6FB851BC59C06FB951BD59C16FBA51F8
:1092A000BE59C26FDE50BF5DDE50C059DE50C1599D
:1092B000DE50C259D8B05FEFC9F061EFC9F0AEEF30
:1092C000C9F020EE03F0B151D926B251DA22020ED4
:1092D000DE18D8A46EEFC9F070EFC9F0AEEFC9F098
:1092E000300EB125A66F000EB221A76F20EE18F048
:1092F000B151D926B251DA22DEC4B3F5DEC4B4F5D9
:10930000DEC4B5F5DEC4B6F520EE2CF0B151D92699
:10931000B251DA22DEC4B7F5DEC4B8F5DEC4B9F561
:10932000DEC4BAF5B351B725A86FB451B821A96FFF
:10933000B551B921AA6FB651BA21AB6FAD6B010E11
:10934000AC6F20EE01F0B151D926B251DA22DF50D4
:1093500083ECE9F0AEEFC9F0010E536E53501200EA
:109360005A0E0701996F1B0E9A6F770E0501606FF9
:10937000070E616FBE0E626FFF0E636FFAC664F573
:10938000FBC665F513ECF2F0380E0601AA6F150E58
:10939000AB6F770EAC6F070EAD6F010EAE6F94EC36
:1093A00091F00701A16FA151D8B4D9EFC9F0DBEF5B
:1093B000C9F0E1EFC9F0A1C7FAF60601FB6B75EF42
:1093C000CAF0FCC695F7FDC696F7FEC697F7FFC62E
:1093D00098F7650008F51FF765000CF520F71FC723
:1093E0009DF720C79EF7020E9C6F000E9B6F44EF07
:1093F000CAF0380E0501E86F150EE96F99C7EAF556
:109400009AC7EBF59BC7ECF59CC7EDF59F0EEE6F89
:10941000070EEF6FBCEC8DF00701A16FA151D8A42E
:1094200014EFCAF016EFCAF04DEFCAF095C70FF56A
:1094300096C710F597C711F598C712F599C713F598
:109440009AC714F59FC715F5A0C716F510ECE5F0FF
:1094500007019F519527A0519623000E9723000ED8
:1094600098239F519D5FA0519E5B9B519D5D9C5198
:109470009E59D8B03EEFCAF040EFCAF044EFCAF0B0
:109480009DC79BF79EC79CF79D519E11D8A44BEF9B
:10949000CAF04DEFCAF0F9EFC9F0A151D8A453EFCB
:1094A000CAF055EFCAF06CEFCAF0DA0E0501606F32
:1094B000F70E616FFAC662F5FBC663F5FCC664F58C
:1094C000FDC665F5FEC666F5FFC667F51FC768F5FC
:1094D00020C769F5A8ECF4F0380E0501D96F150E18
:1094E000DA6FA8ECF0F0DBEFC9F012005950020D72
:1094F000000EF324D96E080EF420DA6EDEC448F6AE
:10950000DDC449F63FC6FDF540C6FEF5FCECE3F0D0
:109510000501FD51FE11D8B490EFCAF092EFCAF0E8
:1095200097EFCAF006013F6940693AEFCBF048C6B1
:10953000E8F549C6E9F541C6EAF542C6EBF5020E83
:10954000ED6F000EEC6F4B0EEE6F060EEF6FBCEC86
:109550008DF006014A6F4A51D8A4B1EFCAF0B3EFBB
:10956000CAF0BDEFCAF0020E4C194B11D8B4BBEFD4
:10957000CAF0BDEFCAF0CDEFCAF0330E0501606F3F
:10958000F90E616F4AC662F5636B4BC664F54CC653
:1095900065F5A8ECF4F092EFCAF007010151D8B4D8
:1095A000D4EFCAF0D6EFCAF010EFCBF00351D8B425
:1095B000DCEFCAF0DEEFCAF010EFCBF059C545F68C
:1095C000010E0601466F000E476F452BEBEFCAF008
:1095D000D89046374737452FE8EFCAF007010451C6
:1095E0000601461707010551060147174651471165
:1095F000D8A4FDEFCAF0FFEFCAF010EFCBF0C10E18
:109600000501876FFF0E886F41C689F542C68AF54E
:10961000020E8C6F000E8B6F38ECECF036EFCBF057
:10962000060143514411D8B418EFCBF01AEFCBF038
:1096300036EFCBF021C707F522C708F523C709F598
:1096400024C70AF519ECF4F007C50FF508C510F5A5
:1096500009C511F50AC512F541C613F542C614F540
:10966000020E166E000E156E10ECE5F00601406B52
:10967000000E3F6F1200FDC5D9F4FEC5DAF4DEC45A
:109680002BF6DDC42CF6FDC5E8F5FEC5E9F5000EA8
:109690000501EA6F000EEB6F000EEC6F000EED6F30
:1096A00025ECA8F006012E6F2E51D8B45AEFCBF05E
:1096B0005CEFCBF060EFCBF006012E51FEEFCBF06C
:1096C0002BC6C3F52CC6C4F5050120EE16F0FD51DE
:1096D000D926FE51DA22DEC4C5F5DEC4C6F5DEC4E5
:1096E000C7F5DEC4C8F5D5ECE2F006012E6F2E51A9
:1096F000D8B47DEFCBF07FEFCBF081EFCBF05CEF18
:10970000CBF0050120EE1AF0FD51D926FE51DA22E8
:10971000DEC429F6DDC42AF629C6D9F42AC6DAF44D
:10972000DF5006012D6F2D51D8A499EFCBF09BEFA0
:10973000CBF09FEFCBF0040E2E6F5CEFCBF005016A
:1097400020EE04F0FD51D926FE51DA2210EE1AF077
:10975000FD51E126FE51E22200EE0BF0E650E92633
:10976000E550EA22EF503F0BDF6E20EE1AF0FD517C
:10977000D926FE51DA2210EE0BF0DE50E126DD5044
:10978000E222E7B6C6EFCBF0C8EFCBF0E8EFCBF0C4
:1097900020EE1AF0FD51D926FE51DA22DEC407F57B
:1097A000DDC408F51C0EFD25096E000EFE210A6EB3
:1097B0000C6A0B0E0B6E3FECE1F007500810D8A4BA
:1097C000E4EFCBF0E6EFCBF0E8EFCBF05CEFCBF0E3
:1097D000FDC50FF6FEC510F60601126B000E116FE7
:1097E0001AECA4F006012E6F2E51D8B4FAEFCBF08C
:1097F000FCEFCBF060EFCBF05CEFCBF0120006019A
:10980000AA51AB11D8A407EFCCF009EFCCF00CEFC4
:10981000CCF0090EBFEFCCF0AC0E0501FA6F060ECE
:10982000FB6FAE0EFC6F060EFD6F000EFE6F00ECC0
:1098300080F00601B06FB051D8A421EFCCF023EF37
:10984000CCF0B0EFCCF0AAC6D9F4ABC6DAF4AEC611
:10985000DEF4AFC6DDF4AAC62FF6ABC630F6ACC652
:1098600031F6ADC632F64DECBBF00601B06FB0512B
:10987000D8A43DEFCCF03FEFCCF0A5EFCCF020EE3C
:1098800027F0AA51D926AB51DA22DFBE4AEFCCF03D
:109890004CEFCCF07CEFCCF020EE04F0AA51D926AE
:1098A000AB51DA22DFA857EFCCF059EFCCF07AEFCA
:1098B000CCF0AEC60EF5AFC60FF520EE1AF0AA51E9
:1098C000D926AB51DA22DEC410F5DDC411F5F8EC6F
:1098D000EBF0060120EE06F0AA51D926AB51DA22B0
:1098E0000EC5DEF40FC5DEF410C5DEF411C5DEF4DE
:1098F0007CEFCCF0050EB06FB051D8A482EFCCF065
:1099000084EFCCF0A5EFCCF020EE06F0AE51D926D6
:10991000AF51DA2210EE02F0AA51E126AB51E22259
:10992000DEC4E6F4DDC4E5F4AAC6E8F5ABC6E9F5A5
:10993000000E0501EA6F000EEB6F000EEC6F000EDB
:10994000ED6F25ECA8F00601B06F040EB019D8A495
:10995000ACEFCCF0AEEFCCF0B0EFCCF0050EB06FCA
:10996000B051D8B4B6EFCCF0B8EFCCF0BEEFCCF03D
:10997000AAC6D9F4ABC6DAF4DE6ADD6AB0511200C9
:109980005A0E246E1C0E256E20EE10F01E50D926A5
:109990001F50DA22DEC407F5DDC408F520EE0EF014
:1099A0001E50D9261F50DA22DEC409F5DDC40AF59F
:1099B00019ECF4F007C520F508C521F509C522F515
:1099C0000AC523F55DEFCDF01EC507F51FC508F5E7
:1099D000CCECF5F07EEFCDF084ECF2F0075024C52E
:1099E000D9F425C5DAF4DF6E20C50FF521C510F5D1
:1099F00022C511F523C512F524C513F525C514F5A7
:109A0000166A010E156E10ECE5F01EC507F51FC5B0
:109A100008F5C1ECF5F07EEFCDF056505710D8B4F4
:109A200014EFCDF016EFCDF02DEFCDF0000E0701C5
:109A30003125D96E090E3221DA6E10EE0DF01E506E
:109A4000E1261F50E222DFC4E7F41EC507F51FC55B
:109A500008F5C1ECF5F07EEFCDF01EC507F51FC58A
:109A600008F5D7ECF5F07EEFCDF0D69E0701306B10
:109A7000000E2F6F326B000E316F576A000E566E5C
:109A8000D68E25EFCDF020C50FF521C510F522C5E6
:109A900011F523C512F524C513F525C514F5166A6D
:109AA000010E156EB6ECE4F024C5D9F425C5DAF440
:109AB000DF50E2ECF5F025EFCDF020EE02F01E5085
:109AC000D9261F50DA22DF50030AD8B4E4EFCCF0D5
:109AD000070AD8B4ECEFCCF0010AD8B40DEFCDF002
:109AE000020AD8B435EFCDF00F0AD8B443EFCDF069
:109AF000010AD8B443EFCDF025EFCDF012005A0E95
:109B0000246E1C0E256E20EE10F01E50D9261F501C
:109B1000DA22DEC407F5DDC408F520EE0EF01E5093
:109B2000D9261F50DA22DEC409F5DDC40AF519EC86
:109B3000F4F007C520F508C521F509C522F50AC5C9
:109B400023F51CEFCEF01EC507F51FC508F5CCECBC
:109B5000F5F03DEFCEF05FECF2F0075024C5D9F4FC
:109B600025C5DAF4DF6E20C50FF521C510F522C535
:109B700011F523C512F524C513F525C514F5166A8C
:109B8000010E156E10ECE5F01EC507F51FC508F5B2
:109B9000C1ECF5F03DEFCEF007012D512E11D8B4F8
:109BA000D4EFCDF0D6EFCDF0ECEFCDF0000E2B25BD
:109BB000D96E0A0E2C21DA6E10EE0DF01E50E12641
:109BC0001F50E222DFC4E7F41EC507F51FC508F5E4
:109BD000C1ECF5F03DEFCEF01EC507F51FC508F549
:109BE000D7ECF5F03DEFCEF0AB9007012A6B000EFD
:109BF000296F2C6B000E2B6F2E6B000E2D6FAB8020
:109C0000E4EFCDF020C50FF521C510F522C511F503
:109C100023C512F524C513F525C514F5166A010EE2
:109C2000156EB6ECE4F024C5D9F425C5DAF4DF509E
:109C3000B6ECF5F0E4EFCDF020EE02F01E50D926A0
:109C40001F50DA22DF50030AD8B4A3EFCDF0070A81
:109C5000D8B4ABEFCDF0010AD8B4CCEFCDF0020A06
:109C6000D8B4F4EFCDF00F0AD8B402EFCEF0010A69
:109C7000D8B402EFCEF0E4EFCDF012000701485166
:109C8000040DDF0EF324D96E080EF420DA6EDEC464
:109C900050F6DDC451F640ECD7F00501FD51FE1140
:109CA000D8B455EFCEF057EFCEF05CEFCEF0060112
:109CB00047694869FAEFCEF050C6E8F551C6E9F5B4
:109CC000800EEA6F090EEB6FED6B800EEC6F530E9A
:109CD000EE6F060EEF6FBCEC8DF00601526F525125
:109CE000D8A475EFCEF077EFCEF081EFCEF0800EF6
:109CF00053195411D8B47FEFCEF081EFCEF091EF2D
:109D0000CEF0330E0501606FF90E616F52C662F539
:109D1000636B53C664F554C665F5A8ECF4F057EFD1
:109D2000CEF007010151D8B498EFCEF09AEFCEF003
:109D3000D3EFCEF00351D8B4A0EFCEF0A2EFCEF027
:109D4000D3EFCEF048C749F6010E06014A6F000E68
:109D50004B6F492BAFEFCEF0D8904A374B37492F96
:109D6000ACEFCEF00701045106014A170701055177
:109D700006014B174A514B11D8A4C1EFCEF0C3EFE7
:109D8000CEF0D3EFCEF0C10E0501876FFF0E886FC6
:109D9000800E896F090E8A6F8C6B800E8B6F38EC8A
:109DA000ECF0F6EFCEF04EC707F54FC708F54CC7FD
:109DB00009F54DC70AF519ECF4F007C54CF608C5CE
:109DC0004DF609C54EF60AC54FF64CC60FF54DC601
:109DD00010F54EC611F54FC612F5800E136E090E22
:109DE000146E166A800E156E10ECE5F00601486BD5
:109DF000000E476F120072C587F573C588F50F0E08
:109E000005017425516E000E7521526EF00E51142D
:109E1000746FFF0E5214756F8A6B000E896FA7EF77
:109E2000CFF00F0E8915516E000E8A15526E5150EB
:109E30005210D8A41EEFCFF020EFCFF036EFCFF0C6
:109E4000830E606FFF0E616F6CC562F56DC563F5C3
:109E500089516E25646F8A516F21656F000E7021E4
:109E6000666F000E7121676FA8ECF4F0C70E050154
:109E7000606FFF0E616F89518725D96E8A518821E5
:109E8000DA6EDF50516E5150626F636BA8ECF4F0E4
:109E9000050189518725D96E8A518821DA6E1F0EF6
:109EA000DF6455EFCFF057EFCFF07BEFCFF0895164
:109EB0008725D96E8A518821DA6E7F0EDF6063EFC5
:109EC000CFF065EFCFF07BEFCFF089518725D96ECA
:109ED0008A518821DA6E0F0E8915516E000E8A158F
:109EE000526E760E5124E16E050E5220E26EDFC4F2
:109EF000E7F489EFCFF00F0E8915516E000E8A1529
:109F0000526E760E5124D96E050E5220DA6E2E0E48
:109F1000DF6E0F0E8915516E000E8A15526E0F0EF0
:109F200051185210D8A497EFCFF099EFCFF0A4EFCB
:109F3000CFF0866BAF0E606FFE0E616F760E626FB4
:109F4000050E636FA8ECF4F00501894B8A2B745160
:109F5000895D75518A59D8A0B0EFCFF0B2EFCFF03C
:109F600011EFCFF0120013C51BF514C51CF51B50E3
:109F70001C10D8A4BEEFCFF0C0EFCFF0C4EFCFF0ED
:109F8000AD0E1B6EFF0E1C6E1E6A000E1D6ECBEF1B
:109F9000CFF01D4A1E2A1D501B24156E1E501C207A
:109FA000166E15C5F6F416C5F7F4000EF86E3F0EE2
:109FB000F76403D00800F55005D0F6C4E9F4F7C4FF
:109FC000EAF4EF500009D8A4E8EFCFF0EAEFCFF0C1
:109FD000C9EFCFF01DC517F51EC518F554C519F505
:109FE00055C51AF558B0F7EFCFF0F9EFCFF034EFD1
:109FF000D0F006EFD0F0096A200E086E11C50AF500
:10A0000012C50BF570ECE2F01D4A1E2A19501D5CBA
:10A010001E50800A156E1A50800A1558D8A013EFEA
:10A02000D0F015EFD0F0FBEFCFF034EFD0F01BC540
:10A03000F6F41CC5F7F4000EF86E3F0EF76403D07B
:10A040000800F55005D0F6C4E9F4F7C4EAF4EF507F
:10A05000156E1550086E096A11C50AF512C50BF583
:10A0600070ECE2F01B4A1C2A1706D8A01806172825
:10A0700006E11828D8A43FEFD0F041EFD0F017EF59
:10A08000D0F058A046EFD0F048EFD0F064EFD0F019
:10A0900055EFD0F0096A200E086E11C50AF512C5F9
:10A0A0000BF570ECE2F01D4A1E2A19501D5C1E5083
:10A0B000800A156E1A50800A1558D8A062EFD0F0A9
:10A0C00064EFD0F04AEFD0F012006EC583F56FC593
:10A0D00084F50F0E05017025516E000E7121526E30
:10A0E000F00E5114706FFF0E5214716F866B000EDC
:10A0F000856F09EFD1F00F0E8515516E000E861594
:10A10000526E51505210D8A488EFD0F08AEFD0F0A0
:10A1100098EFD0F0A50E606FFF0E616F6CC562F511
:10A120006DC563F585C564F586C565F5A8ECF4F0E5
:10A13000C70E0501606FFF0E616F85518325D96ED3
:10A1400086518421DA6EDF50516E5150626F636B1D
:10A15000A8ECF4F0050185518325D96E8651842140
:10A16000DA6E1F0EDF64B7EFD0F0B9EFD0F0DDEF9D
:10A17000D0F085518325D96E86518421DA6E7F0E09
:10A18000DF60C5EFD0F0C7EFD0F0DDEFD0F0855144
:10A190008325D96E86518421DA6E0F0E8515516E96
:10A1A000000E8615526E720E5124E16E050E52207D
:10A1B000E26EDFC4E7F4EBEFD0F00F0E8515516EC1
:10A1C000000E8615526E720E5124D96E050E522065
:10A1D000DA6E2E0EDF6E0F0E8515516E000E86158F
:10A1E000526E0F0E51185210D8A4F9EFD0F0FBEFB9
:10A1F000D0F006EFD1F0826BAF0E606FFE0E616F94
:10A20000720E626F050E636FA8ECF4F00501854BCA
:10A21000862B7051855D71518659D8A012EFD1F00F
:10A2200014EFD1F07BEFD0F012004EC707F54FC707
:10A2300008F54CC709F54DC70AF519ECF4F007C548
:10A240002BF508C52CF509C52DF50AC52EF5070116
:10A2500035513611D8B42FEFD1F031EFD1F0A8EF4E
:10A26000D1F0000E076E070E086E500E096E070E35
:10A270000A6ED00E6CECE0F0FF0AD8A442EFD1F0E9
:10A2800044EFD1F047EFD1F0010EBCEFD1F0070160
:10A2900050511EECF5F007015C6F51511EECF5F0CA
:10A2A0000701596F52511EECF5F007015A6F5451D6
:10A2B0001EECF5F0266E2650296E2A6A07015551CC
:10A2C0001EECF5F0266E2650276E286A07015651BF
:10A2D0001EECF5F0266E26502F6E306A305009E1E4
:10A2E000500E2F5CD8A077EFD1F079EFD1F07FEF4F
:10A2F000D1F06C0E2F26070E302283EFD1F0D00E56
:10A300002F26070E30222FC518F530C519F527C5A1
:10A310001AF528C51BF529C51CF52AC51DF500EC45
:10A32000E0F018C557F719C558F72BC50FF52CC520
:10A3300010F52DC511F52EC512F5570E136E070E2B
:10A34000146E166A060E156E10ECE5F0BBEFD1F038
:10A35000A19E2BC50FF52CC510F52DC511F52EC5E9
:10A3600012F5570E136E070E146E166A060E156E52
:10A3700010ECE5F0A18E000E1200C3C5B1F5C4C506
:10A38000B2F5E4ECC8F00009D8B4C9EFD1F0CBEFD6
:10A39000D1F0CEEFD1F0010E61EFD2F0C3C513F5CD
:10A3A000C4C514F5C5C515F5C6C516F5C7C517F559
:10A3B000C8C518F5A5ECE1F013C5CDF514C5CEF56B
:10A3C00015C5CFF516C5D0F5050120EE2CF0C3510B
:10A3D000D926C451DA22CDC5DEF4CEC5DEF4CFC510
:10A3E000DEF4D0C5DEF4300EC325076E000EC421A6
:10A3F000086E0A6A000E096E020E0C6E000E0B6EDD
:10A40000C5ECF3F0300E0501C325CB6F000EC4215F
:10A41000CC6FD26B010ED16FD46B000ED36F16EFE1
:10A42000D2F00501D151D327D251D42320EE0AF026
:10A43000C351D926C451DA22DE50D35DDE50D4593F
:10A44000D8B025EFD2F027EFD2F04CEFD2F0CBC549
:10A45000A6F5CCC5A7F5D351CD25A86FD451CE21F3
:10A46000A96F000ECF21AA6F000ED021AB6FD1C50E
:10A47000ACF5D2C5ADF520EE01F0C351D926C451DB
:10A48000DA22DF5083ECE9F00009D8B44AEFD2F0C9
:10A490004CEFD2F011EFD2F0050120EE0AF0C351DB
:10A4A000D926C451DA22D351DE1807E1D451DE187F
:10A4B000D8A45DEFD2F060EFD2F0010E61EFD2F0E0
:10A4C000000E1200E6EFD2F084ECF2F020EE01F084
:10A4D0001E50D9261F50DA2207C5DFF401EFD3F052
:10A4E00020EE01F01E50D9261F50DA22DF50E2EC98
:10A4F000F5F001EFD3F020EE01F01E50D9261F50E9
:10A50000DA2256505710D8A488EFD2F08BEFD2F051
:10A51000010E8CEFD2F0000EDF6E01EFD3F05A0E79
:10A52000216E1B0E226E20EE01F01E50D9261F5008
:10A53000DA22DF50206E2050236E246A20EE04F0D1
:10A540001E50D9261F50DA22DEC407F5DDC408F5F7
:10A5500020EE02F01E50D9261F50DA22DEC409F583
:10A56000DDC40AF519ECF4F007C50FF508C510F5C0
:10A5700009C511F50AC512F521C513F522C514F553
:10A5800023C515F524C516F5B6ECE4F0D4EFD2F0EA
:10A5900021C5D9F422C5DAF4DF50E2ECF5F0214A06
:10A5A000222A2306D8A0240623502410D8A4DBEFA7
:10A5B000D2F0DDEFD2F0C8EFD2F001EFD3F0070117
:10A5C0003F6B346B010E336F01EFD3F01EC5D9F42E
:10A5D0001FC5DAF4DF50010AD8B464EFD2F0030AE1
:10A5E000D8B470EFD2F0010AD8B47BEFD2F0070AEA
:10A5F000D8B48FEFD2F0FB0AD8B4DFEFD2F001EF7E
:10A60000D3F01EC5D9F41FC5DAF4DF6A120029C6DB
:10A61000D9F42AC6DAF4DEC42DF6DDC42EF629C636
:10A62000E8F52AC6E9F5000E0501EA6F000EEB6FAA
:10A63000000EEC6F000EED6F25ECA8F00601316FF7
:10A640003151D8A426EFD3F028EFD3F09EEFD3F00A
:10A65000306B000E2F6F2DC6C3F52EC6C4F520EE4D
:10A6600016F02951D9262A51DA22DEC4C5F5DEC4F6
:10A67000C6F5DEC4C7F5DEC4C8F5D5ECE2F00601C8
:10A68000316F3151D8B447EFD3F049EFD3F04BEFEE
:10A69000D3F09EEFD3F020EE1AF02951D9262A519B
:10A6A000DA22DEC4FDF5DDC4FEF5FDC5D9F4FEC534
:10A6B000DAF4E50EDE18D8B460EFD3F062EFD3F031
:10A6C00078EFD3F020EE1AF02951D9262A51DA2258
:10A6D000DEC4FDF5DDC4FEF5FDC5D9F4FEC5DAF432
:10A6E000DF50D8A476EFD3F078EFD3F088EFD3F033
:10A6F0002F4B302B2B512F1907E12C513019D8A497
:10A7000084EFD3F086EFD3F08BEFD3F09EEFD3F04E
:10A71000306B000E2F6F29C60FF62AC610F6126B8B
:10A72000010E116F1AECA4F00601316F3151D8B44B
:10A730009CEFD3F09EEFD3F02BEFD3F0040E311942
:10A74000D8A4A5EFD3F0A7EFD3F0A9EFD3F0070E6D
:10A75000316F31511200010E2F6E54C530F555C5C1
:10A7600031F5780E2718D8B4B8EFD3F0BAEFD3F09C
:10A77000BFEFD3F02E6A410E2D6EC2EFD3F02E6ADA
:10A78000610E2D6E2DC52CF5346A1F0E336E080137
:10A79000966B07EFD4F03306D8A0340623500F0B86
:10A7A000326E0A0E3260D7EFD3F0D9EFD3F0DDEF7F
:10A7B000D3F0300E3226E0EFD3F02C50F60F3226D5
:10A7C000770E3324D96E080E3420DA6E32C5DFF4EA
:10A7D0002F6A3006D8A0310623C528F524C529F5EF
:10A7E00025C52AF526C52BF5050EFCEFD3F0D8902C
:10A7F0002B322A3229322832E82EF7EFD3F028C53F
:10A8000023F529C524F52AC525F52BC526F534BE23
:10A8100013EFD4F0345009E1020E335CD8A013EFEB
:10A82000D4F015EFD4F03CEFD4F0235024102510D1
:10A830002610D8A41EEFD4F020EFD4F0CBEFD3F045
:10A840002F50D8A426EFD4F028EFD4F0CBEFD3F0DC
:10A8500031BE33EFD4F0315008E13004D8A033EFEB
:10A86000D4F035EFD4F03CEFD4F058B23AEFD4F056
:10A870003CEFD4F0CBEFD3F021C518F522C519F584
:10A88000770E33241A6E080E34201B6E30C51CF56B
:10A8900031C51DF5ECECE8F01200060120EE14F0D5
:10A8A0004D51D9264E51DA22DEC425F7DDC426F7F4
:10A8B00020EE12F04D51D9264E51DA22DEC451F667
:10A8C000DDC452F6DFEFD4F04DC63FF64EC640F67B
:10A8D000D4ECC4F006013F514011D8B472EFD4F06B
:10A8E00074EFD4F082EFD4F020EE12F04D51D9265F
:10A8F0004E51DA225151DE5E5251DD5A4D694E6998
:10A90000ECEFD4F04DC63FF64EC640F65A0E416FFE
:10A91000170E426F446B000E436F76ECCAF00601CF
:10A920003F514011D8B497EFD4F099EFD4F0A5EF90
:10A93000D4F020EE12F04D51D9264E51DA22515169
:10A94000DE5E5251DD5A7EEFD4F0546B000E536F31
:10A950005A0E5325D96E170E5421DA6E5A0E53250E
:10A96000E16E190E5421E26EDE50E618D8B4BBEF4A
:10A97000D4F0BDEFD4F0C9EFD4F020EE12F04D5179
:10A98000D9264E51DA225151DE5E5251DD5A7EEF08
:10A99000D4F0534B542B020E54195311D8A4D3EFB7
:10A9A000D4F0D5EFD4F0A8EFD4F05107D8A05207D7
:10A9B000200E07012127000E2223254B262B0601FE
:10A9C00051515211D8A4E7EFD4F0E9EFD4F064EF7D
:10A9D000D4F04E6B000E4D6F12000D680E6809C565
:10A9E000D9F40AC5DAF4DE6ADD6ADEC410F5DDC426
:10A9F00011F532EFD5F007C5D9F408C5DAF4DF5008
:10AA00000F6E074A082A09C5D9F40AC5DAF4DE2A06
:10AA1000000EDD222F0E0F6410EFD5F012EFD5F0EF
:10AA20003EEFD5F0390E0F6418EFD5F01AEFD5F0E0
:10AA30001CEFD5F03EEFD5F00A0E1002F3C40BF573
:10AA4000F4C40CF51102F3500C260F500B26000E27
:10AA50000C22D00E0B24106EFF0E0C20116E0E6A0D
:10AA6000000E0D6E07C5D9F408C5DAF4DF50D8A47E
:10AA70003CEFD5F03EEFD5F0FBEFD4F00D2806E12A
:10AA80000E28D8A446EFD5F048EFD5F069EFD5F001
:10AA90000DC510F50EC511F510C507F511C508F562
:10AAA00085EFD5F007C5D9F408C5DAF4DF50D8A48E
:10AAB0005CEFD5F05EEFD5F060EFD5F081EFD5F02B
:10AAC000074A082A09C5D9F40AC5DAF4DE2A000EB5
:10AAD000DD2207C5D9F408C5DAF42F0EDF6473EF61
:10AAE000D5F075EFD5F052EFD5F007C5D9F408C50C
:10AAF000DAF43A0EDF607FEFD5F081EFD5F052EF58
:10AB0000D5F010C507F511C508F51200010E122485
:10AB10001E6E000E13201F6E070E216EBC0E206EDF
:10AB200020C50CF521C50DF575ECEBF00CC51AF53B
:10AB30000DC51BF56D0E1A24226E010E1B20236E0F
:10AB40001E50225C1F502358D8A0A9EFD5F0ABEFC0
:10AB5000D5F0ADEFD5F0B5EFD5F022501E5E235005
:10AB60001F5A204A212A90EFD5F0D00E205C070E04
:10AB70002158D8A0BEEFD5F0C0EFD5F0C6EFD5F084
:10AB8000D00E205E070E215ACAEFD5F06C0E205E63
:10AB9000070E215A14C5D9F415C5DAF420C5DEF420
:10ABA00021C5DDF41D6A000E1C6ED8901C34F66EB3
:10ABB0001D34F76E2D0EF626F40EF722F86A000EFD
:10ABC000F8220900F5C422F50A00F5C423F51C0497
:10ABD0001D10D8A4EEEFD5F0F0EFD5F0F4EFD5F0DE
:10ABE0001A5022261B5023221E50225C1F5023582D
:10ABF000D8A0FDEFD5F0FFEFD5F001EFD6F009EFCB
:10AC0000D6F022501E5E23501F5A1C4A1D2AD5EF33
:10AC1000D5F01C4A1D2A16C5D9F417C5DAF41CC58F
:10AC2000DEF41DC5DDF418C5D9F419C5DAF41EC566
:10AC3000DEF41FC5DDF41200000184838481886B7B
:10AC40008B6B85998683868105017005D8A42BEFCF
:10AC5000D6F02DEFD6F031EFD6F00001849533EF2A
:10AC6000D6F00001848505017151D8A43AEFD6F0E1
:10AC70003CEFD6F042EFD6F00001859F858D859B95
:10AC800051EFD6F0B40E606FF70E616FC00E626FB9
:10AC9000FD0E636F71C564F5656BA8ECF4F04FEFC2
:10ACA000D6F08C6B83EFD6F0020E8C6F020E896F9C
:10ACB000ADEFD6F00F0E896FADEFD6F0070E896FAE
:10ACC000ADEFD6F0050E896FADEFD6F0040E896FAB
:10ACD000ADEFD6F0030E896FADEFD6F0020E896F9F
:10ACE000ADEFD6F0DF0E0501606FF50E616FC00E9F
:10ACF000626FFD0E636F6EC564F56FC565F5A8ECF8
:10AD0000F4F0ADEFD6F06EC551F56FC552F5525067
:10AD1000000AD8B48EEFD6F072EFD6F05150000A88
:10AD2000D8B454EFD6F0010AD8B45AEFD6F0030ADB
:10AD3000D8B45EEFD6F0010AD8B462EFD6F0070AB5
:10AD4000D8B466EFD6F0010AD8B46AEFD6F0030A99
:10AD5000D8B46EEFD6F072EFD6F01200B50E060141
:10AD6000AA6F060EAB6FDB0EAC6FFF0EAD6FFFEC84
:10AD7000CBF00009D8B4BFEFD6F0C1EFD6F0CEEFDC
:10AD8000D6F0860E0501606FFA0E616FA8ECF4F044
:10AD90000601B26B010EB16F3FEFD7F00601B46B45
:10ADA000000EB36FB50E366F060E376F000E386F9C
:10ADB000000E396F45ECDEF002EFD7F0A00E076E03
:10ADC000080E086EB1C609F5B2C60AF532ECEDF010
:10ADD00007500810D8A4EFEFD6F0F1EFD6F002EF4D
:10ADE000D7F00601B46B010EB36FB50E0501606FAD
:10ADF000FE0E616FA00E626F080E636FA8ECF4F098
:10AE00001EEFD7F0B50E0601366F060E376F970EA0
:10AE1000386F080E396F45ECDEF00009D8A413EF47
:10AE2000D7F015EFD7F01EEFD7F00801A051D8A446
:10AE30001CEFD7F01EEFD7F0DEEFD6F0B50E050110
:10AE4000776F060E786FA9ECF3F00601B351B411D9
:10AE5000D8A42DEFD7F02FEFD7F03CEFD7F06B0E43
:10AE60000501606FFB0E616FB1C662F5B2C663F596
:10AE7000A8ECF4F0C8EFD6F0B26B000EB16F120080
:10AE800007014851040DDF0EF324D96E080EF4209B
:10AE9000DA6EDEC444F6DDC445F64851040DDF0E1B
:10AEA000F324D96E080EF420DA6EDE50DE10D8A43A
:10AEB0005CEFD7F05EEFD7F063EFD7F00501FD69E7
:10AEC000FE69CDEFD7F04851040DDD0EF324D96EA5
:10AED000080EF420DA6EDEC438F6DDC439F64951C6
:10AEE00006013A6F3B6B38513A03F3C43CF6F4C4A5
:10AEF0003DF63B03F3503D2739513A03F3503D27CC
:10AF000007014A5106013C2707014B5106013D2329
:10AF1000FF0E3C253E6FFF0E3D213F6F3EC640F6C3
:10AF20003FC641F6426B436B44C60FF645C610F66A
:10AF300040C638F641C639F642C63AF643C63BF635
:10AF4000070ED890383739373A373B37E82EA1EF1C
:10AF5000D7F038C611F639C612F63AC613F63BC614
:10AF600014F6B2EC89F00601466F4651D8B4BBEF37
:10AF7000D7F0BDEFD7F0C9EFD7F09D0E0501606F98
:10AF8000FC0E616F46C662F5636BA8ECF4F05EEFF1
:10AF9000D7F00501FE6B000EFD6F12000B06D8A066
:10AFA0000C060B2806E10C28D8A4D9EFD7F0DBEF6C
:10AFB000D7F0E7EFD7F0086A000E076E5AEFD8F027
:10AFC000074A082A094A0A2A0B06D8A00C0607C510
:10AFD000F6F408C5F7F4000EF86E3F0EF76403D0E0
:10AFE0000800F55005D0F6C4E9F4F7C4EAF4EF50D0
:10AFF0000009D8B4FEEFD7F000EFD8F03BEFD8F05F
:10B0000009C5F6F40AC5F7F4000EF86E0800F5500D
:10B010000009D8B40EEFD8F010EFD8F03BEFD8F01D
:10B020000B500C10D8B417EFD8F019EFD8F03BEF55
:10B03000D8F009C5F6F40AC5F7F4000EF86E08005A
:10B04000F5C40DF507C5F6F408C5F7F4000EF86E63
:10B050003F0EF76403D00800F55005D0F6C4E9F4BC
:10B06000F7C4EAF4EF500D18D8B439EFD8F03BEF3D
:10B07000D8F0E0EFD7F007C5F6F408C5F7F4000EF6
:10B08000F86E3F0EF76403D00800F55005D0F6C403
:10B09000E9F4F7C4EAF4EF500D6E09C5F6F40AC5F9
:10B0A000F7F4000EF86E0800F5500D5C076E086AA4
:10B0B000D8A0080612000501716B000E706F84ECB9
:10B0C000F2F007500501726F080E7219D8A46BEFE9
:10B0D000D8F06DEFD8F08CEFD8F071BF78EFD8F0E2
:10B0E000715108E17005D8A078EFD8F07AEFD8F068
:10B0F0005FEFD8F0080EE2ECF5F0200EE2ECF5F090
:10B10000080EE2ECF5F005017007D8A071076C0796
:10B11000D8A06D075FEFD8F00D0E7219D8B493EF79
:10B12000D8F095EFD8F09EEFD8F00A0E7219D8A497
:10B130009CEFD8F09EEFD8F0AFEFD8F06CC5D9F403
:10B140006DC5DAF4DF6A680E606FFB0E616FA8EC04
:10B15000F4F070C56CF571C56DF5E6EFD8F0FF0E33
:10B160006E25516EFF0E6F21526E7051515C525020
:10B17000800A536E7151800A5358D8A0C2EFD8F09C
:10B18000C4EFD8F05FEFD8F07251E2ECF5F0600E4A
:10B1900005017265CEEFD8F0D0EFD8F0DAEFD8F035
:10B1A0007B0E7261D6EFD8F0D8EFD8F0DAEFD8F096
:10B1B000200E725F6CC5D9F46DC5DAF472C5DFF488
:10B1C0006C4B6D2B704B712B5FEFD8F012004EC79C
:10B1D00007F54FC708F54CC709F54DC70AF519EC37
:10B1E000F4F007C524F508C525F509C526F50AC5F7
:10B1F00027F5070135513611D8B401EFD9F003EF27
:10B20000D9F05BEFD9F024C50FF525C510F526C59B
:10B2100011F527C512F5570E136E070E146E166A38
:10B22000060E156EB6ECE4F057C712F558C713F5C5
:10B23000280E146E050E156E2A0E166E050E176E6C
:10B240002C0E186E050E196E86ECD5F007015C51B8
:10B25000EDECEAF00701506F5951EDECEAF007010F
:10B26000516F5A51EDECEAF00701526F2C50EDECA2
:10B27000EAF00701546F2A50EDECEAF00701556F30
:10B280002850EDECEAF00701566F000E076E070E2E
:10B29000086E500E096E070E0A6ED00E38ECE9F0FB
:10B2A000FF0AD8A456EFD9F058EFD9F06EEFD9F0D5
:10B2B000010E6FEFD9F0A19E24C50FF525C510F53D
:10B2C00026C511F527C512F5570E136E070E146E1D
:10B2D000166A060E156EB6ECE4F0A18E000E120092
:10B2E00020EE10F02650D9262750DA22DEC407F5CA
:10B2F000DDC408F520EE0EF02650D9262750DA22BC
:10B30000DEC409F5DDC40AF519ECF4F007C528F52B
:10B3100008C529F509C52AF50AC52BF5D7EFD9F0D7
:10B3200026C507F527C508F5CCECF5F0F4EFD9F004
:10B33000A19E28C50FF529C510F52AC511F52BC505
:10B3400012F5570E136E070E146E166A060E156E62
:10B3500010ECE5F0A18E26C507F527C508F5C1EC70
:10B36000F5F0F4EFD9F026C507F527C508F5D7ECB9
:10B37000F5F0F4EFD9F0A19E28C50FF529C510F519
:10B380002AC511F52BC512F5570E136E070E146E54
:10B39000166A060E156EB6ECE4F0AAEFD9F026C5D3
:10B3A00007F527C508F5C1ECF5F0F4EFD9F020EE6C
:10B3B00002F02650D9262750DA22DF50030AD8B4EB
:10B3C00090EFD9F0070AD8B498EFD9F0010AD8B4B1
:10B3D000B3EFD9F00D0AD8B4BBEFD9F0010AD8B455
:10B3E000BBEFD9F0CFEFD9F01200106A0EBEFDEF1F
:10B3F000D9F0FBEFD9F007EFDAF00E1E0D1E0C1E90
:10B400000B6C000E0C220D220E22010E106E0ABED5
:10B410000EEFDAF00CEFDAF018EFDAF00A1E091E80
:10B42000081E076C000E082209220A22010E101ABB
:10B43000000E116E000E126E000E136E000E146ED2
:10B440000B500C100D100E10D8B429EFDAF02BEFC2
:10B45000DAF061EFDAF0010E0F6E35EFDAF0D89026
:10B460000B360C360D360E360F2A0EAE3AEFDAF0EA
:10B470003CEFDAF02FEFDAF0D890113612361336AF
:10B4800014360B50075C0C5008580D5009580E50DC
:10B490000A58D8A04EEFDAF050EFDAF059EFDAF0B0
:10B4A0000B50075E0C50085A0D50095A0E500A5A9C
:10B4B0001180D8900E320D320C320B320F2E3CEF31
:10B4C000DAF01050D8B467EFDAF069EFDAF071EF24
:10B4D000DAF0141E131E121E116C000E122213221B
:10B4E000142211C507F512C508F513C509F514C5D1
:10B4F0000AF512005A0E0601386F1B0E396F436BA6
:10B50000000E426FD8904235D96E4335DA6E000E88
:10B51000D926080EDA22DEC43EF6DDC43FF63E51DF
:10B520003F11D8A496EFDAF098EFDAF09AEFDAF05C
:10B53000ECEFDAF03EC60FF63FC610F6000E116FC4
:10B54000000E126F000E136F000E146FB2EC89F034
:10B550003EC6E8F53FC6E9F538C6EAF539C6EBF56B
:10B560000501ED6B1C0EEC6F3C0EEE6F060EEF6FDF
:10B57000BCEC8DF01A0E06014203F3C4FDF5F4C4D1
:10B58000FEF54303F3500501FE270F0EFD250601CE
:10B590003A6F080E0501FE2106013B6F416B000E5C
:10B5A000406F5A0E4025D96E1B0E4121DA6E3AC605
:10B5B000E1F43BC6E2F4DFC4E7F43A4B3B2B404BEB
:10B5C000412B415109E11A0E405DD8A0EAEFDAF0B3
:10B5D000ECEFDAF0D1EFDAF0424B432B43BFFAEF56
:10B5E000DAF0435109E1040E425DD8A0FAEFDAF037
:10B5F000FCEFDAF082EFDAF01200090E0501766F47
:10B600006C516D11D8B407EFDBF009EFDBF05DEFA3
:10B61000DBF06CC5D9F46DC5DAF4DE50DE10D8B4B9
:10B6200014EFDBF016EFDBF05DEFDBF06CC5D9F467
:10B630006DC5DAF4DEC470F5DDC471F570C5D9F4FA
:10B6400071C5DAF4DF50D8B428EFDBF02AEFDBF075
:10B650005DEFDBF06CC5D9F46DC5DAF410EE06F0E1
:10B66000DE50E126DD50E22220EE02F06C51D926B8
:10B670006D51DA22E650DE1807E1E650DE18D8A454
:10B6800044EFDBF046EFDBF05DEFDBF06CC5D9F4A7
:10B690006DC5DAF410EE01F0DE50E126DD50E22255
:10B6A000E75030ECF3F00501706F70B15AEFDBF04A
:10B6B0005CEFDBF05DEFDBF0766B7651D8B463EFD7
:10B6C000DBF065EFDBF06BEFDBF0000E746F000E6C
:10B6D000756F73EFDBF06CC5D9F46DC5DAF4DEC4B9
:10B6E00074F5DDC475F56EC5D9F46FC5DAF474C5AB
:10B6F000DEF475C5DDF476511200ACC6B0F6ADC609
:10B70000B1F6B00E076E060E086E17ECC8F007C54E
:10B71000B4F608C5B5F60601B5BF93EFDBF091EFBF
:10B72000DBF096EFDBF00B0EFAEFDBF0D890B435E0
:10B73000D96EB535DA6E3B0ED926070EDA22DEC495
:10B74000B2F6DDC4B3F6B251B311D8B4AAEFDBF050
:10B75000ACEFDBF0BCEFDBF0D890B435D96EB5358B
:10B76000DA6E3B0ED926070EDA22DE6ADD6AB2C631
:10B77000D9F4B3C6DAF4DF6AAA51AB11D8B4C3EF77
:10B78000DBF0C5EFDBF0DFEFDBF020EE01F0AA51DC
:10B79000D926AB51DA22B4C6DFF4AAC6D9F4ABC6B7
:10B7A000DAF4DF6AD890B435D96EB535DA6E3B0E6F
:10B7B000D926070EDA22AAC6DEF4ABC6DDF4AE51F6
:10B7C000D8A4E5EFDBF0E7EFDBF0EAEFDBF0000E0B
:10B7D000FAEFDBF0AC0E0501FA6F060EFB6FAA0E56
:10B7E000FC6F060EFD6F000EFE6F00EC80F0060190
:10B7F000AF6FAF511200070161516211D8A403EF7E
:10B80000DCF005EFDCF00DEFDCF069C75DF76AC72F
:10B810005EF76BC75FF76CC760F76FC707F570C758
:10B8200008F56DC709F56EC70AF519ECF4F007C500
:10B83000A4F708C5A5F709C5A6F70AC5A7F7770EA7
:10B840000601FA6FFE0EFB6FA4C7FCF6A5C7FDF656
:10B85000A6C7FEF6A7C7FFF6B0ECC9F0FAC6A8F770
:10B86000FBC6A9F70701A851A911D8A43AEFDCF04B
:10B870003CEFDCF073EFDCF0A2C7FAF6A3C7FBF6EF
:10B880006BC707F56CC708F569C709F56AC70AF5FC
:10B8900019ECF4F007C5FCF608C5FDF609C5FEF67F
:10B8A0000AC5FFF6B0ECC9F0FAC6A8F7FBC6A9F7BF
:10B8B0000701A851A911D8A460EFDCF062EFDCF019
:10B8C00073EFDCF0A4C70FF5A5C710F5A6C711F5F7
:10B8D000A7C712F55D0E136E070E146E166A040EDE
:10B8E000156E10ECE5F0A8C7A2F7A9C7A3F71200E0
:10B8F000106A0ABE80EFDCF07EEFDCF08AEFDCF04D
:10B900000A1E091E081E076C000E082209220A22C0
:10B91000010E106E0EBE91EFDCF08FEFDCF099EFB0
:10B92000DCF00E1E0D1E0C1E0B6C000E0C220D22E8
:10B930000E220B500C100D100E10D8B4A2EFDCF03C
:10B94000A4EFDCF0D4EFDCF0010E0F6EAEEFDCF014
:10B95000D8900B360C360D360E360F2A0EAEB3EFDE
:10B96000DCF0B5EFDCF0A8EFDCF00B50075C0C501E
:10B9700008580D5009580E500A58D8A0C2EFDCF0F4
:10B98000C4EFDCF0CCEFDCF00B50075E0C50085A33
:10B990000D50095A0E500A5AD8900E320D320C3200
:10B9A0000B320F2EB5EFDCF01050D8B4DAEFDCF02C
:10B9B000DCEFDCF0E4EFDCF00A1E091E081E076C69
:10B9C000000E082209220A2207C507F508C508F556
:10B9D00009C509F50AC50AF5120012C507F513C510
:10B9E00008F51A0E096E050E0A6EEDECD4F007C5C7
:10B9F0001CF508C51DF51C2806E11D28D8A403EF79
:10BA0000DDF005EFDDF009EFDDF01268136860EF9F
:10BA1000DDF014C5D9F415C5DAF41CC5DEF41DC576
:10BA2000DDF41A5012261B50132212C507F513C558
:10BA300008F51A0E096E050E0A6EEDECD4F007C576
:10BA40001CF508C51DF51C2806E11D28D8A42BEF00
:10BA5000DDF02DEFDDF02FEFDDF005EFDDF016C5A9
:10BA6000D9F417C5DAF41CC5DEF41DC5DDF41A508F
:10BA700012261B50132212C507F513C508F51A0E1E
:10BA8000096E050E0A6EEDECD4F007C51CF508C56D
:10BA90001DF51C2806E11D28D8A451EFDDF053EF59
:10BAA000DDF055EFDDF005EFDDF018C5D9F419C56F
:10BAB000DAF41CC5DEF41DC5DDF4136A000E126E47
:10BAC000120006011E6B000E1D6F17C61FF618C66A
:10BAD00020F61907D8A01A07A8EFDDF01BC6E8F575
:10BAE0001CC6E9F5270EEA6F060EEB6FED6B010E33
:10BAF000EC6F250EEE6F060EEF6FBCEC8DF00601BD
:10BB000025052611D8B487EFDDF089EFDDF08BEF46
:10BB1000DDF0BAEFDDF02751216F226B236B246B30
:10BB20001FC6D9F420C6DAF421C6DFF41F4B202B40
:10BB30001D4B1E2B0A0E2119221123112411D8A4EA
:10BB4000A4EFDDF0A6EFDDF0A8EFDDF0BAEFDDF059
:10BB500019511D5D1E51800A0501FC6F06011A5125
:10BB6000800A0501FC59D8A0B8EFDDF0BAEFDDF08E
:10BB70006EEFDDF01FC6D9F420C6DAF4DF6A0601E5
:10BB80001D511E11D8A4C7EFDDF0C9EFDDF0CFEFD6
:10BB9000DDF0000E176F000E186FD3EFDDF017C643
:10BBA00017F618C618F61200696A020E616E686A06
:10BBB0001CEFDEF0646A070E636E6C6A030E6B6E38
:10BBC0006E6A050E6D6E3EEFDEF0646A060E636E01
:10BBD0006C6A030E6B6E6E6A040E6D6E3EEFDEF0E5
:10BBE000646A050E636E6C6A030E6B6E6E6A030EFA
:10BBF0006D6E3EEFDEF0646A040E636E6C6A030ED7
:10BC00006B6E6E6A020E6D6E3EEFDEF0646A030EBE
:10BC1000636E6C6A020E6B6E6E6A020E6D6E3EEFA4
:10BC2000DEF0646A0C0E636E6C6A050E6B6E6E6AF3
:10BC3000080E6D6E3EEFDEF007C509F508C50AF582
:10BC40000A50000AD8B427EFDEF011EFDEF00950F9
:10BC5000080AD8B4DAEFDDF0010AD8B4E5EFDDF078
:10BC6000030AD8B4F0EFDDF0060AD8B4FBEFDDF03C
:10BC70001C0AD8B406EFDEF011EFDEF06A6A840E1B
:10BC8000696E180E0201186F120036C66CF537C6C1
:10BC90006DF5FD0E05016E6F050E6F6FFDECDAF0B0
:10BCA0000501FF6FFF51D8A458EFDEF05AEFDEF028
:10BCB000B4EFDEF0060138513911D8A462EFDEF09E
:10BCC00064EFDEF077EFDEF036C6E8F537C6E9F56B
:10BCD000000E0501EA6F000EEB6F000EEC6F000E18
:10BCE000ED6F25ECA8F00501FF6FB4EFDEF036C66E
:10BCF00029F637C62AF62C6B000E2B6FA9ECC5F07F
:10BD00000501FF6F040EFF19D8A489EFDEF08BEF59
:10BD1000DEF08CEFDEF0FF6BFF51D8A492EFDEF087
:10BD200094EFDEF0B4EFDEF036C614F537C615F545
:10BD300038C616F539C617F569ECBFF036C60FF6EA
:10BD400037C610F60601126B000E116F1AECA4F044
:10BD50000501FF6F040EFF19D8A4B1EFDEF0B3EFB9
:10BD6000DEF0B4EFDEF0FF6BFF5112001050111047
:10BD7000D8B4BDEFDEF0BFEFDEF020EFDFF010C58E
:10BD800007F511C508F526ECF1F007C512F508C551
:10BD900013F5FEEFDEF00EC507F50FC508F510C56B
:10BDA00009F511C50AF512C50BF513C50CF5CEEC56
:10BDB000D7F007500810D8A4E0EFDEF0E2EFDEF095
:10BDC000E8EFDEF00EC50EF50FC50FF524EFDFF03E
:10BDD000010E0E24076E000E0F20086E10C5F6F43B
:10BDE00011C5F7F4000EF86E0800F550096E0A6AE6
:10BDF00032ECEBF007C50EF508C50FF50E500F102D
:10BE0000D8B405EFDFF007EFDFF020EFDFF00EC56D
:10BE1000F6F40FC5F7F4000EF86E3F0EF76403D08A
:10BE20000800F55005D0F6C4E9F4F7C4EAF4EF5081
:10BE30000009D8A41EEFDFF020EFDFF0CBEFDEF03B
:10BE4000000E0E6E000E0F6E1200096E490EF66E99
:10BE5000F40EF76E000EF86E0900F550095CD8A0DC
:10BE600034EFDFF036EFDFF08FEFDFF04A0EF66EE3
:10BE7000F40EF76E000EF86E09500900F55CD8A0BC
:10BE800044EFDFF046EFDFF04BEFDFF0086A010E22
:10BE9000076E92EFDFF04B0EF66EF40EF76E000EAB
:10BEA000F86E0900F550095CD8A059EFDFF05BEFA0
:10BEB000DFF06DEFDFF04C0EF66EF40EF76E000E55
:10BEC000F86E09500900F55CD8A069EFDFF06BEF60
:10BED000DFF06DEFDFF046EFDFF04D0EF66EF40EA3
:10BEE000F76E000EF86E0900F550095CD8A07BEFE4
:10BEF000DFF07DEFDFF08FEFDFF04E0EF66EF40E29
:10BF0000F76E000EF86E09500900F55CD8A08BEFB3
:10BF1000DFF08DEFDFF08FEFDFF046EFDFF0086A44
:10BF2000000E076E120032C6D9F433C6DAF4DEC44E
:10BF300034F6DDC435F632C629F633C62AF60601D4
:10BF40002C6B010E2B6F07ECD3F00601366F3651C8
:10BF5000D8A4ADEFDFF0AFEFDFF0FEEFDFF034C6D7
:10BF6000C3F535C6C4F520EE16F03251D92633514B
:10BF7000DA22DEC4C5F5DEC4C6F5DEC4C7F5DEC40C
:10BF8000C8F5D5ECE2F00601366F3651D8A4CBEFF8
:10BF9000DFF0CDEFDFF0FEEFDFF020EE1AF03251F0
:10BFA000D9263351DA22DEC407F5DDC408F50A6A62
:10BFB000000E096E0C6A200E0B6EC5ECF3F0060144
:10BFC00020EE1AF03251D9263351DA22DEC407F5B9
:10BFD000DDC408F51C0E3225096E000E33210A6EF1
:10BFE0000C6A0B0E0B6E76ECF1F0060120EE04F0FD
:10BFF0003451D9263551DA22010EDF6E3651120046
:10C0000018C512F519C513F57CECF0F012C522F530
:10C0100013C523F5020E1A181B10D8A412EFE0F076
:10C0200014EFE0F021EFE0F01D0E1C181D10D8A455
:10C030001CEFE0F01EEFE0F021EFE0F02206D8A0C8
:10C0400023061AC507F51BC508F51CC509F51DC54E
:10C050000AF5E3ECEDF007C524F508C525F52550F4
:10C0600007E13C0E245CD8B038EFE0F03AEFE0F0A6
:10C070004CEFE0F018C50CF519C50DF575ECEBF0BB
:10C080000C500D10D8B447EFE0F049EFE0F04CEF62
:10C09000E0F02206D8A023066D0E1E6E010E1F6E64
:10C0A0001E501802F3C420F5F4C421F51902F35010
:10C0B00021261F501802F3502126225020262350FB
:10C0C00021222450202625502122F30E2024186EF0
:10C0D000F80E2120196E12000C6E0B681DECF6F0A4
:10C0E00002019699948D0C50FE0B8F6F010E8C6F90
:10C0F00007C58BF2948BFDECF3F00009D8A483EF15
:10C10000E0F085EFE0F0CCEFE0F0020199AB8BEFCF
:10C11000E0F08DEFE0F085EFE0F0FDECF3F00009EA
:10C12000D8A495EFE0F097EFE0F0CCEFE0F002015B
:10C1300094A79DEFE0F09FEFE0F097EFE0F00C5058
:10C1400001098F6F08C58CF2949D9A9F948BFDEC2A
:10C15000F3F00009D8A4AFEFE0F0B1EFE0F0CCEFDE
:10C16000E0F00B6AC4EFE0F099A1B9EFE0F0BBEFAB
:10C17000E0F0C4EFE0F009C5D9F40AC5DAF48AC2E8
:10C18000DFF4094A0A2A0B2A02019AAFCAEFE0F04B
:10C19000CCEFE0F0B4EFE0F0020198BBD2EFE0F0BA
:10C1A000D4EFE0F0CCEFE0F00B5012006EECEDF0CD
:10C1B00004010B910B930B95010E0201D56FA00E9C
:10C1C000D46FD189D18BC68E070E766FBE8CC69C7C
:10C1D000260E076FD28F010EFB6FA00EFA6FF78944
:10C1E000F78BC884120E7A6FC082C8922C0E126F21
:10C1F000F88F890E03011A6FA10E1B6F0001B38B1C
:10C2000003011969186B150E0201656F100E666F38
:10C210001F0E676F1E0E686F1D0E636F1C0E646F1E
:10C220000001D56B060ED86F070ED96F020EDA6FBC
:10C23000030EDB6F020EDC6F080EDD6F200EDE6F6B
:10C24000800EDF6FD76B820ED66F020ED56F040E95
:10C25000D86F050ED96F350EDA6F330EDB6F010E16
:10C26000DC6F440EDD6FDE6B200EDF6F020ED76FCA
:10C27000850ED66F2AECF6F0FDECF0F0120007C543
:10C280000FF508C510F509C511F50AC512F550EFEF
:10C29000E1F00B06D8A00C060F4A102A114A122A08
:10C2A0000B500C10D8B457EFE1F059EFE1F078EFF4
:10C2B000E1F00FC5D9F410C5DAF4DF500D6E11C5E9
:10C2C000F6F412C5F7F4000EF86E3F0EF76403D0D3
:10C2D0000800F55005D0F6C4E9F4F7C4EAF4EF50CD
:10C2E0000D18D8B476EFE1F078EFE1F049EFE1F026
:10C2F0000B500C10D8A47FEFE1F081EFE1F086EF56
:10C30000E1F0086A000E076EA4EFE1F00FC5D9F462
:10C3100010C5DAF4DF500D6E11C5F6F412C5F7F44E
:10C32000000EF86E3F0EF76403D00800F55005D0FC
:10C33000F6C4E9F4F7C4EAF4EF500E6E0E500D5C4B
:10C34000076E086AD8A008061200020E155E000EDD
:10C35000165A175A185A20EE14F01350D9261450B2
:10C36000DA22FE0EDE24196EFF0EDE201A6EFF0E9C
:10C37000DE201B6EFF0EDE201C6E1950155C1A505D
:10C3800016581B5017581C501858D8A0CAEFE1F087
:10C39000CCEFE1F0D6EFE1F0000E136E000E146E5C
:10C3A000000E156E000E166E0AEFE2F020EE28F079
:10C3B0001350D9261450DA22DEC419F5DEC41AF55A
:10C3C000DEC41BF5DEC41CF520EE0AF01350D9269E
:10C3D0001450DA22DEC41DF5DDC41EF51DC507F5B7
:10C3E0001EC508F5096A0A6A15C50BF516C50CF5D0
:10C3F00017C50DF518C50EF58DECEEF01950072494
:10C40000136E1A500820146E1B500920156E1C5014
:10C410000A20166E12000F6A000E0E6E07C5D9F4C0
:10C4200008C5DAF4DEC4F6F4DDC4F7F4000EF86EE5
:10C430000800F5502A0AD8A420EFE2F022EFE2F03B
:10C4400055EFE2F007C5D9F408C5DAF4DE2A000E8C
:10C45000DD2209C5D9F40AC5DAF4DFC40BF5020EF2
:10C46000DE26DFC40CF5000EDD220BC5D9F40CC5A9
:10C47000DAF4DEC40EF5DDC40FF56BEFE2F00A0E60
:10C480000E02F3C40BF5F4C40CF50F02F3500C26A6
:10C490000D500B240E6E000E0C200F6E07C5D9F444
:10C4A00008C5DAF4DE2A000EDD2207C5D9F408C576
:10C4B000DAF4DEC4F6F4DDC4F7F4000EF86E08001A
:10C4C000F550D00F0D6E090E0D6469EFE2F06BEFC1
:10C4D000E2F03FEFE2F00EC507F50FC508F51200D8
:10C4E0000A500B10D8B477EFE2F079EFE2F082EF68
:10C4F000E2F00A500B10D8A480EFE2F082EFE2F0F5
:10C5000087EFE2F00850E2ECF5F0D4EFE2F020EE35
:10C5100009F00A50D9260B50DA22DE50DE10D8B4CA
:10C5200094EFE2F096EFE2F0B1EFE2F020EE09F0E6
:10C530000A50D9260B50DA2210EE02F00A50E126FA
:10C540000B50E222DE50E65CE650800A106EDE50B0
:10C55000800A1058D8B0AFEFE2F0B1EFE2F0D4EFBC
:10C56000E2F020EE02F00A50D9260B50DA22DEC4A7
:10C570000CF5DDC40DF50AC5D9F40BC5DAF4DEC43B
:10C580000EF5DDC40FF50C500E24D96E0D500F20A2
:10C59000DA6E08C5DFF420EE02F00A50D9260B50FF
:10C5A000DA22DE2A000EDD2212000501CD6B20EE1C
:10C5B0002CF0C351D926C451DA22C551DE180FE13F
:10C5C000C651DE180CE1C751DE1809E1C851DE186A
:10C5D000D8B4EDEFE2F0EFEFE2F037EFE3F0C3C5F0
:10C5E000B1F5C4C5B2F5E4ECC8F00501CD6FCD518D
:10C5F000D8A4FDEFE2F0FFEFE2F037EFE3F0300E0A
:10C60000C325A86F000EC421A96FC5C5AAF5C6C56C
:10C61000ABF5C7C5ACF5C8C5ADF5AF6B010EAE6FD8
:10C6200020EE01F0C351D926C451DA22DF50CEECFE
:10C63000E9F00009D8B41FEFE3F021EFE3F028EFB1
:10C64000E3F00501C569C669C769C869010ECD6F08
:10C65000050120EE2CF0C351D926C451DA22C5C5FC
:10C66000DEF4C6C5DEF4C7C5DEF4C8C5DEF4CD51C0
:10C67000120009C512F50AC513F50B501224106EED
:10C680000C501320116E8BEFE3F0075008C50DF529
:10C690000E6E0D50076E0EC508F512C5D9F413C500
:10C6A000DAF4DF500D6E0D50071A124A132A07C52F
:10C6B0000DF508C50EF5040E0F6ED8900E320D3232
:10C6C0000F2E5DEFE3F00F0E0D16000E0E160D503F
:10C6D000071A0E50081A07C50DF508C50EF50C0E01
:10C6E000D8900D360E36E82E70EFE3F00D50071A95
:10C6F0000E50081AFF0E07140D6E000E08140E6E71
:10C70000050ED8900D360E36E82E81EFE3F00D5071
:10C71000071A0E50081A1050125C11501358D8A066
:10C7200094EFE3F096EFE3F045EFE3F007C507F58C
:10C7300008C508F5120054505510D8A4A2EFE3F034
:10C74000A4EFE3F0AAEFE3F054C517F555C518F5CB
:10C75000B0EFE3F0FF0E5424176EFF0E5520186E55
:10C7600058A0B5EFE3F0B7EFE3F0C0EFE3F013C587
:10C7700008F5096A11C50AF512C50BF570ECE2F06F
:10C7800018BEC5EFE3F0C7EFE3F0C9EFE3F0CCEF7D
:10C79000E3F0186A000E176E166A000E156EDCEFD5
:10C7A000E3F0096A200E086E11C50AF512C50BF5F3
:10C7B00070ECE2F0154A162A1750155C1650800AE4
:10C7C000146E1850800A1458D8A0E9EFE3F0EBEF8C
:10C7D000E3F0D1EFE3F058B0F0EFE3F0F2EFE3F085
:10C7E000FBEFE3F013C508F5096A11C50AF512C598
:10C7F0000BF570ECE2F012005950020D000EF3241C
:10C80000D96E080EF420DA6EDEC43CF6DDC43DF6C7
:10C810005950020D000EF324D96E080EF420DA6E82
:10C82000DE50DE10D8A417EFE4F019EFE4F01EEFAD
:10C83000E4F00501FD69FE6959EFE4F03CC60FF62E
:10C840003DC610F6070125510601386F0701265134
:10C850000601396F3A6B3B6B090ED8903837393780
:10C860003A373B37E82E2DEFE4F038C611F639C6DB
:10C8700012F63AC613F63BC614F6B2EC89F006017E
:10C880003E6F3E51D8B447EFE4F049EFE4F055EF86
:10C89000E4F09D0E0501606FFC0E616F3EC662F50F
:10C8A000636BA8ECF4F019EFE4F00501FE6B000EE9
:10C8B000FD6F120020EE03F00750D9260850DA224F
:10C8C000DF500B6E0B50106E116A126A136A20EE65
:10C8D00002F00750D9260850DA22DF500B6E0B50B9
:10C8E00010C50DF511C50EF512C50FF50C6A0C102B
:10C8F000106E0D50116E0E50126E0F50136E20EE12
:10C9000001F00750D9260850DA22DF500B6E0B5089
:10C9100010C50DF511C50EF512C50FF50C6A0C10FA
:10C92000106E0D50116E0E50126E0F50136E07C523
:10C93000D9F408C5DAF4DF500B6E0B5010C50DF5B5
:10C9400011C50EF512C50FF50C6A0C10106E0D50C6
:10C95000116E0E50126E0F50136E10C507F511C5F3
:10C9600008F512C509F513C50AF512000FC51AF529
:10C9700010C51BF511C51CF512C51DF5BE98196A29
:10C98000000E186E03EFE5F0C76A1AC5BFF41BC5A9
:10C99000C1F41CB0CEEFE4F0D1EFE4F0BE80D2EFF2
:10C9A000E4F0BE901CC517F5D89017321730D8B0F8
:10C9B000DCEFE4F0DFEFE4F0BE82E0EFE4F0BE9203
:10C9C0001CC517F5D8901732D89017321730D8B049
:10C9D000ECEFE4F0EFEFE4F0BE84F0EFE4F0BE94AF
:10C9E000C08AC09AC768010E1A26000E1B221C229C
:10C9F0001D2218501324D96E19501420DA6ECFC49A
:10CA0000DFF4184A192A1550185C16501958D8A086
:10CA10000CEFE5F00EEFE5F0C4EFE4F0BE88120095
:10CA20000FC51AF510C51BF511C51CF512C51DF56E
:10CA3000C76A196A000E186E5DEFE5F01AC5BFF4FB
:10CA40001BC5C1F41CB027EFE5F02AEFE5F0BE806E
:10CA50002BEFE5F0BE901CC517F5D89017321730B4
:10CA6000D8B035EFE5F038EFE5F0BE8239EFE5F00C
:10CA7000BE921CC517F5D8901732D89017321730D0
:10CA8000D8B045EFE5F048EFE5F0BE8449EFE5F0BA
:10CA9000BE94C08AC09ABE9618501324D96E1950FD
:10CAA0001420DA6EDF50BF6EBE86184A192A010EB6
:10CAB0001A26000E1B221C221D221550185C16502F
:10CAC0001958D8A066EFE5F068EFE5F01EEFE5F045
:10CAD000C768120075C726F576C727F5296A000EC4
:10CAE000286E73C707F574C708F51A0E2802F3C439
:10CAF0001EF5F4C41FF52902F3501F261E502624EC
:10CB0000206E1F502720216E0B0E2024096E000E70
:10CB100021200A6E19ECF4F007C522F508C523F5AB
:10CB200009C524F50AC525F522C50FF523C510F55D
:10CB300024C511F525C512F51A0E2802F3C41EF5F9
:10CB4000F4C41FF52902F3501F260F0E1E24136E86
:10CB5000080E1F20146E166A1A0E156E10ECE5F002
:10CB6000284A292A29BEBEEFE5F0295009E1040E22
:10CB7000285CD8A0BEEFE5F0C0EFE5F071EFE5F07E
:10CB80001200DA0EF66EE30EF76E010EF86E02EE8C
:10CB9000B1F010EE4CF00900F5C4EEF4E550E150B0
:10CBA000FAE1760EF66EE90EF76E010EF86E01EE02
:10CBB000DCF310EE24F00900F5C4EEF4E550E1508A
:10CBC000FAE102EE80F214EEDAF2EE6AE550E1509C
:10CBD000FCE1E250FAE102EE00F2800EEE6AE806B5
:10CBE000FDE102EE00F110EE00F1EE6AE550E150D9
:10CBF000FCE1E250FAE102EE00F0B10EEE6AE80666
:10CC0000FDE101EE00F3770EEE6AE806FDE1596AF8
:10CC1000586A576A566A556A546A0401080E5D6F6D
:10CC2000000E5E6F000E5F6F0001ACEF9FF0246E90
:10CC300006C72CF507C72DF524504009256E21C5E0
:10CC400026F520C527F51FC528F51EC529F5250E93
:10CC5000076E050E086E0A6A050E096E78ECECF098
:10CC600001092A6E2CC50BF52DC50CF5EFECF4F07F
:10CC70002CC511F52DC512F5146A010E136E4FEC7B
:10CC8000F0F02CC507F52DC508F5250E096E050E2B
:10CC90000A6E0C6A060E0B6E19ECEAF008C718F55E
:10CCA00009C719F5FF0EA9ECF2F02B6E22C5D9F4D5
:10CCB00023C5DAF42BC5DFF42B28D8A462EFE6F005
:10CCC00064EFE6F069EFE6F01F6A010E1E6E6CEF8E
:10CCD000E6F01F6A000E1E6E1200060120EE14F030
:10CCE0004D51D9264E51DA22DEC425F7DDC426F790
:10CCF00020EE12F04D51D9264E51DA22DEC44FF605
:10CD0000DDC450F6B3EFE6F04DC63FF64EC640F632
:10CD10005A0E416F190E426F446B010E436F76EC51
:10CD2000CAF006013F514011D8B499EFE6F09BEFED
:10CD3000E6F0A9EFE6F020EE12F04D51D9264E5163
:10CD4000DA224F51DE5E5051DD5A4D694E69C0EF17
:10CD5000E6F04F07D8A05007200E07012127000E4C
:10CD60002223254B262B06014F515011D8A4BBEF8F
:10CD7000E6F0BDEFE6F084EFE6F04E6B000E4D6F8F
:10CD800012000701509FA19E50511EECF5F00701C3
:10CD90005C6F51511EECF5F00701596F52511EECBA
:10CDA000F5F007015A6F54511EECF5F0266E26502F
:10CDB000296E2A6A070155511EECF5F0266E2650A1
:10CDC000276E286A070156511EECF5F0266E265094
:10CDD0002B6E2C6A2C5009E1500E2B5CD8A0F3EF7F
:10CDE000E6F0F5EFE6F0FBEFE6F06C0E2B26070E13
:10CDF0002C22FFEFE6F0D00E2B26070E2C222BC59F
:10CE000018F52CC519F527C51AF528C51BF529C530
:10CE10001CF52AC51DF500ECE0F018C557F719C53B
:10CE200058F7A18E1200000E0F6E000E106E000E4D
:10CE3000116E000E126E0B500C100D100E10D8B4A7
:10CE400024EFE7F026EFE7F05CEFE7F0010E136E5A
:10CE500030EFE7F0D8900B360C360D360E36132A2D
:10CE60000EAE35EFE7F037EFE7F02AEFE7F0D890B6
:10CE70000F361036113612360B50075C0C5008581E
:10CE80000D5009580E500A58D8A049EFE7F04BEF63
:10CE9000E7F054EFE7F00B50075E0C50085A0D50C6
:10CEA000095A0E500A5A0F80D8900E320D320C32A9
:10CEB0000B32132E37EFE7F00FC507F510C508F555
:10CEC00011C509F512C50AF5120005016D6B000EBA
:10CED0006C6F20ECF0F00009D8B471EFE7F073EF5D
:10CEE000E7F07CEFE7F0CE0E0501606FFB0E616F9F
:10CEF000A8ECF4F0B1EFE7F0520E0501606FFD0E03
:10CF0000616FA8ECF4F06E0E076E050E086ED00E81
:10CF1000C2ECEEF0020AD8A490EFE7F092EFE7F04F
:10CF20009BEFE7F0030E0501606FFE0E616FA8EC4A
:10CF3000F4F0B1EFE7F0550E0501606FFF0E616F81
:10CF4000A8ECF4F06EECF3F02D502E10D8A4ABEF5B
:10CF5000E7F0ADEFE7F0B1EFE7F005016D6B010E23
:10CF60006C6F6CC551F56DC552F5120020EE01F0E5
:10CF70000750D9260850DA22DF500F6E040E0F64D6
:10CF8000C4EFE7F0C6EFE7F0CAEFE7F0076808681C
:10CF900005EFE8F075C70DF576C70EF50F501A0DC1
:10CFA000F3C409F5F4C40AF509500D240B6E0A50B8
:10CFB0000E200C6E160E0B26000E0C2220EE12F028
:10CFC0000750D9260850DA220BC5DEF40CC5DDF473
:10CFD0000F501A0D240EF324D96E080EF420DA6EC9
:10CFE00010EE0DF00750E1260850E222DFC4E7F40E
:10CFF00020EE14F00750D9260850DA2273C7DEF469
:10D0000074C7DDF4086A000E076E1200060120EEF8
:10D0100014F04951D9264A51DA22DEC425F7DDC47D
:10D0200026F720EE12F04951D9264A51DA22DEC401
:10D030004BF6DDC44CF645EFE8F049C63FF64AC66C
:10D0400040F6D4ECC4F006013F514011D8B42BEFA8
:10D05000E8F02DEFE8F03BEFE8F020EE12F0495158
:10D06000D9264A51DA224B51DE5E4C51DD5A4969CC
:10D070004A6952EFE8F04B07D8A04C07200E070191
:10D080002127000E2223254B262B06014B514C1144
:10D09000D8A44DEFE8F04FEFE8F01DEFE8F04A6B51
:10D0A000000E496F1200A79009500A6E0B6A0A50D1
:10D0B000565C0B505758D8A060EFE8F062EFE8F0EC
:10D0C00067EFE8F009C50EF50F6A6BEFE8F056C59B
:10D0D0000EF557C50FF50EC50CF50FC50DF58DEF07
:10D0E000E8F0000E07013125D96E090E3221DA6E03
:10D0F00007C5E1F408C5E2F4DFC4E7F4074A082AEB
:10D10000010E31250A6E000E32210B6E7F0E0A14BD
:10D11000316F326B5606D8A057060E06D8A00F0600
:10D120000E2806E10F28D8A498EFE8F09AEFE8F06F
:10D1300071EFE8F0A7800CC507F50DC508F51200E2
:10D14000096E450EF66EF40EF76E000EF86E0900CD
:10D15000F550095CD8A0AFEFE8F0B1EFE8F0E8EFE8
:10D16000E8F0460EF66EF40EF76E000EF86E0950FB
:10D170000900F55CD8A0BFEFE8F0C1EFE8F0C6EF1A
:10D18000E8F0086A010E076EEBEFE8F0470EF66E66
:10D19000F40EF76E000EF86E0900F550095CD8A089
:10D1A000D4EFE8F0D6EFE8F0E8EFE8F0480EF66EDE
:10D1B000F40EF76E000EF86E09500900F55CD8A069
:10D1C000E4EFE8F0E6EFE8F0E8EFE8F0C1EFE8F0D0
:10D1D000086A000E076E120058A0F1EFE8F0F3EFB6
:10D1E000E8F0FDEFE8F01AC511F51BC512F518C5FA
:10D1F00013F519C514F5EFECF2F01DBE04EFE9F0DC
:10D2000002EFE9F007EFE9F01D6A000E1C6E206ADC
:10D21000000E1F6E17EFE9F0096A200E086E18C5A0
:10D220000AF519C50BF570ECE2F01F4A202A1C50D4
:10D230001F5C2050800A1E6E1D50800A1E58D8A008
:10D2400024EFE9F026EFE9F00CEFE9F058B02BEF0E
:10D25000E9F02DEFE9F037EFE9F01AC511F51BC53C
:10D2600012F518C513F519C514F5EFECF2F012001C
:10D270000B6E0C681DECF6F002019699949D0B5014
:10D28000FE0B8F6F08288C6F07C58BF2948BFDEC1B
:10D29000F3F00009D8A44FEFE9F051EFE9F079EF8E
:10D2A000E9F00C6A71EFE9F099AB59EFE9F05BEF47
:10D2B000E9F071EFE9F009C5D9F40AC5DAF4DF50F5
:10D2C0008B6F094A0A2A0C2AFDECF3F00009D8B446
:10D2D0006CEFE9F06EEFE9F071EFE9F00C6879EFCF
:10D2E000E9F002019AAF77EFE9F079EFE9F054EF56
:10D2F000E9F0020198BB7FEFE9F081EFE9F079EF07
:10D30000E9F00C5012000501B06B000EAF6FC1EFD9
:10D31000E9F0A8510701DC2505018B6FA951070130
:10D32000DD2105018C6FAA510701DE2105018D6FFA
:10D33000AB510701DF2105018E6F906B000E8F6FDF
:10D34000A6C591F5A7C592F5020E946F000E936FD6
:10D35000A8ECB1F005018B518C11D8B4B2EFE9F013
:10D36000B4EFE9F0B7EFE9F0010ECDEFE9F0010E0F
:10D37000A827000EA923AA23AB23020EA727AF4B91
:10D38000B02BAC51AF5DAD51B059D8A0CAEFE9F0A8
:10D39000CCEFE9F089EFE9F0000E12000501B26B65
:10D3A000000EB16F0CEFEAF0AA510701DC25050170
:10D3B0008B6FAB510701DD2105018C6FAC5107016B
:10D3C000DE2105018D6FAD510701DF2105018E6F53
:10D3D000906B000E8F6FA8C591F5A9C592F5020E4E
:10D3E000946F000E936F13ECB3F005018B518C1109
:10D3F000D8B4FDEFE9F0FFEFE9F002EFEAF0010E3B
:10D4000018EFEAF0010EAA27000EAB23AC23AD23E0
:10D41000020EA927B14BB22BAE51B15DAF51B2593B
:10D42000D8A015EFEAF017EFEAF0D4EFE9F0000E1C
:10D43000120009C50FF50AC510F50B500C10D8A441
:10D4400024EFEAF026EFEAF028EFEAF061EFEAF0E5
:10D450000C500001836F0BC582F00FC5D9F410C5C5
:10D46000DAF4DF50816F0F4A102A0E6A010E0D6E3A
:10D470004DEFEAF00FC5D9F410C5DAF4DF50816F33
:10D480000F4A102AB1A047EFEAF049EFEAF042EF65
:10D49000EAF0000180510D4A0E2A0B500D5C0C5031
:10D4A0000E58D8A056EFEAF058EFEAF03AEFEAF05B
:10D4B000B1A05DEFEAF05FEFEAF058EFEAF00001AB
:10D4C000805112000B6A0A6A8CEFEAF00D0E0C18FC
:10D4D000D8B46DEFEAF06FEFEAF08CEFEAF00A0EE5
:10D4E0000C18D8B476EFEAF078EFEAF08CEFEAF0B7
:10D4F000200E0C18D8A47FEFEAF081EFEAF083EF5A
:10D50000EAF08CEFEAF00B500724D96E000E0820E9
:10D51000DA6E0CC5DFF40B2A0A2A0A04096E0950D8
:10D520000724D96E000E0820DA6EDF500C6E0C5006
:10D53000D8A49DEFEAF09FEFEAF066EFEAF00B5017
:10D540000724D96E000E0820DA6E0CC5DFF4120035
:10D5500007011C6B000E1B6F1CBFB8EFEAF01C51DB
:10D5600009E1140E1B5DD8A0B8EFEAF0BAEFEAF0BB
:10D57000C3EFEAF04F0E0501606FFE0E616FA8EC7D
:10D58000F4F0C1EFEAF00501736B000E726F756B7A
:10D59000020E746F776B640E766F9DECB5F005012B
:10D5A00072517311D8A4D7EFEAF0D9EFEAF0DBEFAC
:10D5B000EAF0ECEFEAF0110E0501826F3C0E816F8C
:10D5C000CB0EE82EFED7812FFCD7822FFAD707018A
:10D5D0001B4B1C2BACEFEAF01200096E0C6A000E1C
:10D5E0000B6E09C50BF50A6A0C500F0B076E086A23
:10D5F000030E0726000E082208BE08EFEBF00850C5
:10D6000009E1080E075CD8A008EFEBF00AEFEBF099
:10D610000CEFEBF0030E0C260C50F00B076E086AB3
:10D62000300E0726000E082208BE20EFEBF008504F
:10D6300009E1800E075CD8A020EFEBF022EFEBF0C1
:10D6400024EFEBF0300E0C26D8900B360C360A2A5D
:10D65000070E0A642EEFEBF030EFEBF0F4EFEAF098
:10D660000C50120007C5F6F408C5F7F4000EF86E6A
:10D670003F0EF76403D00800F55005D0F6C4E9F476
:10D68000F7C4EAF4EF500918D8A449EFEBF04BEFD8
:10D69000EBF051EFEBF007C507F508C508F574EF9F
:10D6A000EBF007500B6E08500C6E074A082A0BC5AA
:10D6B000F6F40CC5F7F4000EF86E3F0EF76403D0D5
:10D6C0000800F55005D0F6C4E9F4F7C4EAF4EF50C9
:10D6D0000009D8A46EEFEBF070EFEBF032EFEBF057
:10D6E000000E076E000E086E1200116A000E106E1A
:10D6F000030E0C140E6E000E0D140F6E0E500F1054
:10D70000D8A485EFEBF087EFEBF09CEFEBF00CC5C6
:10D7100007F50DC508F50A6A640E096E59ECEFF0BD
:10D7200007500810D8B497EFEBF099EFEBF09CEFAF
:10D73000EBF0116A010E106E0CC507F50DC508F56A
:10D74000010E0A6E900E096E59ECEFF007500810AA
:10D75000D8A4ADEFEBF0AFEFEBF0B2EFEBF0116A66
:10D76000010E106E10C50CF511C50DF5120000016B
:10D77000D4A5BDEFEBF0BFEFEBF0E6EFEBF0EDEC97
:10D78000F5F068ECF5F002D8D1EFEBF00500FA6E99
:10D7900007010F51FD6E1051FE6E1151FF6EFA50D0
:10D7A0001200070133513411D8B4D9EFEBF0DBEF9D
:10D7B000EBF0E0EFEBF034ECF6F0C280F7EFEBF0DB
:10D7C0005CECF5F02AECF6F0F6ECF5F007013F51D1
:10D7D000D8B4EDEFEBF0EFEFEBF0F3EFEBF032EC72
:10D7E000F6F007013F6B34ECF6F0B7EFEBF0120008
:10D7F0001A0E1024076E000E1120086EE1ECF3F0F3
:10D8000007C516F508C517F5186A196A0EC5D9F4C3
:10D810000FC5DAF4030EDE18D8A411EFECF013EF05
:10D82000ECF02FEFECF0140E1024076E000E112018
:10D83000086EE1ECF3F00750126E0850136E146A94
:10D84000156A13C515F512C514F5136A126A12503C
:10D85000161213501712145018121550191216C51B
:10D860000EF517C50FF518C510F519C511F51200FD
:10D8700087C56CF588C56DF589C56EF58AC56FF5E8
:10D880008BC570F58CC571F565ECD0F00501916B19
:10D8900089C58DF58AC58EF5906B000E8F6F5BEF95
:10D8A000ECF08DC5D9F48EC5DAF4DF5091278D4B9D
:10D8B0008E2B8F4B902B8B518F5D8C519059D8A014
:10D8C00064EFECF066EFECF051EFECF0E60E606F19
:10D8D000FB0E616F87C562F588C563F56A0E646FDC
:10D8E000FB0E656F91C566F5676BA8ECF4F012004E
:10D8F0000F6A07C510F508C511F5095010240B6E05
:10D900000A5011200C6EABEFECF010C5D9F411C524
:10D91000DAF4DF500F1A104A112A0E6A000E0D6E4B
:10D920000FAE95EFECF097EFECF099EFECF0890E7D
:10D930000F1AD8900F360D4A0E2A0EBEA9EFECF042
:10D940000E5009E1080E0D5CD8A0A9EFECF0ABEF8A
:10D95000ECF090EFECF00B50105C0C501158D8A08C
:10D96000B4EFECF0B6EFECF085EFECF00F501200F6
:10D97000366E06C737F507C738F532C53BF533C5F0
:10D980003CF52EC51EF52FC51FF530C520F531C558
:10D9900021F53BC522F53CC523F5365017ECE6F0E2
:10D9A0001EC539F51FC53AF539503A10D8B4DBEF2A
:10D9B000ECF0DDEFECF0E1EFECF094ECF4F0F5EFEF
:10D9C000ECF037C507F538C508F5010E3B24096EA4
:10D9D000000E3C200A6EFF0E34240B6EFF0E352025
:10D9E0000C6EC5ECABF094ECF4F0120007013D6B4B
:10D9F000400E586FCC0E576F596B5A6B5C6B5B6B5C
:10DA000057C712F558C713F5240E146E050E156E80
:10DA1000260E166E050E176E280E186E050E196E60
:10DA200086ECD5F007015C51EDECEAF00701506F90
:10DA30005951EDECEAF00701516F5A51EDECEAF063
:10DA40000701526F2850EDECEAF00701546F2650A1
:10DA5000EDECEAF00701556F2450EDECEAF0070118
:10DA6000566F120038EFEDF0074A082A094A0A2AD1
:10DA700007C5D9F408C5DAF4DF500B6E09C5F6F412
:10DA80000AC5F7F4000EF86E0800F5500B18D8A47C
:10DA90004CEFEDF04EEFEDF05AEFEDF007C5D9F495
:10DAA00008C5DAF4DF50D8A458EFEDF05AEFEDF0E6
:10DAB00034EFEDF007C5D9F408C5DAF4DF500B6E8A
:10DAC00009C5F6F40AC5F7F4000EF86E0800F55023
:10DAD0000B5C076E086AD8A008061200080E000149
:10DAE000B16F0401006B086B106B186B20912093D1
:10DAF0002095C280CA90019BBE8AC69A119BC09A8B
:10DB0000C89A0969BF6AC76A1969C16AC96A018185
:10DB1000BE80C6900183BE82C6920185BE84C69433
:10DB2000119D0201176BC09CC89C04012193C28205
:10DB3000CA921181C090C8900187BE86C69601899D
:10DB4000BE88C6982185C284CA94119FC08EC89E83
:10DB500012000701476B030E4865B1EFEDF0B3EF1C
:10DB6000EDF0B7EFEDF007680868E2EFEDF048512F
:10DB7000040DDD0EF324D96E080EF420DA6EDE50AB
:10DB8000DE10D8A4C6EFEDF0C8EFEDF0CAEFEDF06F
:10DB9000B3EFEDF04851040DDD0EF324D96E080EFD
:10DBA000F420DA6E4A51DE5C4B51DE58D8B0DBEF20
:10DBB000EDF0DDEFEDF0DFEFEDF0B3EFEDF0086A43
:10DBC000000E076E12000E6A000E0D6E106A000E37
:10DBD0000F6E03EFEEF0D8900F34F66E1034F76E40
:10DBE0002D0EF626F40EF722F86A000EF822090030
:10DBF000F5C40BF50900F5C40CF50B500D260C50BF
:10DC00000E220F4A102AFF0E07240B6EFF0E08206B
:10DC10000C6E0B500F5C0C501058D8A012EFEEF0A9
:10DC200014EFEEF0EBEFEDF009500D260A500E2246
:0ADC30000DC507F50EC508F512003A
:10DC3C00C7C203F5110E07013E19D8A428EFEEF068
:10DC4C002AEFEEF035EFEEF0110E0318D8A431EFF9
:10DC5C00EEF033EFEEF035EFEEF0010E3F6F575074
:10DC6C0007E1800E565CD8B03EEFEEF040EFEEF0E0
:10DC7C0056EFEEF003C53EF7000E2F25D96E090EB8
:10DC8C003021DA6E03C5DFF4010E2F25016E000E74
:10DC9C003021026E7F0E01142F6F306B564A572ABB
:10DCAC00110007C5D9F408C5DAF409C5DFF4074A31
:10DCBC00082A0AC509F50BC50AF50CC50BF50C6A43
:10DCCC0007C5D9F408C5DAF409C5DFF4074A082AF0
:10DCDC000AC509F50BC50AF50CC50BF50C6A07C589
:10DCEC00D9F408C5DAF409C5DFF4074A082A0AC5CD
:10DCFC0009F50BC50AF50CC50BF50C6A07C5D9F46B
:10DD0C0008C5DAF409C5DFF4074A082A1200000E28
:10DD1C000F6E000E106E000E116E000E126E07A02C
:10DD2C009AEFEEF09CEFEEF0A4EFEEF00B500F2616
:10DD3C000C5010220D5011220E501222D8900B367E
:10DD4C000C360D360E36D8900A32093208320732AC
:10DD5C000750081009100A10D8A4B7EFEEF0B9EF6D
:10DD6C00EEF095EFEEF00FC507F510C508F511C5EF
:10DD7C0009F512C50AF51200096E1DECF6F0020148
:10DD8C009699949D095001098F6F010E8C6F948B9D
:10DD9C00FDECF3F00009D8B4D6EFEEF0D8EFEEF0CE
:10DDAC00DCEFEEF0020E0A6EEBEFEEF0020199A141
:10DDBC00E2EFEEF0E4EFEEF0DCEFEEF007C5D9F4B5
:10DDCC0008C5DAF48AC2DFF40A6A020198BBF1EFE3
:10DDDC00EEF0F3EFEEF0EBEFEEF00A50120057C757
:10DDEC0012F558C713F5240E146E050E156E260E7B
:10DDFC00166E050E176E280E186E050E196E86EC33
:10DE0C00D5F007015C51EDECEAF00701506F595168
:10DE1C00EDECEAF00701516F5A51EDECEAF0070115
:10DE2C00526F2850EDECEAF00701546F2650EDECE0
:10DE3C00EAF00701556F2450EDECEAF00701566F3C
:10DE4C00120005016C6F010E05016D6F3FEFEFF0D5
:10DE5C006D6B56EFEFF0650E606FF60E616F6CC573
:10DE6C0062F5636B51C564F5656BA8ECF4F056EF85
:10DE7C00EFF05150000AD8B42EEFEFF0010AD8B4ED
:10DE8C0031EFEFF0030AD8B431EFEFF0010AD8B458
:10DE9C0031EFEFF0070AD8B431EFEFF031EFEFF0DC
:10DEAC0005016D51120009500A10D8B460EFEFF063
:10DEBC0062EFEFF086EFEFF0010E0B6E6AEFEFF012
:10DECC00D89009360A360B2A0AAE6FEFEFF071EFD5
:10DEDC00EFF066EFEFF00950075C0A500858D8A035
:10DEEC007AEFEFF07CEFEFF080EFEFF00950075E88
:10DEFC000A50085AD8900A3209320B2E71EFEFF003
:0ADF0C0007C507F508C508F5120067
:10DF1800B19E07013D2B640E3D19D8A496EFEFF092
:10DF280098EFEFF0BDEFEFF03D6B5C2B3C0E5C190A
:10DF3800D8A4A1EFEFF0A3EFEFF0BCEFEFF05C6B2C
:10DF4800592B3C0E5919D8A4ACEFEFF0AEEFEFF017
:10DF5800BCEFEFF0596B5A2B180E5A19D8A4B7EF2B
:10DF6800EFF0B9EFEFF0BCEFEFF05A6B574B582BCF
:10DF78005B6B1100070135513611D8A4C6EFEFF0DD
:10DF8800C8EFEFF0DCEFEFF0BE0E0501606FFF0E9B
:10DF9800616FD10E626FF80E636FA8ECF4F0E00EBB
:10DFA8000701126FB20E136F010E146FEEEFEFF050
:10DFB800BE0E0501606FFF0E616F390E626FF60EBF
:10DFC800636FA8ECF4F0420E0701126F720E136F24
:10DFD800010E146F12000AC507F50BC508F535ECDC
:10DFE800F4F007500810D8B4FCEFEFF0FEEFEFF0B4
:10DFF80008EFF0F00AC507F50BC508F57FECF5F05A
:10E008000A680B681FEFF0F020EE0EF00A50D926D0
:10E018000B50DA22DEC423F7DDC424F720EE10F01B
:10E028000A50D9260B50DA22DEC421F7DDC422F7C4
:10E038000B6A000E0A6E12002EEFF0F0090E086E41
:10E048001E0E076EE40EE82EFED7072EFCD7082E0C
:10E05800FAD700D0D0A633EFF0F035EFF0F022EF8A
:10E06800F0F0D0A83AEFF0F03CEFF0F022EFF0F04B
:10E07800D0A641EFF0F043EFF0F04AEFF0F0D0B85F
:10E0880048EFF0F04AEFF0F04DEFF0F0010E4EEFF0
:10E09800F0F0000E1200176811C507F512C508F553
:10E0A800D3ECF0F0166A000E156E6AEFF0F011C5A9
:10E0B80007F512C508F5170E096E050E0A6E0C6AEB
:10E0C800010E0B6E19ECEAF0154A162A1350155C6E
:10E0D80014501658D8A073EFF0F075EFF0F05BEF1E
:10E0E800F0F011C507F512C508F54FECF3F0120072
:10E0F800156A000E146E070E176EBC0E166E98EF9A
:10E10800F0F016C50CF517C50DF575ECEBF00C50D5
:10E118000D10D8B492EFF0F094EFF0F096EFF0F025
:10E12800144A152A164A172A1650125C1750135803
:10E13800D8B0A1EFF0F0A3EFF0F085EFF0F014C540
:10E1480012F515C513F51200D9C5CEF5DAC5CFF508
:10E158005CECBCF00501DD6FDD51D8A4B6EFF0F042
:10E16800B8EFF0F0D2EFF0F0D9C56CF5DAC56DF57F
:10E17800DB0E6E6F050E6F6FFDECDAF00501DD6FDB
:10E18800DD51D8A4CAEFF0F0CCEFF0F0D2EFF0F008
:10E19800D9C5D9F4DAC5DAF4DE6ADD6A120007C532
:10E1A80009F508C50AF520EE02F00950D9260A50EB
:10E1B800DA22DF50D8A4E3EFF0F0E5EFF0F0F5EF66
:10E1C800F0F0310E02010A6F320E096F20EE03F0F3
:10E1D8000950D9260A50DA22C7C4DFF4C790C7927B
:10E1E800C78420EE02F00950D9260A50DA22DF2A25
:10E1F8001200830E0501606FF40E616FA8ECF4F055
:10E20800390E0501606FFB0E616FA8ECF4F0110E7A
:10E21800526E3C0E516ECB0EE82EFED7512EFCD717
:10E22800522EFAD70000200E0501606FFB0E616FB9
:10E23800A8ECF4F0830E0501606FF40E616FA8EC92
:10E24800F4F0120007C509F508C50AF52EEFF1F03C
:10E25800074A082A07C5F6F408C5F7F4000EF86E51
:10E268003F0EF76403D00800F55005D0F6C4E9F472
:10E27800F7C4EAF4EF500009D8A445EFF1F047EFEE
:10E28800F1F02CEFF1F00950075C076E0A500858BE
:10E29800086E1200080E0601AA6F130EAB6FD80E97
:10E2A800AC6FFF0EAD6F010EAE6F7DECDBF00009B9
:10E2B800D8B461EFF1F063EFF1F071EFF1F0500EC7
:10E2C8000501606FFA0E616FA8ECF4F0FF0E06010D
:10E2D800B76FFE0EB66F75EFF1F00601B76B000E63
:10E2E800B66F120009C50FF50AC510F507C50DF57B
:10E2F80008C50EF590EFF1F00FC5D9F410C5DAF4A2
:10E30800DF50116E0F4A102A0DC5D9F40EC5DAF484
:10E3180011C5DFF40D4A0E2A0B06D8A00C060B28EF
:10E3280006E10C28D8A49BEFF1F09DEFF1F080EF07
:10E33800F1F0120049C54DF54AC54EF5B2EFF1F0BE
:10E3480047C535F548C536F54D0E376E050E386E9E
:10E358004BC539F54CC53AF541EC98F04DC5F6F486
:10E368004EC5F7F4000EF86E0800F5500009D8A461
:10E37800C0EFF1F0C2EFF1F0A4EFF1F0486A000E3F
:10E38800476E120075C70BF576C70CF520EE0DF039
:10E398000750D9260850DA22040EDF6E030E0B242C
:10E3A800096E000E0C200A6E20EE12F00750D926D6
:10E3B8000850DA2209C5DEF40AC5DDF420EE14F0AF
:10E3C8000750D9260850DA2273C7DEF474C7DDF483
:10E3D8001200ECFF7107FAFE6F07EFFE6D0768FF8A
:10E3E8006B075FFF69079DFF670795FF650719FFC3
:10E3F80063072DFF730723FF7507DDFF61071A0009
:10E4080000001A0000008000000080000000644046
:10E4180000002CFDF3FD3FFD9CFDE2FD22FE640E95
:10E428000501686F050E696F60C56AF561C56BF512
:10E438006D6B000E6C6F746B000E736F6A0E476E17
:10E44800050E486E62C549F563C54AF5680E4B6E00
:10E45800050E4C6E9EECF1F005016C516025D96EED
:10E468006D516121DA6EDF6A12001A0E0D24076EF3
:10E47800000E0E20086E0FC509F510C50AF580ECD0
:10E48800F4F00BC5D9F40CC5DAF4030EDE18D8A4E1
:10E4980050EFF2F052EFF2F05EEFF2F0140E0D24AE
:10E4A800076E000E0E20086E11C509F512C50AF593
:10E4B80080ECF4F0120007012D512E11D8B467EF4B
:10E4C800F2F069EFF2F05FEFF2F0AB90000E2B255F
:10E4D800D96E0A0E2C21DA6EDF500B6E010E2B2539
:10E4E800096E000E2C210A6E7F0E09142B6F2C6BFF
:10E4F8002D07D8A02E07AB800BC507F5086A1200B8
:10E5080056505710D8B48BEFF2F08DEFF2F084EF3D
:10E51800F2F0A790000E07013125D96E090E3221BD
:10E52800DA6EDF500B6E010E3125096E000E3221B6
:10E538000A6E7F0E0914316F326B5606D8A0570643
:10E54800A7800BC507F5086A12001A6E06C71BF5E7
:10E5580007C71CF51BC515F51CC516F5DFECF4F04F
:10E568001D6E1A501D18D8A4BCEFF2F0BEEFF2F0E1
:10E57800CAEFF2F01806D8A0190618501910D8A436
:10E58800C8EFF2F0CAEFF2F0AEEFF2F01D50120051
:10E59800EDC206F507012E5107E1800E2D5DD8B0BA
:10E5A800D8EFF2F0DAEFF2F0EEEFF2F0000E2925F4
:10E5B800D96E0A0E2A21DA6E06C5DFF4010E292566
:10E5C800046E000E2A21056E7F0E0414296F2A6B33
:10E5D8002D4B2E2B1100176A000E166EFFEFF2F06E
:10E5E80015C508F5096A13C50AF514C50BF570ECCD
:10E5F800E2F0164A172A16501124D96E1750122025
:10E60800DA6EDF50156E1550D8A40DEFF3F00FEF4A
:10E61800F3F0F4EFF2F01200C768C968C680C6824A
:10E62800C684C688C686C880550E0401596FAA0ECE
:10E63800596F5991080E5D6F000E5E6F000E5F6F87
:10E64800550E596FAA0E596F59812AECF6F0C09AE7
:10E65800C88AC292C2901200516E5150D8B437EF96
:10E66800F3F039EFF3F03CEFF3F0020E4EEFF3F076
:10E678000701DC290AE1DD2908E1DE2906E1DF29B5
:10E68800D8A449EFF3F04BEFF3F04DEFF3F039EF87
:10E69800F3F0000E120007C509F508C50AF520EECB
:10E6A80002F00950D9260A50DA22DF06DF50D8A432
:10E6B80060EFF3F062EFF3F06DEFF3F002010A6B35
:10E6C800096B20EE03F00950D9260A50DA22DF50F0
:10E6D800C76E1200000E076E070E086E500E096E08
:10E6E800070E0A6ED00E6CECE0F0FF0AD8A47FEF9C
:10E6F800F3F081EFF3F086EFF3F02E6A010E2D6E42
:10E708008BEFF3F0C1ECE6F02E6A000E2D6E1200CE
:10E718000001B38BC098C096C898C89604011189A7
:10E728001187380E0201156F140E706F370E146FB3
:10E73800130E716F180E0401126F010E0201866F1D
:10E74800010E876FCDECF4F0120077C56CF578C533
:10E758006DF5790E05016E6F050E6F6FFDECDAF041
:10E7680005017B6F7B51D8A4BCEFF3F0BEEFF3F04B
:10E77800C4EFF3F077C5D9F478C5DAF4DE6ADD6A58
:10E78800120007C50DF508C50EF5D3EFF3F00DC55A
:10E79800D9F40EC5DAF409C5DFF40D4A0E2A0B06C2
:10E7A800D8A00C060B2806E10C28D8A4DEEFF3F05D
:10E7B800E0EFF3F0CBEFF3F0120020EE01F007509A
:10E7C800D9260850DA22DF50096E09500C6E0D6AFE
:10E7D80007C5D9F408C5DAF4DF50096E0C500A6E83
:10E7E80009500C6E0AC50DF50CC507F50DC508F5E1
:10E7F8001200020195A903EFF4F005EFF4F0FDEF24
:10E80800F3F095B90AEFF4F00CEFF4F005EFF4F03B
:10E8180095AB11EFF4F013EFF4F017EFF4F09985DE
:10E82800FF0E18EFF4F0000E120007500B6E0850A0
:10E838000C6E0D6A0E6A040ED8900B360C360D3627
:10E848000E36E82E20EFF4F009500B24076E0A501C
:10E858000C20086E000E0D20096E000E0E200A6EA8
:10E86800120020EE01F00750D9260850DA22DF50B6
:10E87800096E030E096443EFF4F045EFF4F049EF35
:10E88800F4F0076808684EEFF4F009C559F5086A0E
:10E89800000E076E120012BE54EFF4F056EFF4F0BB
:10E8A8005CEFF4F011C511F512C512F568EFF4F03C
:10E8B80011C513F512C514F5131E141E134A142A94
:10E8C80013C511F514C512F5120007C509F508C5D9
:10E8D8000AF520EE02F00950D9260A50DA22DF6A3A
:10E8E8000001846B856B090E02016A6F0A0E6B6F5B
:10E8F800CA940001848F120007C5D9F408C5DAF458
:10E9080009C5DFF4074A082A0A50096E0A6A07C5CA
:10E91800D9F408C5DAF409C5DFF4074A082A120051
:10E9280006C718F507C719F518C50BF519C50CF56D
:10E93800FFECF4F018C511F519C512F5146A010EAB
:10E94800136E4FECF0F01200620E4F6E050E506E13
:10E95800000E476E000E486E60C549F561C54AF560
:10E968004F0E4B6E050E4C6E9EECF1F01200FFFF41
:10E97800FFFFAD08A0FA77FEC1FECDFE6AFE5DFE80
:10E988004BFFB4FF7AFF84FE41FF71FF37FF39F672
:10E99800D1F8020199859451F80B0409946F958F69
:10E9A800959DFC0E9617969B030E9E6F9B6B9A6B1C
:10E9B800948F8D6B1200176815C507F516C508F5F5
:10E9C800170E096E050E0A6E0C6A010E0B6EC5EC69
:10E9D800ABF0175012000BC507F50CC508F5D3ECC2
:10E9E800F0F00BC507F50CC508F50A6A010E096EAB
:10E9F80050ECF5F012000BC507F50CC508F50A6ACE
:10EA0800000E096E50ECF5F00BC507F50CC508F5BE
:10EA18004FECF3F01200076EB7B215EFF5F017EFF1
:10EA2800F5F01AEFF5F0010E1DEFF5F007C5C9F284
:10EA3800000E1200096E09C507F50F0E07160938F2
:10EA48000F0B0F0B0A0DF3500724086E0850120025
:10EA580007012A6B000E296F2C6B000E2B6F2E6B93
:10EA6800000E2D6FAB801200596A0701246B000E4F
:10EA7800236F226B000E216F286B000E276F120088
:10EA88000701306B000E2F6F326B000E316F576A23
:10EA9800000E566EA780120009500A10D8B457EF1E
:10EAA800F5F05AEFF5F0C2845BEFF5F0C29412006E
:10EAB800C090C09AC768C968C680C682C684C88A1A
:10EAC800C688C686C8801200C76AC96AC690C69238
:10EAD800C694C698C696C090C890C09AC89A1200A4
:10EAE80020EE03F00750D9260850DA22020EDE6E17
:10EAF800810EDD6E120020EE03F00750D926085073
:10EB0800DA22010EDE6E810EDD6E120020EE03F0B9
:10EB18000750D9260850DA220A0EDE6E810EDD6E05
:10EB2800120020EE03F00750D9260850DA220B0E07
:10EB3800DE6E810EDD6E120020EE03F00750D9263E
:10EB48000850DA22040EDE6E810EDD6E120020EE11
:10EB580003F00750D9260850DA22070EDE6E810E20
:10EB6800DD6E1200076EBBA2BCEFF5F0BEEFF5F04C
:10EB7800B7EFF5F007C5EFF2120020EE03F00750EB
:10EB8800D9260850DA22000EDE6E010EDD6E120064
:10EB980020EE03F00750D9260850DA22030EDE6E65
:10EBA800810EDD6E120020EE03F00750D9260850C2
:10EBB800DA22000EDE6E030EDD6E1200076EB7A2BB
:10EBC800E8EFF5F0EAEFF5F0E3EFF5F007C5C9F285
:10EBD8001200C282CEAAF3EFF5F0F5EFF5F0EEEFF2
:10EBE800F5F01200C292CEBAFCEFF5F0FEEFF5F0A8
:10EBF800F7EFF5F0120020EE0EF00750D926085076
:10EC0800DA22010EDF6E1200000E076E000E086E8B
:10EC1800210E096E000E0A6E120009C507F50AC515
:10EC280008F574ECF5F01200020E086E000E076E7F
:10EC380012000201976B9A6B998512000701406BCD
:10EC4800466B1200D68EB19EA18E12000001D785A8
:10EC5800D7951200010E0701416F1200C08C1200F7
:06EC6800C09C1200110027
:020000040030CA
:100000008C2FFFF79FFFFFFFFFFFFFFFFFFFFFFFAB
:10001000FFFFFFFFFFFFFFFFFFFFFFFFFFFFFFFFF0
:03002000FFFFFFE0
:00000001FF
