:0400000085EF00F098
:100008008B7B8B7B8B7B8B7B8B7B8B7B8B7B8B7BB8
:100018008B7B8B7B8B7B8B7B8B7B8B7B8B7B8B7BA8
:100028008B7B8B7B8B7B8B7B8B7B8B7B8B7B8B7B98
:100038008B7B8B7B8B7B8B7B8B7B8B7B8B7B6A78AC
:100048008B7B8B7B8B7B8B7B8B7B8B7B8B7B8B7B78
:100058008B7B8B7B8B7B8B7B8B7B8B7B8B7B8B7B68
:100068008B7B8B7B8B7B8B7B8B7B8B7B8B7B8B7B58
:100078008B7B8B7B8B7B8B7B42008B7B8B7B8B7B0C
:100088008B7B8B7B8B7B8B7B8B7B8B7B8B7B8B7B38
:100098009A778B7B8B7B8B7B42008B7B8B7B8B7BE1
:1000A8008B7B8B7B8B7B8B7B8B7B8B7B8B7B8B7B18
:1000B8008B7B8B7B8B7B8B7B8B7B8B7B8B7B8B7B08
:1000C8008B7B8B7B8B7B8B7B8B7B8B7B8B7B8B7BF8
:1000D800CF798B7B8B7B8B7B8B7B8B7B8B7B8B7BA6
:1000E80042008B7B8B7B8B7B8B7B8B7B8B7B8B7B9C
:1000F8008B7B8B7B8B7B8B7B8B7B8B7B8B7B8B7BC8
:06010800FF0016EFE7F016
:10F42C00001F001C001F001E001F001E001F001FDD
:10F43C00001E001F001E001F00819FE0FC407E800C
:10F44C00FC0000534420436172643A20726561648D
:10F45C003531323A20435243206572726F72202844
:10F46C002530347820213D20253034782C207265CD
:10F47C007472793D2564290A0D00496D6167652018
:10F48C0066696C652025732F445249564525632EB9
:10F49C0044534B2069732061737369676E656420F4
:10F4AC00746F2064726976652025630A0D006469A7
:10F4BC00736B5F696F63746C3A20706472763D2570
:10F4CC00642C20636D643D25642C20627566663D5A
:10F4DC003078256C783A207265733D25640A0D00EE
:10F4EC00534420436172643A202072656164353163
:10F4FC00323A20616464723D25386C642C206F664E
:10F50C0066733D25642C20636F756E743D25640A0B
:10F51C000D00534420436172643A2077726974651C
:10F52C003531323A20616464723D25386C642C208C
:10F53C006F6666733D25642C20636F756E743D2574
:10F54C00640A0D00534420436172643A2077726957
:10F55C0074653531323A206661696C656420746F6C
:10F56C002067657420746F6B656E2C2074696D65F3
:10F57C006F75740A0D00534420436172643A20770E
:10F58C00726974653531323A2074696D656F7574C2
:10F59C002C20726573706F6E736520697320253033
:10F5AC0032780A0D00534420436172643A20434D73
:10F5BC004435382C2052333D2530327820253032DA
:10F5CC00782025303278202530327820253032785A
:10F5DC000A0D0025733A204552524F523A20636C63
:10F5EC006F636B20737065656420256420697320DC
:10F5FC006E6F7420737570706F727465640A0D0091
:10F60C00534420436172643A20434D44382C2052B9
:10F61C00373D25303278202530327820253032782D
:10F62C00202530327820253032780A0D0064697339
:10F63C006B5F696F63746C3A20706472763D2564FD
:10F64C002C20636D643D25643A204E6F74206861F4
:10F65C006E646C65642E0A0D006469736B5F726571
:10F66C0061643A2020706472763D25642C207365A9
:10F67C0063746F723D256C642C20636F756E743DE2
:10F68C0025640A0D006469736B5F77726974653A5F
:10F69C0020706472763D25642C20736563746F72E0
:10F6AC003D256C642C20636F756E743D25640A0DCA
:10F6BC0000536574757020445331333037205254E5
:10F6CC0043206D6F64756C6520666F7220636C6F80
:10F6DC00636B206465766963652E0D0A00534420C4
:10F6EC00436172643A20434353202843617264207F
:10F6FC004361706163697479205374617475732903
:10F70C0020697320300A0D00534420436172643A1F
:10F71C002077726974653531323A20435243206543
:10F72C0072726F72202872657472793D2564290A91
:10F73C000D00534420436172643A2043617264208B
:10F74C00706F776572207570207374617475732097
:10F75C0062697320697320300A0D00726561642040
:10F76C004D425220706172746974696F6E207461BD
:10F77C00626C6520617420736563746F7220300A4B
:10F78C000D00534420436172643A20534448432093
:10F79C006F72205344584320636172642064657413
:10F7AC0065637465640A0D0025733A204552524F07
:10F7BC00523A206D6F6465202564206973206E6F4A
:10F7CC007420737570706F727465640A0D004C6FE1
:10F7DC006164202573203A20416472203D2025303D
:10F7EC00366C782C2053697A65203D20253034788E
:10F7FC000D0A00534420436172643A20696E6974A7
:10F80C0069616C697A65202E2E2E20737563636591
:10F81C00656465640A0D00534420436172643A20A8
:10F82C00756E657870656374656420726573706F4E
:10F83C006E736520253032780A0D005344204361E5
:10F84C0072643A2041434D44343120726573706FB9
:10F85C006E736520697320253032780A0D0053448D
:10F86C0020436172643A2077726974653531323A9B
:10F87C0020746F6B656E20697320253032780A0D09
:10F88C00004D656D6F727920303030303030202D66
:10F89C00202530366C5848202564204B42204F4B95
:10F8AC000D0A00534420436172643A20434D4435A1
:10F8BC003920726573706F6E736520697320253003
:10F8CC0032780A0D00706172746974696F6E2073FE
:10F8DC00746172747320617420736563746F722029
:10F8EC00256C640A0D0053657475702074696D6520
:10F8FC00723020666F7220636C6F636B2064657668
:10F90C006963652E0D0A00665F7772697465282934
:10F91C003A204552524F52207265733D25642C207B
:10F92C006E3D25640A0D00665F7265616428293A94
:10F93C00204552524F52207265733D25642C206E27
:10F94C003D25640A0D005365747570205541525461
:10F95C003520666F72204155582064657669636561
:10F96C002E0A0D006661696C656420746F207772D5
:10F97C0069746520736563746F7220256C640A0D5D
:10F98C00000D0A5365742044617465282530346475
:10F99C002F253032642F25303264290D0A00554E44
:10F9AC004B4E4F574E20444556494345203A204331
:10F9BC004D442825303278290D0A006661696C6542
:10F9CC006420746F207265616420736563746F7258
:10F9DC0020256C640A0D000A0D53442043617264A7
:10F9EC003A20696E697469616C697A65202E2E2ED5
:10F9FC000A0D005365742054696D652825303264F6
:10FA0C003A253032643A25303264290D0A0050729E
:10FA1C006F6772616D2046696C65204C6F61642064
:10FA2C004572726F722E0D0A004661696C65642016
:10FA3C00746F206D6F756E74205344204361726433
:10FA4C002E0A0D00554E4B4E4F574E20756E696D5C
:10FA5C006F6E20434D442825303278290D0A00530F
:10FA6C004420436172643A2041434D4434312C208C
:10FA7C0052313D253032780A0D006661696C65643F
:10FA8C0020746F207265616420736563746F7220DB
:10FA9C00300A0D004661696C656420746F206F70CC
:10FAAC00656E20534420436172642E0A0D004D454F
:10FABC005A38385F52414D204669726D77617265D4
:10FACC0020526576312E33000A4D656D6F727920A8
:10FADC006572726F72206174202530366C58480A3A
:10FAEC000D006469736B5F696E697469616C697A26
:10FAFC0065282564292E2E2E0A0D004453313330EF
:10FB0C0037205769746520493243206572726F72D1
:10FB1C00210D0A004E6F2025732064697265637491
:10FB2C006F727920666F756E642E0D0A00333A542D
:10FB3C006F796F7368696B692054696E79204261C3
:10FB4C007369630A0D00534420436172643A206E5A
:10FB5C006F74207375706F70727465640A0D005346
:10FB6C004420436172643A20434D44302C2052317E
:10FB7C003D253032780A0D00202020202020202026
:10FB8C002020202020202020202020202020200D7C
:10FB9C00007761697420666F722070726F67726192
:10FBAC006D6D6572202E2E2E0D0025732535337349
:10FBBC0020434845434B53554D3A20253032780A63
:10FBCC000D004D656D6F7279203030303030302043
:10FBDC002D202530366C58480D0049324320627573
:10FBEC0073206973206E6F742065786973742E0AA4
:10FBFC000D00706879736963616C20647269766555
:10FC0C007220213D20300A0D00353A47414D452DDB
:10FC1C004320496E7465727072657465720A0D00CA
:10FC2C004461746520253034642F253032642F25CF
:10FC3C00303264203D200054696D652025303264DB
:10FC4C003A253032643A25303264203D20000A4D8A
:10FC5C00656D6F727920777261702061726F756E4D
:10FC6C00642E0A0D00323A38303836204E41534358
:10FC7C004F4D2042415349430A0D00313A556E69AC
:10FC8C0076657273616C204D6F6E69746F720A0DBC
:10FC9C0000665F6C7365656B28293A204552524F9C
:10FCAC00522025640A0D006E6F20464154333220D9
:10FCBC00706172746974696F6E0A0D00303A544F3A
:10FCCC00442854696D65204F6620446179290A0DDA
:10FCDC0000665F73796E6328293A204552524F5261
:10FCEC002025640A0D004E6F2064726976652041F0
:10FCFC0020666F756E642E0A0D006E6F204D425299
:10FD0C00207369676E61747572650A0D0046696CC3
:10FD1C00652072656164206572726F72210D0A0034
:10FD2C00342E39324D487A20647574792033382E4C
:10FD3C00342500392E31344D487A2064757479207D
:10FD4C0034322E392500445331333037205254434A
:10FD5C00206D6F64756C65200053442043617264A0
:10FD6C003A2074696D656F75740A0D006E6F20769C
:10FD7C00616C696420766F6C756D650A0D00536556
:10FD8C0074206465627567206D6F64652E0D0A00C2
:10FD9C0031302E36374D487A2064757479203530E1
:10FDAC002500534420436172643A20726561647982
:10FDBC002E0A0D002573206E6F7420666F756E64AD
:10FDCC002E2E0D0A0031322E384D487A206475746F
:10FDDC007920363025005350495F53445F636F6E72
:10FDEC0066696775726500384D487A206475747958
:10FDFC002033372E3525006973206E6F742065789B
:10FE0C006973742E0D0A002A2B2C3A3B3C3D3E5B49
:10FE1C005D7C223F7F0043505520636C6F636B20E9
:10FE2C0025730D0A0031364D487A2064757479209B
:10FE3C003530250025732F445249564525632E44F1
:10FE4C00534B004E6F20534420436172643F0A0DA4
:10FE5C000042415349435F38362E42494E005454B8
:10FE6C005F42415338382E42494E00554D4F4E5F3C
:10FE7C005338382E42494E004343505F42444F534F
:10FE8C002E42494E00363A43502F4D2D38360A0D2E
:10FE9C00000A0D53656C6563743A0A0D00426F617C
:10FEAC0072643A2025730A0D0044657465637420EE
:10FEBC0025730A0D00474D495F5338382E42494E81
:10FECC000056544C5F5338382E42494E00434C4B2D
:10FEDC00203D2025640D0A00373A4D532D444F53D5
:10FEEC000A0D00554E494D4F4E5F4F464600554E3C
:10FEFC00494D4F4E5F534547004C6F61642025734D
:10FF0C000D0A00343A56544C2D430A0D0043424915
:10FF1C004F535F4F464600494F5359535F4F464628
:10FF2C0000494F5359535F534547004D455A383894
:10FF3C002E434647004342494F532E42494E004DF3
:10FF4C0053444F532E535953006578697374732E71
:10FF5C000D0A0046415433322020200025732530F1
:10FF6C00366C783A0041504C495F4F464600415040
:10FF7C004C495F5345470043504D4449534B530044
:10FF8C00444F534449534B53002573253034783A2E
:10FF9C000043504D5F4F46460043504D5F5345471D
:10FFAC0000286E756C6C2900494F2E535953002054
:10FFBC0025303278006661743A200025732F257342
:10FFCC00006275663A2000303A2F2F0045584543A1
:10FFDC000052443A200057523A200053443A200031
:10FFEC00494E46004E614E00434C4B004F56003F6D
:03FFFC00200000E2
:020000040001F9
:10000000FCC5D9F4FDC5DAF4DE6ADD6AFAC507F588
:10001000FBC508F585ECC8F007C58DF608C58EF65A
:1000200006018EBF18EF80F016EF80F01BEF80F016
:100030000B0E70EF85F0D8908D35D96E8E35DA6E57
:10004000220ED926070EDA22DEC4A8F6DDC4A9F6F0
:10005000A851A911D8A42FEF80F031EF80F034EF30
:1000600080F00C0E70EF85F0FCC5D9F4FDC5DAF414
:10007000A8C6DEF4A9C6DDF40501FE91A8C6D9F430
:10008000A9C6DAF4DF50D8B448EF80F04AEF80F028
:1000900074EF80F0060120EE01F0A851D926A95195
:1000A000DA22DF5023ECF4F006019D6F9DB15BEF87
:1000B00080F05DEF80F074EF80F00501FE51D8B460
:1000C00064EF80F066EF80F071EF80F006019DA58F
:1000D0006CEF80F06EEF80F071EF80F00A0E70EF41
:1000E00085F0000E70EF85F0A8C6D9F4A9C6DAF441
:1000F000DF6A060120EE01F0A851D926A951DA22C3
:10010000DF50E2ECC6F006019D6F9DA18AEF80F002
:100110008CEF80F08FEF80F0030E70EF85F005011B
:10012000FE51D8B496EF80F098EF80F0A2EF80F007
:1001300006019DA59EEF80F0A0EF80F0A2EF80F079
:100140006EEF80F0A8C6DCF5A9C6DDF5000E05014E
:10015000DF6F000EDE6FC8ECBFF0DCC5A6F6DDC5B4
:10016000A7F6040E0601A619A711D8A4BAEF80F0CD
:10017000BCEF80F0BFEF80F0010E70EF85F0A7516B
:1001800009E1020EA65DD8A0C8EF80F0CAEF80F0AA
:10019000CDEF80F00D0E70EF85F020EE2CF0A85121
:1001A000D926A951DA22DEC499F6DEC49AF6DEC455
:1001B0009BF6DEC49CF63B0EA825076E000EA92117
:1001C000086EB6ECF4F0020E08180710D8B4EBEF86
:1001D00080F0EDEF80F0EFEF80F0CAEF80F0460E98
:1001E0000601A825076E000EA921086EB6ECF4F0F2
:1001F00007C5A2F608C5A3F60601A46BA56BA2511C
:10020000A311A411A511D8A408EF81F00AEF81F081
:100210001AEF81F0540EA825076E000EA921086E72
:10022000A9ECE5F007C5A2F608C5A3F609C5A4F632
:100230000AC5A5F6060120EE18F0A851D926A95145
:10024000DA22A2C6DEF4A3C6DEF4A4C6DEF4A5C696
:10025000DEF420EE40F0A851D926A951DA2210EEA2
:1002600003F0A851E126A951E222DFC4E7F420EE11
:1002700003F0A851D926A951DA22DE04D8B443EFFD
:1002800081F045EF81F056EF81F020EE03F0A851A8
:10029000D926A951DA22020EDE18D8B452EF81F025
:1002A00054EF81F056EF81F0CAEF80F0A2C614F54A
:1002B000A3C615F5A4C616F5A5C617F520EE03F0DE
:1002C000A851D926A951DA22DF50816F8151186EC9
:1002D000196A1A6A1B6AA3ECEFF014C5A2F615C5D9
:1002E000A3F616C5A4F617C5A5F6060120EE3DF047
:1002F000A851D926A951DA22DF50816F826B20EEF6
:100300000AF0A851D926A951DA2281C6DEF482C6A4
:10031000DDF420EE0AF0A851D926A951DA22DE50E8
:10032000DE10D8B496EF81F098EF81F0CAEF80F03C
:1003300020EE0AF0A851D926A951DA22DEC481F6AE
:10034000DDC482F620EE0AF0A851D926A951DA229E
:10035000DEC483F6DDC484F6FF0E8325856FFF0EB1
:100360008421866F81518515876F82518615886F2C
:1003700087518811D8B4BFEF81F0C1EF81F0C3EF8E
:1003800081F0CAEF80F0410EA825076E000EA9216A
:10039000086EB6ECF4F0060120EE08F0A851D9265C
:1003A000A951DA2207C5DEF408C5DDF420EE08F015
:1003B000A851D926A951DA22DEC481F6DDC482F61D
:1003C0000F0E8117000E821781518211D8B4EBEF06
:1003D00081F0EDEF81F0EFEF81F0CAEF80F0430E96
:1003E000A825076E000EA921086EB6ECF4F007C52B
:1003F00095F608C596F60601976B986B9551961180
:1004000097119811D8A407EF82F009EF82F019EF45
:1004100082F0500EA825076E000EA921086EA9ECE7
:10042000E5F007C595F608C596F609C597F60AC51D
:1004300098F63E0E0601A825076E000EA921086E4B
:10044000B6ECF4F007C593F608C594F6060193518F
:100450009411D8A42EEF82F030EF82F032EF82F0C8
:10046000CAEF80F020EE08F0A851D926A951DA226F
:10047000DEC481F6DDC482F6040E836FD890823329
:100480008133832F3EEF82F093518125846F945105
:100490008221856F866BD8B0862B876BA25184250D
:1004A0008F6FA3518521906FA4518621916FA55123
:1004B0008721926F8F51955D90519659915197591F
:1004C00092519859D8B067EF82F069EF82F06BEFE4
:1004D00082F0CAEF80F08F51955D076E905196596A
:1004E000086E91519759096E925198590A6E20EEF3
:1004F0000AF0A851D926A951DA22DEC481F6DDC45A
:1005000082F681C60BF582C60CF50D6A0E6A67ECA1
:10051000E8F007C59EF608C59FF609C5A0F60AC50E
:10052000A1F606019E519F11A011A111D8A49BEF25
:1005300082F09DEF82F09FEF82F0CAEF80F0000E14
:10054000A76F000EA66FF60E9E5DFF0E9F59FF0E61
:10055000A0590F0EA159D8B0B0EF82F0B2EF82F0DF
:10056000B6EF82F0000EA76F030EA66FA151A01187
:1005700009E1F60E9E5DFF0E9F59D8B0C2EF82F0E2
:10058000C4EF82F0C8EF82F0000EA76F020EA66FD4
:10059000A151A01109E1F60E9E5D0F0E9F59D8B032
:1005A000D4EF82F0D6EF82F0DAEF82F0000EA76F80
:1005B000010EA66FA651A711D8A4E1EF82F0E3EFD8
:1005C00082F0E5EF82F0CAEF80F0020E9E25816F87
:1005D000000E9F21826F000EA021836F000EA121CB
:1005E000846F20EE14F0A851D926A951DA2281C6D1
:1005F000DEF482C6DEF483C6DEF484C6DEF420EECA
:100600001CF0A851D926A951DA2299C6DEF49AC65F
:10061000DEF49BC6DEF49CC6DEF493519925816F0F
:1006200094519A21826F000E9B21836F000E9C21B2
:10063000846F20EE20F0A851D926A951DA2281C674
:10064000DEF482C6DEF483C6DEF484C6DEF48F51A7
:100650009925816F90519A21826F91519B21836FCF
:1006600092519C21846F20EE28F0A851D926A951DF
:10067000DA2281C6DEF482C6DEF483C6DEF484C6E6
:10068000DEF4030EA619A711D8A449EF83F04BEFAF
:1006900083F0A8EF83F05A0EA825076E000EA9215B
:1006A000086EB6ECF4F007500810D8B45AEF83F097
:1006B0005CEF83F05EEF83F0CAEF80F0060120EE7E
:1006C00008F0A851D926A951DA22DE50DE10D8B49C
:1006D0006CEF83F06EEF83F070EF83F0CAEF80F081
:1006E0005C0EA825076E000EA921086EA9ECE5F0A6
:1006F000060120EE24F0A851D926A951DA2207C517
:10070000DEF408C5DEF409C5DEF40AC5DEF420EE29
:1007100014F0A851D926A951DA22DEC481F6DEC42C
:1007200082F6DEC483F6DEC484F6020ED8908137EA
:10073000823783378437E82E96EF83F081C689F6B7
:1007400082C68AF683C68BF684C68CF648EF84F0A0
:1007500020EE08F0A851D926A951DA22DE50DE1089
:10076000D8A4B5EF83F0B7EF83F0B9EF83F0CAEF09
:1007700080F020EE20F0A851D926A951DA22DEC45B
:1007800081F6DEC482F6DEC483F6DEC484F6A251AE
:100790008125856FA3518221866FA4518321876FA4
:1007A000A5518421886F20EE24F0A851D926A951A3
:1007B000DA2285C6DEF486C6DEF487C6DEF488C695
:1007C000DEF4020EA619A711D8B4E9EF83F0EBEF1F
:1007D00083F031EF84F020EE14F0A851D926A9510E
:1007E000DA22DEC481F6DEC482F6DEC483F6DEC41D
:1007F00084F6010E8115856F000E8215866F000E3E
:100800008315876F000E8415886F20EE14F0A851B1
:10081000D926A951DA22DEC414F5DEC415F5DEC4EA
:1008200016F5DEC417F5030E186E000E196E000ED5
:100830001A6E000E1B6EA3ECEFF0D8901732163232
:1008400015321432060185511424896F8651152002
:100850008A6F875116208B6F885117208C6F48EF55
:1008600084F020EE14F0A851D926A951DA22DEC472
:1008700081F6DEC482F6DEC483F6DEC484F6D89048
:100880008135896F82358A6F83358B6F84358C6FA4
:10089000FF0E8925816F010E8A21826F000E8B2148
:1008A000836F000E8C21846F0A0E5CEF84F0D89069
:1008B0008433833382338133E82E57EF84F020EE84
:1008C00018F0A851D926A951DA228151DE5C825153
:1008D000DE588351DE588451DE58D8B072EF84F070
:1008E00074EF84F076EF84F0CAEF80F020EE10F021
:1008F000A851D926A951DA22FF0EDE6EFF0EDE6E58
:10090000FF0EDE6EFF0EDD6EDD52DD5210EE0CF0DE
:10091000A851E126A951E222DEC4E6F4DEC4E6F4E1
:10092000DEC4E6F4DEC4E6F420EE05F0A851D926D4
:10093000A951DA22800EDF6E030EA619A711D8A4E2
:10094000A4EF84F0A6EF84F05AEF85F0600EA8259E
:10095000076E000EA921086EB6ECF4F0070408102B
:10096000D8A4B5EF84F0B7EF84F05AEF85F0A8C6AD
:10097000C3F5A9C6C4F5010E060199250501C56F89
:10098000000E06019A210501C66F000E06019B218B
:100990000501C76F000E06019C210501C86FBAEC66
:1009A000E3F00009D8A4D7EF84F0D9EF84F05AEF30
:1009B00085F0060120EE05F0A851D926A951DA22CA
:1009C000DF6A2E0EA825076E020EA921086EB6EC6E
:1009D000F4F0550E071807E1AA0E0818D8A4F3EF93
:1009E00084F0F5EF84F05AEF85F0300E0601A8256B
:1009F000076E000EA921086EA9ECE5F0520E07184B
:100A00000DE1520E08180AE1610E091807E1410EC6
:100A10000A18D8A40EEF85F010EF85F05AEF85F094
:100A2000140E0601A825076E020EA921086EA9EC76
:100A3000E5F0720E07180DE1720E08180AE1410E7A
:100A4000091807E1610E0A18D8A429EF85F02BEFE9
:100A500085F05AEF85F0180E0601A825076E020EE4
:100A6000A921086EA9ECE5F0060120EE10F0A851CE
:100A7000D926A951DA2207C5DEF408C5DEF409C576
:100A8000DEF40AC5DEF41C0EA825076E020EA921AD
:100A9000086EA9ECE5F0060120EE0CF0A851D9266D
:100AA000A951DA2207C5DEF408C5DEF409C5DEF473
:100AB0000AC5DEF4A8C6D9F4A9C6DAF4A6C6DFF4DE
:100AC0000701204B212B060120EE06F0A851D92664
:100AD000A951DA2220C7DEF421C7DDF471EF80F0DE
:100AE000120011C628F612C629F615C6D9F416C684
:100AF000DAF4DE6ADD6A0FC66CF510C66DF5380EE5
:100B000005016E6F060E6F6F2AECDCF00601276F91
:100B10002751D8A48EEF85F090EF85F0A0EF85F0F7
:100B200020EE0FF00F51D9261051DA22DF50276F37
:100B30002751D8B49EEF85F0A0EF85F0A3EF85F0A4
:100B40002751B9EF89F020EE0EF00F51D926105140
:100B5000DA22DFB2AEEF85F0B0EF85F0B3EF85F0CB
:100B6000070EB9EF89F020EE10F00F51D926105181
:100B7000DA2210EE10F00F51E1261051E222E6C405
:100B80001BF6E6C41CF6E6C41DF6E6C41EF61351B9
:100B90001B251F6F14511C21206F000E1D21216F7A
:100BA000000E1E21226FDE501F5DDE502059DE50E8
:100BB0002159DE502259D8B0E0EF85F0E2EF85F000
:100BC000F0EF85F020EE10F00F51D9261051DA2207
:100BD000DEC417F6DDC418F6171D136F181D146F49
:100BE00013511411D8A4F7EF85F0F9EF85F0FBEF5E
:100BF00085F0B0EF89F020EE10F00F51D92610519A
:100C0000DA22FF0EDE14176F010EDE14186F000ECD
:100C1000DE14196F000EDE141A6F17511811191116
:100C20001A11D8A416EF86F018EF86F0F4EF88F0CA
:100C300020EE10F00F51D9261051DA22DEC417F63B
:100C4000DEC418F6DEC419F6DEC41AF60A0E2EEF5C
:100C500086F0D8901A33193318331733E82E29EF5A
:100C600086F020EE0AF03851D9263951DA22DEC456
:100C70001BF6DDC41CF6FF0E1B251D6FFF0E1C218D
:100C80001E6F17511D152A6F18511E152B6F2A51F3
:100C90002B11D8A44EEF86F050EF86F019EF87F0B5
:100CA00020EE10F00F51D9261051DA22DE50DE105E
:100CB000DE10DE10D8A45FEF86F061EF86F093EFD0
:100CC00086F020EE06F00F51D9261051DA22DEC44C
:100CD0002EF6DEC42FF6DEC430F6DEC431F62E5119
:100CE0002F1130113111D8A478EF86F07AEF86F009
:100CF000AFEF86F00FC6EFF510C6F0F5000E050158
:100D0000F16F000EF26F000EF36F000EF46F68ECDF
:100D100095F0EFC52EF6F0C52FF6F1C530F6F2C509
:100D200031F6AFEF86F00FC6EFF510C6F0F520EE06
:100D300014F00F51D9261051DA22DEC4F1F5DEC4C9
:100D4000F2F5DEC4F3F5DEC4F4F568EC95F0EFC51A
:100D50002EF6F0C52FF6F1C530F6F2C531F60601D4
:100D60002E512F1130113111D8A4B9EF86F0BBEFFD
:100D700086F0BDEF86F0B0EF89F02E052F1130110F
:100D80003111D8A4C6EF86F0C8EF86F0D3EF86F015
:100D900020EE0FF00F51D9261051DA22020EDF6E2D
:100DA000020EB9EF89F02E290AE12F2908E1302936
:100DB00006E13129D8A4DFEF86F0E1EF86F0ECEF11
:100DC00086F020EE0FF00F51D9261051DA22010ED5
:100DD000DF6E010EB9EF89F020EE14F00F51D92625
:100DE0001051DA222EC6DEF42FC6DEF430C6DEF451
:100DF00031C6DEF420EE06F00F51D9261051DA226A
:100E0000DE50DE10DE10DE10D8A409EF87F00BEF05
:100E100087F019EF87F020EE06F00F51D926105118
:100E2000DA222EC6DEF42FC6DEF430C6DEF431C67A
:100E3000DEF420EE0EF00F51D9261051DA22DFAE8B
:100E400024EF87F026EF87F069EF87F0220E0F2559
:100E50000501A66F000E060110210501A76F06010E
:100E600020EE18F00F51D9261051DA22DEC4A8F571
:100E7000DEC4A9F5DEC4AAF5DEC4ABF5000E05019B
:100E8000AD6F010EAC6F060120EE01F03851D9268E
:100E90003951DA22DF50F1ECE9F00009D8B453EF10
:100EA00087F055EF87F060EF87F0060120EE0FF036
:100EB0000F51D9261051DA22010EDF6EE9EF86F0CC
:100EC000060120EE0EF00F51D9261051DA227F0EC6
:100ED000DF1638C620F539C621F520EE14F00F5183
:100EE000D9261051DA22DEC422F5DEC423F5DEC491
:100EF00024F5DEC425F554ECE3F020C534F621C515
:100F000035F622C536F623C537F6060134513511BC
:100F100036113711D8A48FEF87F091EF87F09BEF50
:100F200087F020EE0FF00F51D9261051DA22020E71
:100F3000DF6ED0EF86F02A5134272B513523000E77
:100F40003623000E372313C617F614C618F6090EFB
:100F5000196FD89018331733192FA9EF87F017C6D8
:100F60002CF618C62DF62C512D11D8B4BAEF87F0F7
:100F7000BCEF87F080EF88F02C512A25176F2D5198
:100F80002B21186F20EE0AF03851D9263951DA2278
:100F90001751DE5C1851DE58D8B0D1EF87F0D3EF8F
:100FA00087F0E3EF87F020EE0AF03851D926395167
:100FB000DA22DEC417F6DDC418F62A51175D2C6F4D
:100FC0002B5118592D6F28C6A6F529C6A7F534C68A
:100FD000A8F535C6A9F536C6AAF537C6ABF52CC6B1
:100FE000ACF52DC6ADF520EE01F03851D9263951BA
:100FF000DA22DF50F1ECE9F00009D8B402EF88F012
:1010000004EF88F00FEF88F0060120EE0FF00F518B
:10101000D9261051DA22010EDF6EE9EF86F00601C3
:101020002C51176F2D51186F196B1A6B20EE18F099
:101030000F51D9261051DA22DEC41BF6DEC41CF68D
:10104000DEC41DF6DEC41EF634511B5D1F6F355124
:101050001C59206F36511D59216F37511E59226F6F
:1010600017511F5D18512059195121591A512259F0
:10107000D8B03DEF88F03FEF88F06FEF88F0220E98
:101080000F25076E000E1021086E20EE18F00F518C
:10109000D9261051DA22DEC417F6DDC418F6345111
:1010A000175F3551185B090ED89017371837E82E9F
:1010B00054EF88F017512825096E185129210A6E1E
:1010C000020E0C6E000E0B6EE2ECF2F0060120EE4A
:1010D0000EF00F51D9261051DA227F0EDF162CC6E2
:1010E00017F62DC618F6090ED89017371837E82EC0
:1010F00074EF88F017C632F618C633F64AEF89F057
:1011000020EE18F00F51D9261051DA223451DE1892
:101110000FE13551DE180CE13651DE1809E1375187
:10112000DE18D8B496EF88F098EF88F0E5EF88F0F5
:1011300020EE0AF00F51D9261051DA2210EE10F0ED
:101140000F51E1261051E222DE50E65CDE50E658F7
:10115000DE50E658DE50E658D8B0B1EF88F0B3EF75
:1011600088F0E5EF88F0220E0F250501A86F000E2C
:10117000060110210501A96F34C6AAF535C6ABF5E5
:1011800036C6ACF537C6ADF5000EAF6F010EAE6FCB
:10119000060120EE01F03851D9263951DA22DF500C
:1011A0003EECEAF00009D8B4D8EF88F0DAEF88F026
:1011B000E5EF88F0060120EE0FF00F51D92610510F
:1011C000DA22010EDF6EE9EF86F0060120EE18F05C
:1011D0000F51D9261051DA2234C6DEF435C6DEF4BA
:1011E00036C6DEF437C6DEF420EE10F00F51D926F5
:1011F0001051DA22DEC417F6DDC418F6FF0E1715FB
:10120000196F010E18151A6F19510008326F1A5113
:10121000D8A0E82A0208336F3251135D33511459B4
:10122000D8B015EF89F017EF89F01BEF89F013C6DE
:1012300032F614C633F620EE10F00F51D9261051B5
:10124000DA22DEC417F6DDC418F6FF0E1715196F83
:10125000010E18151A6F19510F251B6F1A51102105
:101260001C6F220E1B25076E000E1C21086E28C65F
:1012700009F529C60AF532C60BF533C60CF5E2ECC2
:10128000F2F0060120EE0EF00F51D9261051DA22AD
:10129000000EDB8E3251135F3351145B15C6D9F447
:1012A00016C6DAF43251DE263351DD2232512827B8
:1012B0003351292320EE10F00F51D9261051DA2294
:1012C0003251DE263351DE22000EDE22DE2220EEF7
:1012D00010F00F51D9261051DA2210EE0AF00F51FA
:1012E000E1261051E222DE50E65CDE50E658DE5088
:1012F000E658DE50E658D8A080EF89F082EF89F0FA
:1013000092EF89F020EE0AF00F51D9261051DA221F
:10131000DEC423F6DEC424F6DEC425F6DEC426F6DB
:10132000A0EF89F020EE10F00F51D9261051DA22EB
:10133000DEC423F6DEC424F6DEC425F6DEC426F6BB
:1013400020EE0AF00F51D9261051DA2223C6DEF41E
:1013500024C6DEF425C6DEF426C6DEF4F0EF85F002
:1013600020EE0EF00F51D9261051DA22000EDB8C40
:10137000000E12000FC66CF510C66DF5320E050199
:101380006E6F060E6F6F2AECDCF006012D6F2D518B
:10139000D8A4CDEF89F0CFEF89F0D7EF89F020EE18
:1013A0000FF00F51D9261051DA22DF502D6F2D5139
:1013B000D8B4DDEF89F0DFEF89F0E2EF89F02D514D
:1013C000C5EF8DF020EE0AF00F51D9261051DA2228
:1013D0001151DE5C1251DE581351DE581451DE58A3
:1013E000D8B0F5EF89F0F7EF89F012EF8AF020EE30
:1013F0000EF00F51D9261051DA22DFB202EF8AF037
:1014000004EF8AF012EF8AF020EE0AF00F51D9268D
:101410001051DA22DEC411F6DEC412F6DEC413F671
:10142000DEC414F620EE10F00F51D9261051DA2246
:10143000DEC425F6DEC426F6DEC427F6DEC428F6B2
:10144000000E296F000E2A6F000E2B6F000E2C6FFE
:1014500020EE10F00F51D9261051DA2229C6DEF401
:101460002AC6DEF42BC6DEF42CC6DEF411511211AE
:1014700013111411D8B43FEF8AF041EF8AF0C6EF90
:101480008CF020EE0AF03251D9263351DA22DEC434
:1014900015F6DDC416F61551176F1651186F196B36
:1014A0001A6B090ED8901737183719371A37E82EE4
:1014B00052EF8AF017C62EF618C62FF619C630F668
:1014C0001AC631F62551261127112811D8B46BEF11
:1014D0008AF06DEF8AF00AEF8BF0FF0E1125076E90
:1014E000FF0E1221086EFF0E1321096EFF0E14214C
:1014F0000A6E2EC60BF52FC60CF530C60DF531C69B
:101500000EF567ECE8F007C515F608C516F609C52F
:1015100017F60AC518F6FF0E06012525076EFF0E01
:101520002621086EFF0E2721096EFF0E28210A6E64
:101530002EC60BF52FC60CF530C60DF531C60EF5CF
:1015400067ECE8F007500601155D08501659095080
:1015500017590A501859D8A0B0EF8AF0B2EF8AF0A4
:101560000AEF8BF0FF0E2E25156FFF0E2F21166F41
:10157000FF0E3021176FFF0E3121186F151D196FE7
:10158000161D1A6F171D1B6F181D1C6FFF0E2525CA
:101590001D6FFF0E26211E6FFF0E27211F6FFF0EEE
:1015A0002821206F19511D15216F1A511E15226F08
:1015B0001B511F15236F1C512015246F20EE10F0B6
:1015C0000F51D9261051DA2221C6DEF422C6DEF4EC
:1015D00023C6DEF424C6DEF420EE10F00F51D92627
:1015E0001051DA22DE50115FDE50125BDE50135BC9
:1015F000DD50145B20EE14F00F51D9261051DA2281
:10160000DEC434F6DEC435F6DEC436F6DEC437F6A4
:1016100086EF8BF020EE06F00F51D9261051DA221A
:10162000DEC434F6DEC435F6DEC436F6DEC437F684
:101630003451351136113711D8A421EF8BF023EF37
:101640008BF078EF8BF00FC6EFF510C6F0F5000EBB
:101650000501F16F000EF26F000EF36F000EF46FD4
:1016600068EC95F0EFC534F6F0C535F6F1C536F601
:10167000F2C537F606013405351136113711D8A4F5
:1016800044EF8BF046EF8BF051EF8BF020EE0FF034
:101690000F51D9261051DA22020EDF6E020EC5EF6D
:1016A0008DF034290AE1352908E1362906E1372988
:1016B000D8A45DEF8BF05FEF8BF06AEF8BF020EE3C
:1016C0000FF00F51D9261051DA22010EDF6E010EF4
:1016D000C5EF8DF020EE06F00F51D9261051DA2219
:1016E00034C6DEF435C6DEF436C6DEF437C6DEF4C4
:1016F00020EE14F00F51D9261051DA2234C6DEF450
:1017000035C6DEF436C6DEF437C6DEF434513511A4
:1017100036113711D8B48FEF8BF091EF8BF0C6EF05
:101720008CF04BEF8CF02E51115F2F51125B30512A
:10173000135B3151145B20EE10F00F51D92610517C
:10174000DA222E51DE262F51DE223051DE22315197
:10175000DE2220EE0EF00F51D9261051DA22DFA240
:10176000B4EF8BF0B6EF8BF0E2EF8BF00FC6EFF536
:1017700010C6F0F534C6F1F535C6F2F536C6F3F508
:1017800037C6F4F568EC95F0EFC534F6F0C535F6DC
:10179000F1C536F6F2C537F606013451351136116A
:1017A0003711D8A4D6EF8BF0D8EF8BF0F8EF8BF091
:1017B000000E116F000E126F000E136F000E146FEB
:1017C0005AEF8CF00FC6CEF510C6CFF534C6D0F563
:1017D00035C6D1F536C6D2F537C6D3F55AECA6F0E4
:1017E000CEC534F6CFC535F6D0C536F6D1C537F6F9
:1017F000060134290AE1352908E1362906E13729AD
:10180000D8A405EF8CF007EF8CF011EF8CF020EEF0
:101810000FF00F51D9261051DA22010EDF6E67EF5B
:101820008BF037513611351109E1020E345DD8A025
:101830001CEF8CF01EEF8CF033EF8CF020EE14F0E8
:101840003251D9263351DA22DE50345DDE5035591B
:10185000DE503659DE503759D8A031EF8CF033EFD7
:101860008CF03DEF8CF020EE0FF00F51D926105187
:10187000DA22020EDF6E4EEF8BF020EE14F00F51E5
:10188000D9261051DA2234C6DEF435C6DEF436C667
:10189000DEF437C6DEF411512E5D12512F5913516B
:1018A000305914513159D8A058EF8CF05AEF8CF0C0
:1018B00093EF8BF020EE10F00F51D9261051DA2261
:1018C0001151DE261251DE221351DE221451DE2286
:1018D000FF0E1115156F010E1215166F000E131560
:1018E000176F000E1415186F1551161117111811D6
:1018F000D8B47DEF8CF07FEF8CF0C6EF8CF032C661
:1019000020F533C621F534C622F535C623F536C693
:1019100024F537C625F554ECE3F020C529F621C59A
:101920002AF622C52BF623C52CF6060129512A11C9
:101930002B112C11D8A49FEF8CF0A1EF8CF0ABEF02
:101940008CF020EE0FF00F51D9261051DA22020E42
:10195000DF6E4EEF8BF011C615F612C616F613C6E3
:1019600017F614C618F60A0EBBEF8CF0D890183391
:10197000173316331533E82EB6EF8CF0155129279F
:1019800016512A2317512B2318512C2320EE10F027
:101990000F51D9261051DA2210EE0AF00F51E1262C
:1019A0001051E222DE50E65CDE50E658DE50E6588A
:1019B000DE50E658D8B0DFEF8CF0E1EF8CF0FDEFB1
:1019C0008CF020EE10F00F51D9261051DA2210EED3
:1019D0000AF00F51E1261051E222DEC4E6F4DEC423
:1019E000E6F4DEC4E6F4DEC4E6F420EE0EF00F51B9
:1019F000D9261051DA22000EDB8C20EE10F00F51A8
:101A0000D9261051DA22FF0EDE14156F010EDE14F6
:101A1000166F000EDE14176F000EDE14186F1551CE
:101A2000161117111811D8B418EF8DF01AEF8DF0A8
:101A3000DFEF89F020EE18F00F51D9261051DA228D
:101A40002951DE180FE12A51DE180CE12B51DE1866
:101A500009E12C51DE18D8B430EF8DF032EF8DF063
:101A6000DFEF89F020EE0EF00F51D9261051DA2267
:101A7000DFAE3DEF8DF03FEF8DF082EF8DF0220E67
:101A80000F250501A66F000E060110210501A76FA5
:101A9000060120EE18F00F51D9261051DA22DEC4CB
:101AA000A8F5DEC4A9F5DEC4AAF5DEC4ABF5000EC8
:101AB0000501AD6F010EAC6F060120EE01F0325151
:101AC000D9263351DA22DF50F1ECE9F00009D8B41D
:101AD0006CEF8DF06EEF8DF079EF8DF0060120EE5A
:101AE0000FF00F51D9261051DA22010EDF6E67EF89
:101AF0008BF0060120EE0EF00F51D9261051DA229C
:101B00007F0EDF16220E0F250501A86F000E0601BD
:101B100010210501A96F29C6AAF52AC6ABF52BC667
:101B2000ACF52CC6ADF5000EAF6F010EAE6F060121
:101B300020EE01F03251D9263351DA22DF503EEC4B
:101B4000EAF00009D8B4A7EF8DF0A9EF8DF0B4EF5B
:101B50008DF0060120EE0FF00F51D9261051DA2238
:101B6000010EDF6E67EF8BF0060120EE18F00F51CB
:101B7000D9261051DA2229C6DEF42AC6DEF42BC695
:101B8000DEF42CC6DEF4DFEF89F01200EAC509F6B8
:101B9000EBC50AF6EEC5D9F4EFC5DAF4DE6ADD6A04
:101BA000E8C56CF5E9C56DF5150E05016E6F060EFD
:101BB0006F6F2AECDCF00601046F0451D8A4E3EF48
:101BC0008DF0E5EF8DF0F7EF8DF0050120EE0FF0D1
:101BD000E851D926E951DA22DF500601046F045199
:101BE000D8B4F5EF8DF0F7EF8DF0FAEF8DF00451EA
:101BF0009FEF91F0050120EE0EF0E851D926E95152
:101C0000DA22DFB006EF8EF008EF8EF00BEF8EF0E9
:101C1000070E9FEF91F020EE10F0E851D926E95120
:101C2000DA22DEC4F0F5DEC4F1F5DEC4F2F5DEC47E
:101C3000F3F520EE0AF0E851D926E951DA22DEC4A4
:101C4000F4F5DEC4F5F5DEC4F6F5DEC4F7F5F051C3
:101C5000F45D0601006F0501F151F5590601016FB0
:101C60000501F251F6590601026F0501F351F759CA
:101C70000601036F0501EC51F06FED51F16FF26B4E
:101C8000F36BF0510601005D0501F15106010159A8
:101C90000501F251060102590501F35106010359EC
:101CA000D8B055EF8EF057EF8EF05BEF8EF000C698
:101CB000ECF501C6EDF50501EC51ED11D8A463EF8B
:101CC0008EF065EF8EF067EF8EF09EEF91F020EED4
:101CD00010F0E851D926E951DA22FF0EDE14F06F38
:101CE000010EDE14F16F000EDE14F26F000EDE1432
:101CF000F36FF051F111F211F311D8A482EF8EF0CD
:101D000084EF8EF025EF91F020EE10F0E851D92607
:101D1000E951DA22DEC4F0F5DEC4F1F5DEC4F2F5F5
:101D2000DEC4F3F50A0E9AEF8EF0D890F333F23357
:101D3000F133F033E82E95EF8EF0060120EE0AF035
:101D40001551D9261651DA22DEC4F4F5DDC4F5F5B5
:101D5000FF0E0501F425F66FFF0EF521F76FF05128
:101D6000F61506010B6F0501F151F71506010C6F11
:101D70000B510C11D8A4BFEF8EF0C1EF8EF042EFE3
:101D80008FF0050120EE10F0E851D926E951DA2252
:101D9000DE50DE10DE10DE10D8A4D1EF8EF0D3EFCF
:101DA0008EF0E3EF8EF020EE06F0E851D926E951EF
:101DB000DA22DEC405F6DEC406F6DEC407F6DEC4AB
:101DC00008F6FFEF8EF0E8C5CEF5E9C5CFF520EEB9
:101DD00014F0E851D926E951DA22DEC4D0F5DEC488
:101DE000D1F5DEC4D2F5DEC4D3F55AECA6F0CEC5EB
:101DF00005F6CFC506F6D0C507F6D1C508F606012B
:101E000008510711061107E1020E055DD8B00BEF6E
:101E10008FF00DEF8FF019EF8FF0050120EE0FF02E
:101E2000E851D926E951DA22020EDF6E020E9FEF49
:101E300091F005290AE1062908E1072906E10829A8
:101E4000D8A425EF8FF027EF8FF033EF8FF0050147
:101E500020EE0FF0E851D926E951DA22010EDF6EAB
:101E6000010E9FEF91F0050120EE14F0E851D92604
:101E7000E951DA2205C6DEF406C6DEF407C6DEF452
:101E800008C6DEF415C620F516C621F5050120EEBC
:101E900014F0E851D926E951DA22DEC422F5DEC475
:101EA00023F5DEC424F5DEC425F554ECE3F020C5AB
:101EB00011F621C512F622C513F623C514F6060144
:101EC0001151121113111411D8A469EF8FF06BEF97
:101ED0008FF076EF8FF0050120EE0FF0E851D92654
:101EE000E951DA22020EDF6E16EF8FF00B51112747
:101EF0000C511223000E1323000E1423ECC5F0F531
:101F0000EDC5F1F5090E0501F26FD890F133F0330C
:101F1000F22F85EF8FF0F0C50DF6F1C50EF6060134
:101F20000D510E11D8B497EF8FF099EF8FF081EF2C
:101F300090F00D510B250501F06F06010E510C219B
:101F40000501F16F060120EE0AF01551D926165150
:101F5000DA220501F051DE5CF151DE58D8B0B3EF62
:101F60008FF0B5EF8FF0CAEF8FF0060120EE0AF088
:101F70001551D9261651DA22DEC4F0F5DDC4F1F58B
:101F80000B510501F05D06010D6F0C510501F15972
:101F900006010E6F09C6A8F50AC6A9F511C6AAF56D
:101FA00012C6ABF513C6ACF514C6ADF50DC6AEF54D
:101FB0000EC6AFF5060120EE01F01551D9261651D7
:101FC000DA22DF503EECEAF00009D8B4EAEF8FF0F5
:101FD000ECEF8FF0F7EF8FF0050120EE0FF0E851F6
:101FE000D926E951DA22010EDF6E30EF8FF00501BC
:101FF00020EE0EF0E851D926E951DA22DFAE03EFE8
:1020000090F005EF90F06FEF90F006010D51050193
:10201000F06F06010E510501F16FF26BF36B20EECC
:1020200018F0E851D926E951DA22DEC4F4F5DEC40D
:10203000F5F5DEC4F6F5DEC4F7F50601115105012C
:10204000F45DF86F060112510501F559F96F0601AB
:1020500013510501F659FA6F060114510501F7599C
:10206000FB6FF051F85DF151F959F251FA59F35102
:10207000FB59D8B03EEF90F040EF90F06FEF90F04A
:1020800020EE18F0E851D926E951DA22DEC4F0F545
:10209000DDC4F1F5060111510501F05F0601125191
:1020A0000501F15B090ED890F037F137E82E53EFB8
:1020B00090F0F05106010925076E0501F151060166
:1020C0000A21086E220E0501E825096E000EE9219D
:1020D0000A6E020E0C6E000E0B6EE2ECF2F00DC6F4
:1020E000F0F50EC6F1F5090ED8900501F037F1377D
:1020F000E82E74EF90F0F0C50FF6F1C510F678EF0A
:1021000091F0050120EE18F0E851D926E951DA22C4
:1021100006011151DE180FE11251DE180CE11351C6
:10212000DE1809E11451DE18D8B499EF90F09BEF56
:1021300090F016EF91F0050120EE0EF0E851D9264F
:10214000E951DA22DFAEA7EF90F0A9EF90F0E7EFC8
:1021500090F0220EE825A66F000EE921A76F20EE71
:1021600018F0E851D926E951DA22DEC4A8F5DEC418
:10217000A9F5DEC4AAF5DEC4ABF5000EAD6F010E05
:10218000AC6F060120EE01F01551D9261651DA2266
:10219000DF50F1ECE9F00009D8B4D1EF90F0D3EFC3
:1021A00090F0DEEF90F0050120EE0FF0E851D92617
:1021B000E951DA22010EDF6E30EF8FF0050120EEDB
:1021C0000EF0E851D926E951DA227F0EDF16220EF1
:1021D000E825A86F000EE921A96F11C6AAF512C65D
:1021E000ABF513C6ACF514C6ADF5000EAF6F010E1E
:1021F000AE6F060120EE01F01551D9261651DA22F4
:10220000DF503EECEAF00009D8B409EF91F00BEF93
:1022100091F016EF91F0050120EE0FF0E851D9266C
:10222000E951DA22010EDF6E30EF8FF0050120EE6A
:1022300018F0E851D926E951DA2211C6DEF412C6A7
:10224000DEF413C6DEF414C6DEF420EE10F0E8511E
:10225000D926E951DA22DEC4F0F5DDC4F1F5FF0E2E
:10226000F015F26F010EF115F36FF251000806013F
:102270000F6F0501F351D8A0E82A02080601106F7C
:102280000F510501EC5D060110510501ED59D8B063
:102290004CEF91F04EEF91F052EF91F0ECC50FF64C
:1022A000EDC510F609C607F50AC608F520EE10F0D0
:1022B000E851D926E951DA22DEC4F0F5DDC4F1F5A2
:1022C000FF0EF015F26F010EF115F36FF251E825D4
:1022D000F46FF351E921F56F220EF425096E000E1B
:1022E000F5210A6E0FC60BF510C60CF5E2ECF2F004
:1022F00006010F510501EC5F060110510501ED5B70
:10230000EEC5D9F4EFC5DAF406010F51DE261051FF
:10231000DD220F51092710510A23050120EE10F08C
:10232000E851D926E951DA2206010F51DE26105173
:10233000DE22000EDE22DE225BEF8EF0000E1200A7
:102340000601AA51AB11D8A4A8EF91F0AAEF91F021
:10235000ADEF91F0090E67EF95F03F0EAE17AC0EA2
:102360000501FA6F060EFB6FCF0EFC6F060EFD6FB8
:10237000AEC6FEF500EC80F00601D16FD151D8A4B5
:10238000C4EF91F0C6EF91F057EF95F0CFC6D2F6BB
:10239000D0C6D3F6D20E2F6F060E306FACC631F614
:1023A000ADC632F69FECBAF00601D16FD151D8A478
:1023B000DCEF91F0DEEF91F0E7EF91F0F9AFE3EFB2
:1023C00091F0E5EF91F0E7EF91F0060ED16FAEC618
:1023D000AFF61C0EAF17D8B4F0EF91F0F2EF91F01A
:1023E0000EEF93F0D151D8B4F8EF91F0FAEF91F0ED
:1023F0000EEF92F0040ED119D8A401EF92F003EF82
:1024000092F00BEF92F0D20E326F060E336FF8ECB3
:10241000DFF00601D16FAE8726EF92F0D6C6AFF699
:10242000110EAF17D8B417EF92F019EF92F01DEF1D
:1024300092F0070ED16F26EF92F0AEA522EF92F048
:1024400024EF92F026EF92F0080ED16FD151D8A46C
:102450002CEF92F02EEF92F031EF93F0AEA733EF26
:1024600092F035EF92F031EF93F0E7ECF6F007C51C
:10247000BBF608C5BCF609C5BDF60AC5BEF60E0E0C
:102480000601EC25076E000EED21086EBBC609F5AE
:10249000BCC60AF5BDC60BF5BEC60CF56DECEFF07B
:1024A000160E0601EC25076E000EED21086EBBC668
:1024B00009F5BCC60AF5BDC60BF5BEC60CF56DEC3C
:1024C000EFF0CFC60EF5D0C60FF5ECC610F5EDC691
:1024D00011F58BECEDF00EC5BFF60FC5C0F610C5BB
:1024E000C1F611C5C2F6060120EE0BF0EC51D9265B
:1024F000ED51DA22200EDF6ECFC60BF5D0C60CF5FB
:10250000ECC60DF5EDC60EF5000E0F6E000E106E4A
:10251000000E116E000E126E0AECF3F01C0E060196
:10252000EC25076E000EED21086E000E096E000E00
:102530000A6E000E0B6E000E0C6E6DECEFF00601D5
:1025400020EE04F0CF51D926D051DA22010EDF6EF1
:10255000BF51C011C111C211D8B4B1EF92F0B3EFA5
:1025600092F031EF93F020EE2CF0CF51D926D051DC
:10257000DA22DEC4C3F6DEC4C4F6DEC4C5F6DEC4A9
:10258000C6F6D20E0501EF6F060EF06FBFC6F1F56D
:10259000C0C6F2F5C1C6F3F5C2C6F4F5000EF56F7C
:1025A000000EF66F000EF76F000EF86F63ECB8F0D8
:1025B0000601D16FD151D8A4E0EF92F0E2EF92F092
:1025C00031EF93F0CFC6C3F5D0C6C4F5C3C6C5F589
:1025D000C4C6C6F5C5C6C7F5C6C6C8F5BAECE3F0AD
:1025E0000601D16FFF0EBF25AF6FFF0EC021B06F88
:1025F000FF0EC121B16FFF0EC221B26F20EE0CF0B1
:10260000CF51D926D051DA22AFC6DEF4B0C6DEF4FF
:10261000B1C6DEF4B2C6DEF431EF93F0D151D8A4E6
:1026200014EF93F016EF93F031EF93F0D6A91BEF70
:1026300093F01DEF93F021EF93F0040ED16F31EF83
:1026400093F0AEA326EF93F028EF93F031EF93F0E1
:10265000D6A12DEF93F02FEF93F031EF93F0070E0B
:10266000D16FD151D8A437EF93F039EF93F05FEFEA
:1026700093F0AEA73EEF93F040EF93F041EF93F06D
:10268000AE8D20EE2CF0CF51D926D051DA2210EEAB
:102690001CF0AA51E126AB51E222DEC4E6F4DEC40E
:1026A000E6F4DEC4E6F4DEC4E6F420EE20F0AA513F
:1026B000D926AB51DA22ECC6DEF4EDC6DDF4D151F9
:1026C000D8A465EF93F067EF93F057EF95F0CFC67E
:1026D0000EF5D0C60FF5ECC610F5EDC611F58BEC76
:1026E000EDF0060120EE06F0AA51D926AB51DA2210
:1026F0000EC5DEF40FC5DEF410C5DEF411C5DEF440
:102700001C0EEC25076E000EED21086EA9ECE5F01D
:10271000060120EE0AF0AA51D926AB51DA2207C5EC
:10272000DEF408C5DEF409C5DEF40AC5DEF4AAC687
:10273000D9F4ABC6DAF4CFC6DEF4D0C6DDF420EEB1
:1027400006F0CF51D926D051DA2210EE02F0AA516C
:10275000E126AB51E222DEC4E6F4DDC4E5F420EE6E
:102760000EF0AA51D926AB51DA22AEC6DFF420EE24
:102770000FF0AA51D926AB51DA22DF6A20EE18F009
:10278000AA51D926AB51DA22DE6ADE6ADE6ADD6A38
:1027900020EE10F0AA51D926AB51DA22DE6ADE6AA9
:1027A000DE6ADD6A220EAA25076E000EAB21086ED6
:1027B000000E0A6E000E096E020E0C6E000E0B6EFD
:1027C0009AECF4F00601AEABE8EF93F0EAEF93F089
:1027D00057EF95F020EE0AF0AA51D926AB51DA2234
:1027E000DE50DE10DE10DE10D8B4F9EF93F0FBEF10
:1027F00093F057EF95F020EE0AF0AA51D926AB518D
:10280000DA2210EE10F0AA51E126AB51E222DEC42A
:10281000E6F4DEC4E6F4DEC4E6F4DEC4E6F420EE5C
:102820000AF0CF51D926D051DA22DEC4AFF6DDC48A
:10283000B0F6AF51B16FB051B26FB36BB46B090E5C
:10284000D890B137B237B337B437E82E20EF94F0D1
:10285000B1C6B7F6B2C6B8F6B3C6B9F6B4C6BAF6DC
:1028600020EE06F0AA51D926AB51DA22DEC4CBF60F
:10287000DEC4CCF6DEC4CDF6DEC4CEF620EE0AF021
:10288000AA51D926AB51DA22DEC4C7F6DEC4C8F697
:10289000DEC4C9F6DEC4CAF68CEF94F0AAC6CEF543
:1028A000ABC6CFF5CBC6D0F5CCC6D1F5CDC6D2F5EB
:1028B000CEC6D3F55AECA6F0CEC5CBF6CFC5CCF636
:1028C000D0C5CDF6D1C5CEF60601CE51CD11CC1175
:1028D00007E1020ECB5DD8B070EF94F072EF94F088
:1028E00074EF94F0020ED16FCB290AE1CC2908E1F4
:1028F000CD2906E1CE29D8A480EF94F082EF94F0A0
:1029000084EF94F0010ED16FB751C75FB851C85B27
:10291000B951C95BBA51CA5BD151D8A492EF94F0B6
:1029200094EF94F0A3EF94F0C751B75DC851B85934
:10293000C951B959CA51BA59D8A0A1EF94F0A3EF1F
:1029400094F04EEF94F020EE14F0AA51D926AB513A
:10295000DA22CBC6DEF4CCC6DEF4CDC6DEF4CEC6BB
:10296000DEF4D151D8A4B7EF94F0B9EF94F057EF5B
:1029700095F0FF0EC715AF6F010EC815B06F000EB2
:10298000C915B16F000ECA15B26FAF51B011B111B8
:10299000B211D8B4CEEF94F0D0EF94F057EF95F099
:1029A000CFC620F5D0C621F5CBC622F5CCC623F57F
:1029B000CDC624F5CEC625F554ECE3F020C5C3F60C
:1029C00021C5C4F622C5C5F623C5C6F60601C35106
:1029D000C411C511C611D8A4F0EF94F0F2EF94F031
:1029E000F6EF94F0020ED16F57EF95F0C7C6AFF631
:1029F000C8C6B0F6C9C6B1F6CAC6B2F60A0E06EF28
:102A000095F0D890B233B133B033AF33E82E01EF45
:102A100095F0C351AF25B36FC451B021B46FC55108
:102A2000B121B56FC651B221B66F20EE18F0AA5190
:102A3000D926AB51DA22B3C6DEF4B4C6DEF4B5C68D
:102A4000DEF4B6C6DEF4220EAA250501A86F000E3C
:102A50000601AB210501A96F060120EE18F0AA516D
:102A6000D926AB51DA22DEC4AAF5DEC4ABF5DEC44A
:102A7000ACF5DEC4ADF5000E0501AF6F010EAE6F13
:102A8000060120EE01F0CF51D926D051DA22DF50D5
:102A90003EECEAF00009D8B450EF95F052EF95F013
:102AA00057EF95F0010E0601D16F57EF95F0060133
:102AB000D151D8B45EEF95F060EF95F066EF95F0E8
:102AC000AAC6D9F4ABC6DAF4DE6ADD6AD1511200C7
:102AD000EFC5D9F4F0C5DAF4DEC409F6DDC40AF6B0
:102AE0000501F151F211F311F411D8A47AEF95F028
:102AF0007CEF95F0B5EF95F0060120EE0CF0095152
:102B0000D9260A51DA22DEC401F6DEC402F6DEC49A
:102B100003F6DEC404F60151021103110411D8B406
:102B200094EF95F096EF95F0ABEF95F020EE14F062
:102B30000951D9260A51DA22DE50015DDE500259D0
:102B4000DE500359DE500459D8A0A9EF95F0ABEF41
:102B500095F01BEF96F0010E016F000E026F000E54
:102B6000036F000E046F1BEF96F0EFC5CEF5F0C5B6
:102B7000CFF5F1C5D0F5F2C5D1F5F3C5D2F5F4C561
:102B8000D3F55AECA6F0CEC50BF6CFC50CF6D0C5E2
:102B90000DF6D1C50EF606010E510D110C1107E10F
:102BA000020E0B5DD8B0D7EF95F0D9EF95F0E4EFBA
:102BB00095F0010E0501EF6F000EF06F000EF16F42
:102BC000000EF26F50EF98F00B290AE10C2908E192
:102BD0000D2906E10E29D8A4F0EF95F0F2EF95F05B
:102BE000FCEF95F00BC6EFF50CC6F0F50DC6F1F550
:102BF0000EC6F2F550EF98F020EE14F00951D926E8
:102C00000A51DA22DE500B5DDE500C59DE500D59B0
:102C1000DE500E59D8B00FEF96F011EF96F013EF8B
:102C200096F0F2EF95F0F1C501F6F2C502F6F3C5A4
:102C300003F6F4C504F620EE10F00951D9260A5126
:102C4000DA22DE50DE10DE10DE10D8A42AEF96F075
:102C50002CEF96F037EF96F0000E0501EF6F000EA7
:102C6000F06F000EF16F000EF26F50EF98F0000E53
:102C7000056F000E066F000E076F000E086F05014E
:102C8000F1510601011913E10501F2510601021982
:102C90000EE10501F3510601031909E10501F451A3
:102CA00006010419D8A457EF96F059EF96F0FFEFFC
:102CB00096F0010E0125056F000E0221066F000E31
:102CC0000321076F000E0421086F20EE14F0095154
:102CD000D9260A51DA22DE50055DDE500659DE5053
:102CE0000759DE500859D8A078EF96F07AEF96F0A1
:102CF00082EF96F0020E056F000E066F000E076F52
:102D0000000E086FEFC5CEF5F0C5CFF505C6D0F5BE
:102D100006C6D1F507C6D2F508C6D3F55AECA6F01B
:102D2000CEC50BF6CFC50CF6D0C50DF6D1C50EF647
:102D300006010B050C110D110E11D8B4A2EF96F07F
:102D4000A4EF96F0F2EF95F00B290AE10C2908E1C7
:102D50000D2906E10E29D8A4B0EF96F0B2EF96F057
:102D6000B4EF96F0F2EF95F00B510C110D110E111E
:102D7000D8B4BDEF96F0BFEF96F0FFEF96F020EEDF
:102D80000CF00951D9260A51DA22DEC40BF6DEC452
:102D90000CF6DEC40DF6DEC40EF60E510D110C114C
:102DA00009E1020E0B5DD8A0D8EF96F0DAEF96F0AD
:102DB000F7EF96F020EE14F00951D9260A51DA22E5
:102DC000DE500B5DDE500C59DE500D59DE500E59B1
:102DD000D8B0EDEF96F0EFEF96F0F7EF96F00BC668
:102DE00001F60CC602F60DC603F60EC604F6000E7A
:102DF000056F000E066F000E076F000E086F05517D
:102E0000061107110811D8A408EF97F00AEF97F000
:102E100097EF97F001C605F602C606F603C607F659
:102E200004C608F6010E0527000E06230723082313
:102E300020EE14F00951D9260A51DA22DE50055D40
:102E4000DE500659DE500759DE500859D8A02BEF46
:102E500097F02DEF97F044EF97F0020E056F000EFC
:102E6000066F000E076F000E086F04510311021168
:102E700007E1020E015DD8B040EF97F042EF97F006
:102E800044EF97F02CEF96F0EFC5CEF5F0C5CFF5F7
:102E900005C6D0F506C6D1F507C6D2F508C6D3F5E6
:102EA0005AECA6F0CEC50BF6CFC50CF6D0C50DF684
:102EB000D1C50EF606010B510C110D110E11D8A43F
:102EC00064EF97F066EF97F068EF97F097EF97F061
:102ED0000B050C110D110E11D8B471EF97F073EFB3
:102EE00097F0F2EF95F00B290AE10C2908E10D2982
:102EF00006E10E29D8A47FEF97F081EF97F083EFDA
:102F000097F0F2EF95F0015105190DE10251061904
:102F10000AE10351071907E104510819D8A493EFF6
:102F200097F095EF97F012EF97F02CEF96F009C617
:102F3000CEF50AC6CFF505C6D0F506C6D1F507C64B
:102F4000D2F508C6D3F5FF0E0501D46FFF0ED56F7D
:102F5000FF0ED66FFF0ED76FFEEC9AF00601006FE2
:102F60000051D8A4B6EF97F0B8EF97F0DCEF97F0E8
:102F70000501F151F211F311F411D8B4C2EF97F039
:102F8000C4EF97F0DCEF97F009C6CEF50AC6CFF58F
:102F9000F1C5D0F5F2C5D1F5F3C5D2F5F4C5D3F539
:102FA00005C6D4F506C6D5F507C6D6F508C6D7F5C5
:102FB000FEEC9AF00601006F06010051D8A4E3EF81
:102FC00097F0E5EF97F032EF98F020EE0CF0095112
:102FD000D9260A51DA2205C6DEF406C6DEF407C693
:102FE000DEF408C6DEF420EE10F00951D9260A51AD
:102FF000DA2210EE14F00951E1260A51E222FE0E07
:10300000E6240501F96FFF0EE620FA6FFF0EE620B9
:10301000FB6FFF0EE620FC6FDE50F95DDE50FA59C3
:10302000DE50FB59DE50FC59D8A019EF98F01BEF89
:1030300098F027EF98F0060120EE10F00951D926FC
:103040000A51DA22DE06000EDE5ADE5ADE5A060188
:1030500020EE05F00951D9260A51DA22000EDB8054
:1030600048EF98F00005D8B438EF98F03AEF98F0B0
:1030700044EF98F0010E056F000E066F000E076F0B
:10308000000E086F48EF98F005690669076908693E
:1030900005C6EFF506C6F0F507C6F1F508C6F2F568
:1030A000120037C5D9F438C5DAF4DEC4F6F4DDC44D
:1030B000F7F4000EF86E0800F550250AD8A463EF67
:1030C00098F065EF98F0E7EF9AF037C5D9F438C576
:1030D000DAF4DE2A000EDD22000E556E000E546E6C
:1030E00054C558F507011C691D69436A98EF98F0AB
:1030F000588237C5D9F438C5DAF4DE2A000EDD224D
:1031000098EF98F0010E436E98EF98F037C5D9F418
:1031100038C5DAF4DEC4F6F4DDC4F7F4000EF86E58
:103120000800F550300AD8B478EF98F082EF98F0A4
:103130004350D8B49EEF98F0A0EF98F086EF98F047
:1031400037C507F538C508F539C509F53AC50AF593
:10315000EEECE2F007C554F508C555F555BEB5EFE0
:1031600098F0B3EF98F0BAEF98F05880546C551E71
:10317000D8B0552A37C5D9F438C5DAF4DEC4F6F428
:10318000DDC4F7F4000EF86E0800F550630AD8A409
:10319000CCEF98F0CEEF98F0F1EF98F037C5D9F476
:1031A00038C5DAF4DE2A000EDD2239C5D9F43AC575
:1031B000DAF4DFC43BF5020EDE26DFC43CF5000E78
:1031C000DD223BC5D9F43CC5DAF4DF50446E35C589
:1031D00011F536C512F544C513F584ECE4F0FDEFA6
:1031E0009AF037C5D9F438C5DAF4DEC445F5DDC444
:1031F00046F545C5F6F446C5F7F4000EF86E08002E
:10320000F5C444F50FEF99F0454A462A26EF99F0A8
:10321000690E446E26EF99F0446A26EF99F0445007
:10322000580AD8B408EF99F03C0AD8B408EF99F0DE
:103230000D0AD8B408EF99F0050AD8B404EF99F054
:10324000140AD8B408EF99F00CEF99F045C5F6F4DC
:1032500046C5F7F4000EF86E0800F550640AD8B4BD
:1032600034EF99F036EF99F07DEF99F045C5F6F41B
:1032700046C5F7F4000EF86E0800F550690AD8A4A8
:1032800044EF99F046EF99F0A6EF99F07DEF99F0B1
:1032900039C5D9F43AC5DAF4DFC43BF5020EDE26AF
:1032A000DFC43CF5000EDD223BC5D9F43CC5DAF4A1
:1032B000DEC43FF5DDC440F5000E40BEFF0E416E9A
:1032C000426E88EF99F039C5D9F43AC5DAF4DFC413
:1032D0003BF5040EDE26DFC43CF5000EDD223BC5C7
:1032E000D9F43CC5DAF4DEC43FF5DEC440F5DEC4F3
:1032F00041F5DEC442F588EF99F04450690AD8B42C
:1033000048EF99F0050AD8B463EF99F088EF99F087
:10331000010E45243B6E000E46203C6E37C5D9F4A5
:1033200038C5DAF43BC5DEF43CC5DDF435C521F51E
:1033300036C522F53FC523F540C524F541C525F521
:1033400042C526F5B4ECC7F0FDEF9AF045C5F6F49A
:1033500046C5F7F4000EF86E0800F550780AD8B4A8
:10336000B4EF99F0B6EF99F0FEEF99F045C5F6F499
:1033700046C5F7F4000EF86E0800F550580AD8A4B8
:10338000C4EF99F0C6EF99F044EF9AF0FEEF99F090
:1033900039C5D9F43AC5DAF4DFC43BF5020EDE26AE
:1033A000DFC43CF5000EDD223BC5D9F43CC5DAF4A0
:1033B000DEC43DF5DDC43EF53DC53FF53EC540F5F7
:1033C000416A426A09EF9AF039C5D9F43AC5DAF48C
:1033D000DFC43BF5040EDE26DFC43CF5000EDD2223
:1033E0003BC5D9F43CC5DAF4DEC43FF5DEC440F594
:1033F000DEC441F5DEC442F509EF9AF04450690A93
:10340000D8B4C8EF99F0050AD8B4E4EF99F009EF01
:103410009AF0010E45243B6E000E46203C6E37C5E7
:10342000D9F438C5DAF43BC5DEF43CC5DDF432EF3F
:103430009AF035C521F536C522F53FC523F540C5BF
:1034400024F541C525F542C526F545C5F6F446C522
:10345000F7F4000EF86E0800F5C427F53CECD4F044
:10346000FDEF9AF045C5F6F446C5F7F4000EF86E88
:103470000800F550580AD8B419EF9AF0200AD8B4C9
:1034800019EF9AF044EF9AF0436A37C5D9F438C57A
:10349000DAF4DEC4F6F4DDC4F7F4000EF86E0800CA
:1034A000F550730AD8A457EF9AF059EF9AF064EFE9
:1034B0009AF037C5D9F438C5DAF4DE2A000EDD22D9
:1034C000010E436EBAEF9AF037C5D9F438C5DAF475
:1034D000DEC4F6F4DDC4F7F4000EF86E0800F55013
:1034E0006C0AD8A476EF9AF078EF9AF0BAEF9AF0D7
:1034F00037C5D9F438C5DAF4DEC43BF5DDC43CF594
:10350000010E3B26000E3C223BC5F6F43CC5F7F409
:10351000000EF86E0800F5506C0AD8A492EF9AF0ED
:1035200094EF9AF0BAEF9AF037C5D9F438C5DAF4C7
:10353000DEC43BF5DDC43CF5020E3B26000E3C220A
:103540003BC5F6F43CC5F7F4000EF86E0800F550E4
:10355000730AD8A4AEEF9AF0B0EF9AF0BAEF9AF0EF
:10356000030E37C5D9F438C5DAF4DE26000EDD22A5
:1035700060EF9AF04350D8B4C0EF9AF0C2EF9AF0DF
:10358000DEEF9AF035C511F536C512F539C5D9F417
:103590003AC5DAF4DFC43BF5020EDE26DFC43CF5A3
:1035A000000EDD223BC5D9F43CC5DAF4DEC413F5C8
:1035B000DDC414F537ECD0F0FDEF9AF037C5D9F43F
:1035C00038C5DAF4DE2A000EDD22FDEF9AF037C5A9
:1035D000D9F438C5DAF4DEC4F6F4DDC4F7F4000E2D
:1035E000F86E0800F550086E096A35C50AF536C54B
:1035F0000BF51FECE4F0DEEF9AF01200020E05016D
:10360000EE6FD351D211D11109E1020ED05DD8A0D5
:103610000CEF9BF00EEF9BF072EF9DF020EE14F09C
:10362000CE51D926CF51DA22DE50D05DDE50D159AD
:10363000DE50D259DE50D359D8B021EF9BF023EFA2
:103640009BF072EF9DF05FEF9DF0D0C5ECF5D1C51A
:10365000EDF5D890ED31D96FEC31D86FD851EC271A
:10366000D951ED23CEC5C3F5CFC5C4F520EE20F06A
:10367000CE51D926CF51DA22DEC4D8F5DEC4D9F531
:10368000DEC4DAF5DEC4DBF5ECC5DCF5EDC5DDF551
:10369000090EDE6FD890DD33DC33DE2F4AEF9BF06E
:1036A000DC51D825C56FDD51D921C66F000EDA2156
:1036B000C76F000EDB21C86FBAECE3F00501EE6FB7
:1036C000EE51D8B466EF9BF068EF9BF06AEF9BF089
:1036D00072EF9DF0FF0EEC15D86F010EED15D96F4E
:1036E000D851CE25DA6FD951CF21DB6F300EDA25D4
:1036F000EA6F000EDB21EB6FEC4BED2BD0B183EFCB
:103700009BF085EF9BF08AEF9BF0D4C5E6F5E76B65
:10371000A4EF9BF0D451D86FD96BD83BD93BF00EB6
:10372000D917D8510F0BD913F00ED817EAC5D9F411
:10373000EBC5DAF4DF500F0BDA6FDB6BD851DA111F
:10374000E66FD951DB11E76FEAC5D9F4EBC5DAF4BE
:10375000E6C5DFF420EE04F0CE51D926CF51DA22AF
:10376000010EDF6ECEC5C3F5CFC5C4F520EE20F047
:10377000CE51D926CF51DA22DEC4D8F5DEC4D9F530
:10378000DEC4DAF5DEC4DBF5ECC5DCF5EDC5DDF550
:10379000090EDE6FD890DD33DC33DE2FCAEF9BF0ED
:1037A000DC51D825C56FDD51D921C66F000EDA2155
:1037B000C76F000EDB21C86FBAECE3F00501EE6FB6
:1037C000EE51D8B4E6EF9BF0E8EF9BF0EAEF9BF008
:1037D00072EF9DF0FF0EEC15D86F010EED15D96F4D
:1037E000D851CE25DA6FD951CF21DB6F300EDA25D3
:1037F000EA6F000EDB21EB6FD0B101EF9CF003EF1D
:103800009CF021EF9CF0D4C5D8F5D5C5D9F5D6C527
:10381000DAF5D7C5DBF5D9C5D8F5DAC5D9F5DBC5F5
:10382000DAF5DB6B0F0ED817EAC5D9F4EBC5DAF47D
:10383000DF50F00BD811DC6FDC51E86FE96B37EF2C
:103840009CF0D4C5D8F5D5C5D9F5D6C5DAF5D7C518
:10385000DBF5050E31EF9CF0D890DB33DA33D9334A
:10386000D833E82E2CEF9CF0D851E86FE96BEAC50D
:10387000D9F4EBC5DAF4E8C5DFF420EE04F0CE515C
:10388000D926CF51DA22010EDF6E72EF9DF0CEC540
:10389000C3F5CFC5C4F520EE20F0CE51D926CF51C7
:1038A000DA22DEC4D8F5DEC4D9F5DEC4DAF5DEC42A
:1038B000DBF5D0C5DCF5D1C5DDF5D2C5DEF5D3C568
:1038C000DFF5DDC5DCF5DEC5DDF5DFC5DEF5DF6B7B
:1038D000D851DC25C56FD951DD21C66FDA51DE2103
:1038E000C76FDB51DF21C86FBAECE3F00501EE6F63
:1038F000EE51D8B47EEF9CF080EF9CF082EF9CF00C
:1039000072EF9DF0D0C5D8F5D1C5D9F5D890D8378C
:10391000D937FF0ED815DA6F010ED915DB6FDA51E2
:10392000CE25DC6FDB51CF21DD6F300EDC25076E3D
:10393000000EDD21086ED4C509F5D5C50AF56BEC7E
:10394000F5F0050120EE04F0CE51D926CF51DA2250
:10395000010EDF6E72EF9DF0CEC5C3F5CFC5C4F585
:1039600020EE20F0CE51D926CF51DA22DEC4D8F590
:10397000DEC4D9F5DEC4DAF5DEC4DBF5D0C5DCF58E
:10398000D1C5DDF5D2C5DEF5D3C5DFF5080ECEEF26
:103990009CF0D890DF33DE33DD33DC33E82EC9EF23
:1039A0009CF0D851DC25C56FD951DD21C66FDA51A5
:1039B000DE21C76FDB51DF21C86FBAECE3F00501F0
:1039C000EE6FEE51D8B4E7EF9CF0E9EF9CF0EBEF2F
:1039D0009CF072EF9DF0D0C5D8F5D1C5D9F5D8903F
:1039E000D837D937D890D837D937FF0ED815DA6FEE
:1039F000010ED915DB6FDA51CE25DC6FDB51CF21FB
:103A0000DD6F300EDC25076E000EDD21086EA9EC9F
:103A1000E5F0000E07140501DE6F000E0814DF6FDD
:103A2000000E0914E06FF00E0A14E16FFF0ED415BA
:103A3000E26FFF0ED515E36FFF0ED615E46F0F0E84
:103A4000D715E56FDE51E211D46FDF51E311D56F69
:103A5000E051E411D66FE151E511D76FD0C5D8F52B
:103A6000D1C5D9F5D890D837D937D890D837D937E4
:103A7000FF0ED815DA6F010ED915DB6FDA51CE259E
:103A8000DC6FDB51CF21DD6F300EDC25076E000EC1
:103A9000DD21086ED4C509F5D5C50AF5D6C50BF5E7
:103AA000D7C50CF56DECEFF0050120EE04F0CE511A
:103AB000D926CF51DA22010EDF6E72EF9DF0CEC50E
:103AC000D9F4CFC5DAF4DF50010AD8B425EF9BF062
:103AD000030AD8B447EF9CF0010AD8B4ACEF9CF0CD
:103AE00072EF9DF0EE5112000701436B446B1EEC28
:103AF000E2F0000E086E050E076EA7ECDBF06AEC34
:103B0000EBF0A90E0501606FFE0E616FBA0E626FD9
:103B1000FA0E636F7FECF5F0F8ECF5F0E9ECF5F0F8
:103B200009ECEEF061ECF4F0C2ECE7F051C530F7CF
:103B300052C531F7F6ECB5F040ECF2F00601B7BF34
:103B4000A6EF9DF0A4EF9DF0A8EF9DF0A6EF9DF0ED
:103B50008CECADF00601FBBFB2EF9DF0B0EF9DF035
:103B6000D4EF9DF0B2EF9DF0F90E7E25D96FFF0ED8
:103B70007F21DA6F7EC707F57FC708F5A7ECDBF07A
:103B8000F7EF9DF0000EDA6F040ED96FBAEF9DF0DB
:103B9000000EDA6F050ED96FBAEF9DF0000EDA6FE6
:103BA000000ED96FF7EF9DF07EC7D3F77FC7D4F72C
:103BB0000701D451000AD8B4E0EF9DF0CEEF9DF09C
:103BC000D351080AD8B4B4EF9DF0010AD8B4B4EFC9
:103BD0009DF0030AD8B4B4EF9DF0060AD8B4C2EF42
:103BE0009DF01C0AD8B4C8EF9DF0CEEF9DF0220ED8
:103BF0000501606FFE0E616FD8900701D935D96E4F
:103C0000DA35DA6E540ED926080EDA22DEC462F5F1
:103C1000DDC463F57FECF5F005ECF7F0000E07016D
:103C2000636F000E626F000E656F000E646F000E12
:103C3000D66F010ED56F000E416F000E406F9D0EC6
:103C40000501606FFE0E616F7FECF5F0C80E050197
:103C5000606FFC0E616F7FECF5F0870E0501606F01
:103C6000FC0E616F7FECF5F0710E0501606FFC0ECC
:103C7000616F7FECF5F0390E0501606FFB0E616F2F
:103C80007FECF5F00F0E0501606FFF0E616F7FECAA
:103C9000F5F0150E0501606FFC0E616F7FECF5F01D
:103CA000910E0501606FFE0E616F7FECF5F0E40E82
:103CB0000501606FFE0E616F7FECF5F0FB0E0501F4
:103CC000606FFF0E616F7FECF5F055ECF3F007C508
:103CD000D9F708C5DAF7D00E0701D925D76FFF0E3F
:103CE000DA21D86FD8BF77EF9EF079EF9EF094EF8E
:103CF0009EF0D8BF87EF9EF0D85107E1080ED75D40
:103D0000D8B085EF9EF087EF9EF094EF9EF0D951EA
:103D1000C1ECF6F0080EC1ECF6F0D00E0701D92583
:103D2000D56FFF0EDA21D66F0D0ED919DA11D8B47E
:103D30009CEF9EF09EEF9EF0A8EF9EF00A0ED91920
:103D4000DA11D8A4A6EF9EF0A8EF9EF065EF9EF0E2
:103D5000830E0501606FF40E616F7FECF5F0E40EE9
:103D60000701196F630E1A6F010E1B6F000EDA6FD9
:103D7000000ED96F7FEF9FF019ECA2F00EEF9EF0CE
:103D8000770E0601FA6FFE0EFB6F7CC707F57DC745
:103D900008F57AC709F57BC70AF5EEECF4F007C51C
:103DA000FCF608C5FDF609C5FEF60AC5FFF622ECCD
:103DB000CAF0FAC6D9F7FBC6DAF7A9EF9FF05D0E95
:103DC000AB6FFE0EAC6FAAECDCF0ABC7D9F7ACC79B
:103DD000DAF7A9EF9FF06A0EAB6FFE0EAC6FAAEC9C
:103DE000DCF0ABC7D9F7ACC7DAF7A9EF9FF0CD0E7F
:103DF000AB6FFE0EAC6FAAECDCF0ABC7D9F7ACC76B
:103E0000DAF7A9EF9FF0C10EAB6FFE0EAC6FAAEC14
:103E1000DCF0ABC7D9F7ACC7DAF7A9EF9FF0830E98
:103E20000601B16FFF0EB26FB5ECD6F00601B151CD
:103E3000B211D8B41EEF9FF020EF9FF022EF9FF059
:103E40000EEF9EF0000EFB6F010EFA6FAEECBBF0B2
:103E50000601FBBF30EF9FF02EEF9FF039EF9FF090
:103E6000F20E0501606FFC0E616F7FECF5F00EEF56
:103E70009EF09DECC2F00701AB51AC11D8B443EFFA
:103E80009FF045EF9FF0A9EF9FF00EEF9EF08C0E94
:103E90000601B16FFF0EB26FB5ECD6F00601B1515D
:103EA000B211D8B456EF9FF058EF9FF05AEF9FF041
:103EB0000EEF9EF0000EFB6F020EFA6FAEECBBF041
:103EC0000601FBBF68EF9FF066EF9FF071EF9FF078
:103ED000F20E0501606FFC0E616F7FECF5F00EEFE6
:103EE0009EF03AECB7F00701AB51AC11D8B47BEFC0
:103EF0009FF07DEF9FF0A9EF9FF00EEF9EF0D5C7EA
:103F0000D3F7D6C7D4F7D451000AD8B48AEF9FF0BC
:103F100047EF9FF0D351000AD8B4BCEF9EF0010ADE
:103F2000D8B4C0EF9EF0030AD8B4DFEF9EF0010AC8
:103F3000D8B4EBEF9EF0070AD8B4F7EF9EF0010A71
:103F4000D8B403EF9FF0030AD8B40FEF9FF047EF08
:103F50009FF00701D951DA11D8B4B1EF9FF0B3EF58
:103F60009FF0BCEF9FF01A0E0501606FFA0E616FB3
:103F70007FECF5F00EEF9EF0830E0501606FF40EFE
:103F8000616F7FECF5F0E3ECF3F0C8ECECF00EEFD2
:103F90009EF085EF00F0366A000E376E000E386E28
:103FA000000E396E000E3A6E20C53BF521C53CF57A
:103FB00025BEE6EF9FF0255007E1250E245CD8B022
:103FC000E4EF9FF0E6EF9FF0EFEF9FF02404251061
:103FD000D8A4EDEF9FF0EFEF9FF0F6EF9FF0000E0B
:103FE00007011F6F160E1E6FF4EFA1F03B503C103F
:103FF000D8B4FDEF9FF0FFEF9FF0F4EFA1F03BC5C9
:10400000D9F43CC5DAF4DF50D8A409EFA0F00BEFE7
:10401000A0F00DEFA0F0F4EFA1F03BC5D9F43CC542
:10402000DAF4DF503D6E1DEFA0F03B4A3C2A3BC561
:10403000D9F43CC5DAF4DF503D6E200E3D18D8B4FB
:1040400024EFA0F026EFA0F015EFA0F03DC527F576
:10405000F70E2726040E276430EFA0F032EFA0F011
:1040600015EFA0F02D0E3D18D8A439EFA0F03BEFCE
:10407000A0F047EFA0F0010E366E3B4A3C2A3BC54C
:10408000D9F43CC5DAF4DF503D6E52EFA0F02B0EB0
:104090003D18D8A44EEFA0F050EFA0F052EFA0F0E2
:1040A0003DEFA0F0300E3D18D8A459EFA0F05BEF23
:1040B000A0F0F4EFA0F03B4A3C2A3BC5D9F43CC544
:1040C000DAF4DF503D6E24502510D8B46AEFA0F02A
:1040D0006CEFA0F076EFA0F0100E24182510D8A4F5
:1040E00074EFA0F076EFA0F0E6EFA0F0780E3D18A8
:1040F000D8B47DEFA0F07FEFA0F088EFA0F0580ECD
:104100003D18D8A486EFA0F088EFA0F0E6EFA0F06D
:10411000000E256E100E246E3B4A3C2A3BC5D9F496
:104120003CC5DAF4DF503D6E3DC527F5200E271261
:104130009F0E27261A0E2760A0EFA0F0A2EFA0F096
:10414000C6EFA0F03DC527F59F0E2726190E276460
:10415000ACEFA0F0AEEFA0F0B3EFA0F03DC52EF5B0
:104160002F6ABAEFA0F03DC527F55F0E271627503E
:104170002E6E2F6A2EC527F5C90E2726100E276032
:10418000C4EFA0F0C6EFA0F0E0EFA0F03DC527F52A
:10419000200E27129F0E2726190E2764D2EFA0F0BB
:1041A000D4EFA0F0F4EFA0F03DC527F5D00E272600
:1041B000090E2764DEEFA0F0E0EFA0F0F4EFA0F02E
:1041C00036843B06D8A03C06F4EFA1F03684245098
:1041D0002510D8A4EEEFA0F0F0EFA0F0F4EFA0F0DF
:1041E000000E256E080E246E24502510D8A4FBEF77
:1041F000A0F0FDEFA0F001EFA1F0000E256E0A0E79
:10420000246E2650D8B407EFA1F009EFA1F024EFF7
:10421000A1F036B00EEFA1F010EFA1F01AEFA1F06F
:10422000FF0E326EFF0E336EFF0E346E7F0E356E54
:1042300028EFA1F0000E326E000E336E000E346EC9
:10424000800E356E28EFA1F0326833683468356827
:1042500037C52AF538C52BF539C52CF53AC52DF5E6
:104260003DC527F5200E27129F0E27261A0E276020
:104270003CEFA1F03EEFA1F05BEFA1F03DC527F5CB
:104280009F0E2726190E276448EFA1F04AEFA1F0F0
:104290004FEFA1F03DC530F5316A56EFA1F03DC5B5
:1042A00027F55F0E27162750306E316A3050C90F40
:1042B0003D6E69EFA1F03DC527F5D00E27260A0E09
:1042C000276065EFA1F067EFA1F0E2EFA1F0300EFB
:1042D0003D5E3D50276E286A2450275C2850800A96
:1042E000296E2550800A2958D8A079EFA1F07BEFDC
:1042F000A1F07DEFA1F0E2EFA1F036B282EFA1F0E4
:1043000084EFA1F0D7EFA1F024C514F525C515F56C
:10431000000E15BEFF0E166E176E37C518F538C5A0
:1043200019F539C51AF53AC51BF5A3ECEFF03D5068
:104330001424376E000E1520386E000E1620396ECC
:10434000000E17203A6E2A50375C2B5038582C50EC
:1043500039582D503A58D8A0B0EFA1F0B2EFA1F0E3
:10436000C9EFA1F02650D8B4B8EFA1F0BAEFA1F090
:10437000D7EFA1F03750325C3850335839503458A9
:104380003A503558D8B0C7EFA1F0C9EFA1F0D7EF38
:10439000A1F032C537F533C538F534C539F535C523
:1043A0003AF5000E07011F6F220E1E6F36823B4A40
:1043B0003C2A3BC5D9F43CC5DAF4DF503D6E368467
:1043C00028EFA1F03650030BE806D8A4EAEFA1F0DD
:1043D000ECEFA1F0F4EFA1F03A1E391E381E376C55
:1043E000000E382239223A2222502310D8B4FBEF93
:1043F000A1F0FDEFA1F010EFA2F036B402EFA2F0B1
:1044000004EFA2F008EFA2F020C53BF521C53CF572
:1044100022C5D9F423C5DAF43BC5DEF43CC5DDF48E
:1044200037C520F538C521F539C522F53AC523F53C
:1044300012000501776B5CC712F55DC713F57E0EA0
:10444000146E050E156E7A0E166E050E176E7C0E26
:10445000186E050E196E1EECD6F005017F5109E1AC
:10446000500E7E5DD8A037EFA2F039EFA2F03FEFFB
:10447000A2F06C0E7E27070E7F2343EFA2F0D00E32
:104480007E27070E7F232C0E0501606FFC0E616FE7
:104490007EC562F57FC563F57AC564F57BC565F5B4
:1044A0007CC566F57DC567F57FECF5F05A0E050114
:1044B000786F1B0E796F78C56CF579C56DF5000EB8
:1044C0006F6F500E6E6FFAECD8F005016C516D11E4
:1044D000D8B46DEFA2F06FEFA2F03FEFA3F078C574
:1044E00012F579C513F5800E146E050E156E840E47
:1044F000166E050E176E820E186E050E196E24ECE0
:10450000DEF012501310D8B488EFA2F08AEFA2F0B8
:1045100093EFA2F01D0E0501606FFB0E616F7FEC43
:10452000F5F043EFA2F0BC0E0501805D070E815946
:10453000D8A09DEFA2F09FEFA2F0AAEFA2F0200E6C
:10454000805D080E8159D8A0A8EFA2F0AAEFA2F0D2
:10455000B2EFA2F01D0E606FFB0E616F7FECF5F005
:1045600043EFA2F0855107E10D0E845DD8B0BBEF9B
:10457000A2F0BDEFA2F0C6EFA2F084518511D8A43D
:10458000C4EFA2F0C6EFA2F0CEEFA2F01D0E606F56
:10459000FB0E616F7FECF5F043EFA2F0020E841981
:1045A0008511D8A4D6EFA2F0D8EFA2F0FCEFA2F0CC
:1045B0001D0E82198311D8A4E0EFA2F0E2EFA2F061
:1045C000FCEFA2F080C50CF581C50DF53FECECF0D9
:1045D0000C500D10D8B4EFEFA2F0F1EFA2F0F3EF12
:1045E000A2F030EFA3F01D0E0501606FFB0E616FAE
:1045F0007FECF5F043EFA2F084C573F585C574F543
:10460000D89073377437FE0E7325756FFF0E7421C3
:10461000766F2D0E7525F66EF40E7621F76EF86A1C
:10462000000EF82282510900F55C83510900F5580B
:10463000D8A01DEFA3F01FEFA3F028EFA3F0825145
:104640008311D8A426EFA3F028EFA3F030EFA3F056
:104650001D0E606FFB0E616F7FECF5F043EFA2F073
:1046600080C57EF581C57FF584C57AF585C57BF566
:1046700082C57CF583C57DF5010E0501776F5FC7A7
:1046800080F5816B5EC784F5856B61C782F5836BAE
:10469000430E0501606FFC0E616F5FC762F5636BCF
:1046A0005EC764F5656B61C766F5676B7FECF5F017
:1046B0005A0E0501786F1B0E796F78C56CF579C5B8
:1046C0006DF5000E6F6F500E6E6FFAECD8F00501AD
:1046D0006C516D11D8B46FEFA3F071EFA3F0DCEF64
:1046E000A3F078C512F579C513F5800E146E050E8A
:1046F000156E840E166E050E176E820E186E050E60
:10470000196E24ECDEF012501310D8B48AEFA3F027
:104710008CEFA3F095EFA3F01D0E0501606FFB0E6B
:10472000616F7FECF5F048EFA3F00501815109E1DD
:10473000180E805DD8A09FEFA3F0A1EFA3F0A9EF22
:10474000A3F01D0E606FFB0E616F7FECF5F048EF7C
:10475000A3F0855109E13C0E845DD8A0B2EFA3F02F
:10476000B4EFA3F0BCEFA3F01D0E606FFB0E616F02
:104770007FECF5F048EFA3F0835109E13C0E825D38
:10478000D8A0C5EFA3F0C7EFA3F0CFEFA3F01D0EA5
:10479000606FFB0E616F7FECF5F048EFA3F0A19E18
:1047A00080C55FF784C55EF782C561F70BECF0F05A
:1047B000A18E010E0501776F7751D8B4E2EFA3F017
:1047C000E4EFA3F044EFA4F07EC518F57FC519F51A
:1047D0007AC51AF57BC51BF57CC51CF57DC51DF595
:1047E00048ECE1F018C55CF719C55DF707013051D9
:1047F0003111D8B4FEEFA3F000EFA4F01EEFA4F047
:104800000BECF0F0000E076E070E086E550E096EE9
:10481000070E0A6ED00E8BECEAF0FF0AD8A413EF55
:10482000A4F015EFA4F01EEFA4F0070E0501606FD1
:10483000FB0E616F7FECF5F044EFA4F08D0E0501E7
:10484000606FF90E616F7EC562F57FC563F57AC54D
:1048500064F57BC565F57CC566F57DC567F57FECC0
:10486000F5F0FF0E0501606FF90E616F80C562F50E
:1048700081C563F584C564F585C565F582C566F5B2
:1048800083C567F57FECF5F012000FC6D9F410C6AA
:10489000DAF4DEC423F6DDC424F6060120EE0EF0C1
:1048A0000F51D9261051DA22DEC413F6DEC414F6F5
:1048B000DEC415F6DEC416F6200E13251F6F000E9B
:1048C0001421206F000E1521216F000E1621226F7A
:1048D000225109E1200E215DD8A071EFA4F073EF01
:1048E000A4F07DEFA4F020EE16F00F51D926105160
:1048F000DA22DE6ADE6ADE6ADD6A20EE16F00F5129
:10490000D9261051DA22DE50DE10DE10DE10D8A4D7
:104910008CEFA4F08EEFA4F091EFA4F0040E59EF09
:10492000A6F0FF0E1F15136F010E2015146F000E59
:104930002115156F000E2215166F13511411151144
:104940001611D8A4A6EFA4F0A8EFA4F030EFA6F0BB
:1049500020EE16F00F51D9261051DA22DE2A000E71
:10496000DE22DE22DE2220EE12F00F51D926105177
:10497000DA22DE50DE10DE10DE10D8A4C2EFA4F082
:10498000C4EFA4F002EFA5F020EE08F02351D926E1
:104990002451DA22DEC413F6DDC414F61351156F68
:1049A0001451166F176B186B1FC619F620C61AF62E
:1049B00021C61BF622C61CF6060EE4EFA4F0D89022
:1049C0001C331B331A331933E82EDFEFA4F01551D3
:1049D000195D16511A5917511B5918511C59D8A055
:1049E000F4EFA4F0F6EFA4F030EFA6F020EE16F00E
:1049F0000F51D9261051DA22DE6ADE6ADE6ADD6ADC
:104A00008EEFA4F020EE0AF02351D9262451DA22A9
:104A1000DEC413F6DDC414F6FF0E1325156FFF0E6A
:104A20001421166F1FC617F620C618F621C619F6F0
:104A300022C61AF60A0E22EFA5F0D8901A331933BF
:104A400018331733E82E1DEFA5F0155117151B6FFE
:104A5000165118151C6F000E19151D6F000E1A1532
:104A60001E6F1B511C111D111E11D8A43AEFA5F089
:104A70003CEFA5F030EFA6F00FC6CEF510C6CFF58F
:104A800020EE12F00F51D9261051DA22DEC4D0F5F3
:104A9000DEC4D1F5DEC4D2F5DEC4D3F55AECA6F0FF
:104AA000CEC525F6CFC526F6D0C527F6D1C528F642
:104AB000060128512711261107E1020E255DD8B005
:104AC00064EFA5F066EFA5F069EFA5F0020E59EFCF
:104AD000A6F025290AE1262908E1272906E1282947
:104AE000D8A475EFA5F077EFA5F07AEFA5F0010E49
:104AF00059EFA6F020EE14F02351D9262451DA22E2
:104B0000DE50255DDE502659DE502759DE502859EB
:104B1000D8A08DEFA5F08FEFA5F004EFA6F011510E
:104B20001211D8A496EFA5F098EFA5F0A4EFA5F088
:104B300020EE16F00F51D9261051DA22DE6ADE6A15
:104B4000DE6ADD6A8EEFA4F00FC6EFF510C6F0F551
:104B500020EE12F00F51D9261051DA22DEC4F1F501
:104B6000DEC4F2F5DEC4F3F5DEC4F4F568EC95F0CE
:104B7000EFC525F6F0C526F6F1C527F6F2C528F6ED
:104B800006012551261127112811D8A4CAEFA5F036
:104B9000CCEFA5F0CFEFA5F0070E59EFA6F0250555
:104BA000261127112811D8A4D8EFA5F0DAEFA5F027
:104BB000DCEFA5F066EFA5F025290AE1262908E13A
:104BC000272906E12829D8A4E8EFA5F0EAEFA5F007
:104BD000ECEFA5F077EFA5F023C6C3F524C6C4F526
:104BE00025C6C5F526C6C6F527C6C7F528C6C8F525
:104BF00047ECD2F00009D8B400EFA6F002EFA6F01F
:104C000004EFA6F077EFA5F0060120EE12F00F51A9
:104C1000D9261051DA2225C6DEF426C6DEF427C6D0
:104C2000DEF428C6DEF423C620F524C621F525C609
:104C300022F526C623F527C624F528C625F554EC0B
:104C4000E3F0060120EE16F00F51D9261051DA22BA
:104C500020C5DEF421C5DEF422C5DEF423C5DEF472
:104C600020EE0EF00F51D9261051DA221FC6DEF4C5
:104C700020C6DEF421C6DEF422C6DEF4FF0E1F15C8
:104C8000136F010E2015146F13512325156F145146
:104C90002421166F300E1527000E162320EE1AF071
:104CA0000F51D9261051DA2215C6DEF416C6DDF4EE
:104CB000000E1200CEC5D9F4CFC5DAF4DEC4E6F595
:104CC000DDC4E7F50501D351D211D11109E1020E7E
:104CD000D05DD8A06EEFA6F070EFA6F085EFA6F03D
:104CE00020EE14F0E651D926E751DA22DE50D05DED
:104CF000DE50D159DE50D259DE50D359D8A083EFBF
:104D0000A6F085EFA6F08FEFA6F0010EE06F000E83
:104D1000E16F000EE26F000EE36F47EFA8F0E0696D
:104D2000E169E269E36934EFA8F0D0C5E4F5D1C5E3
:104D3000E5F5D890E531D56FE431D46FD451E4274F
:104D4000D551E523E6C5C3F5E7C5C4F520EE20F04F
:104D5000E651D926E751DA22DEC4D4F5DEC4D5F512
:104D6000DEC4D6F5DEC4D7F5E4C5D8F5E5C5D9F57A
:104D7000090EDA6FD890D933D833DA2FBAEFA6F00C
:104D8000D851D425C56FD951D521C66F000ED62173
:104D9000C76F000ED721C86FBAECE3F00009D8B492
:104DA000D4EFA6F0D6EFA6F0D8EFA6F047EFA8F024
:104DB000FF0E0501E415D46F010EE515D56FD45132
:104DC000E625D66FD551E721D76F300ED625D96E9F
:104DD000000ED721DA6EDF50D86FD851DE6FDF6B4F
:104DE000E44BE52BE6C5C3F5E7C5C4F520EE20F09E
:104DF000E651D926E751DA22DEC4D4F5DEC4D5F572
:104E0000DEC4D6F5DEC4D7F5E4C5D8F5E5C5D9F5D9
:104E1000090EDA6FD890D933D833DA2F0AEFA7F01A
:104E2000D851D425C56FD951D521C66F000ED621D2
:104E3000C76F000ED721C86FBAECE3F00009D8B4F1
:104E400024EFA7F026EFA7F028EFA7F047EFA8F090
:104E5000FF0E0501E415D46F010EE515D56FD45191
:104E6000E625D66FD551E721D76F300ED625D96EFE
:104E7000000ED721DA6EDF50D86FD851DA6FD96BB8
:104E8000D951DE13DA51DF13D0B149EFA7F04BEF60
:104E9000A7F053EFA7F0FF0EDE15DC6F0F0EDF1546
:104EA000DD6F63EFA7F0DEC5D4F5DFC5D5F5040EE1
:104EB000D66FD890D533D433D62F59EFA7F0D4C5B9
:104EC000DCF5D5C5DDF5DCC5E0F5DDC5E1F5E26B6A
:104ED000E36B47EFA8F0E6C5C3F5E7C5C4F520EEE0
:104EE00020F0E651D926E751DA22DEC4D4F5DEC43B
:104EF000D5F5DEC4D6F5DEC4D7F5D0C5D8F5D1C515
:104F0000D9F5D2C5DAF5D3C5DBF5D9C5D8F5DAC5FB
:104F1000D9F5DBC5DAF5DB6BD451D825C56FD55192
:104F2000D921C66FD651DA21C76FD751DB21C86F9F
:104F3000BAECE3F00009D8B4A0EFA7F0A2EFA7F015
:104F4000A4EFA7F047EFA8F0D0C5D4F5D1C5D5F5AB
:104F5000D8900501D437D537FF0ED415D66F010E82
:104F6000D515D76FD651E625D86FD751E721D96F20
:104F7000300ED825076E000ED921086EB6ECF4F07D
:104F800007C5E0F508C5E1F50501E26BE36B47EF06
:104F9000A8F0E6C5C3F5E7C5C4F520EE20F0E6515C
:104FA000D926E751DA22DEC4D4F5DEC4D5F5DEC455
:104FB000D6F5DEC4D7F5D0C5D8F5D1C5D9F5D2C55B
:104FC000DAF5D3C5DBF5080EEBEFA7F0D890DB33AD
:104FD000DA33D933D833E82EE6EFA7F0D451D82509
:104FE000C56FD551D921C66FD651DA21C76FD751B8
:104FF000DB21C86FBAECE3F00009D8B402EFA8F0E7
:1050000004EFA8F006EFA8F047EFA8F0D0C5D4F55C
:10501000D1C5D5F50501D890D437D537D890D43738
:10502000D537FF0ED415D66F010ED515D76FD651D3
:10503000E625D86FD751E721D96F300ED825076EF6
:10504000000ED921086EA9ECE5F0FF0E071405014A
:10505000E06FFF0E0814E16FFF0E0914E26F0F0EF0
:105060000A14E36F47EFA8F0E6C5D9F4E7C5DAF410
:10507000DF50010AD8B495EFA6F0030AD8B46BEF5D
:10508000A7F0010AD8B4C9EFA7F085EFA6F0E0C5F4
:10509000CEF5E1C5CFF5E2C5D0F5E3C5D1F51200F7
:1050A000E8C5D9F4E9C5DAF4DEC408F6DDC409F6CA
:1050B0000501ED5107E1200EEC5DD8B062EFA8F0DC
:1050C00064EFA8F07BEFA8F01F0EEA15EE6F000E5C
:1050D000EB15EF6F000EEC15F06F000EED15F16F94
:1050E000EE51EF11F011F111D8B479EFA8F07BEF88
:1050F000A8F07EEFA8F0020E2CEFAAF020EE0EF042
:10510000E851D926E951DA22EAC5DEF4EBC5DEF42E
:10511000ECC5DEF4EDC5DEF420EE06F0E851D9264C
:10512000E951DA22DEC404F6DEC405F6DEC406F672
:10513000DEC407F606010451051106110711D8A4B3
:10514000A4EFA8F0A6EFA8F0C0EFA8F008C6D9F425
:1051500009C6DAF4020EDF64B0EFA8F0B2EFA8F0EF
:10516000C0EFA8F020EE24F00851D9260951DA2228
:10517000DEC404F6DEC405F6DEC406F6DEC407F6B9
:105180000451051106110711D8A4C9EFA8F0CBEFFF
:10519000A8F018EFA9F020EE08F00851D92609511F
:1051A000DA22DEC4EEF5DDC4EFF50501EE51F06F55
:1051B000EF51F16FF26BF36BEAC5F4F5EBC5F5F562
:1051C000ECC5F6F5EDC5F7F5060EECEFA8F0D890B6
:1051D000F733F633F533F433E82EE7EFA8F0F05168
:1051E000F45DF151F559F251F659F351F759D8A040
:1051F000FCEFA8F0FEEFA8F000EFA9F07BEFA8F01D
:10520000060120EE24F00851D9260951DA220501C1
:1052100010EE16F0E851E126E951E222DEC4E6F490
:10522000DEC4E6F4DEC4E6F4DEC4E6F4CBEFA9F0B7
:1052300020EE0AF00851D9260951DA22DEC4EEF533
:10524000DDC4EFF50501EE51F06FEF51F16FF26B38
:10525000F36B090ED890F037F137F237F337E82EB9
:105260002AEFA9F0F0C500F6F1C501F6F2C502F685
:10527000F3C503F697EFA9F0E8C5CEF5E9C5CFF57C
:1052800004C6D0F505C6D1F506C6D2F507C6D3F5D6
:105290005AECA6F0CEC504F6CFC505F6D0C506F685
:1052A000D1C507F6060104290AE1052908E1062906
:1052B00006E10729D8A45FEFA9F061EFA9F064EF38
:1052C000A9F0010E2CEFAAF007510611051109E112
:1052D000020E045DD8A06FEFA9F071EFA9F07BEF8B
:1052E000A8F020EE14F00851D9260951DA22DE5038
:1052F000045DDE500559DE500659DE500759D8A02E
:1053000084EFA9F086EFA9F088EFA9F07BEFA8F071
:1053100000510501EA5F060101510501EB5B060141
:1053200002510501EC5B060103510501ED5B06012D
:1053300000510501EA5D060101510501EB59060125
:1053400002510501EC59060103510501ED59D8B090
:10535000ACEFA9F0AEEFA9F03CEFA9F008C620F53C
:1053600009C621F504C622F505C623F506C624F5AF
:1053700007C625F554ECE3F0050120EE16F0E851E0
:10538000D926E951DA2220C5DEF421C5DEF422C592
:10539000DEF423C5DEF420EE12F0E851D926E951FF
:1053A000DA2204C6DEF405C6DEF406C6DEF407C65D
:1053B000DEF420EE16F0E851D926E951DA22DE506B
:1053C000DE10DE10DE10D8A4E8EFA9F0EAEFA9F0B5
:1053D000ECEFA9F07BEFA8F0EAC5EEF5EBC5EFF531
:1053E000ECC5F0F5EDC5F1F50A0EFCEFA9F0D8908B
:1053F000F133F033EF33EE33E82EF7EFA9F020EE80
:1054000016F0E851D926E951DA22EE51DE26EF51A5
:10541000DE22F051DE22F151DE22FF0EEA15EE6FA0
:10542000010EEB15EF6FEE51060108250501F06F37
:10543000EF51060109210501F16F300EF027000E32
:10544000F12320EE1AF0E851D926E951DA22F0C50D
:10545000DEF4F1C5DDF4000E120011C5D9F412C559
:10546000DAF4DEC41BF5DDC41CF51C0E0F241F6E20
:10547000000E1020206E1FC507F520C508F5000E90
:105480000A6E200E096E000E0C6E0B0E0B6E9AEC5F
:10549000F4F0000E226E000E216E21C51DF522C50E
:1054A0001EF5000E1A6E080E196E1D501B24136E89
:1054B0001E501C20146E13C5F6F414C5F7F4000E2C
:1054C000F86E3F0EF76403D00800F55005D0F6C41F
:1054D000E9F4F7C4EAF4EF50236E1D4A1E2A210EA8
:1054E000236075EFAAF077EFAAF079EFAAF090EFBA
:1054F000ABF02F0E2318D8B480EFAAF082EFAAF0F9
:105500008FEFAAF05C0E2318D8A489EFAAF08BEFD6
:10551000AAF0CFEFAAF08FEFAAF01D4A1E2A1D5065
:105520001B24136E1E501C20146E13C5F6F414C5F4
:10553000F7F4000EF86E3F0EF76403D00800F55044
:1055400005D0F6C4E9F4F7C4EAF4EF502F0AD8B452
:10555000ACEFAAF0AEEFAAF08DEFAAF01D501B241D
:10556000136E1E501C20146E13C5F6F414C5F7F408
:10557000000EF86E3F0EF76403D00800F55005D01A
:10558000F6C4E9F4F7C4EAF4EF505C0AD8B4CBEF00
:10559000AAF0CDEFAAF08DEFAAF090EFABF02E0EAF
:1055A0002318D8B4D6EFAAF0D8EFAAF0E3EFAAF008
:1055B0001950215C1A502258D8A0E1EFAAF0E3EF6D
:1055C000AAF003EFABF00B0E19181A10D8B4EBEFDA
:1055D000AAF0EDEFAAF0F6EFAAF02E0E2318D8B439
:1055E000F4EFAAF0F6EFAAF0F9EFAAF0060EF7EF43
:1055F000ABF0000E226E080E216E000E1A6E0B0E1E
:10560000196E55EFAAF0235008ECE9F00750081086
:10561000D8B40DEFABF00FEFABF05EEFABF01D5079
:105620001B24136E1E501C20146E13C5F6F414C5F3
:10563000F7F4000EF86E3F0EF76403D00800F55043
:1056400005D0F6C4E9F4F7C4EAF4EF50186E1D4A29
:105650001E2A185069ECE0F007500810D8B433EF58
:10566000ABF035EFABF0F6EFAAF0FF0E1924136E96
:10567000FF0E1A20146E1350215C14502258D8A02B
:1056800044EFABF046EFABF048EFABF0F6EFAAF02B
:1056900021501F24D96E22502020DA6E23C5DFF45A
:1056A000214A222A21501F24D96E22502020DA6E4E
:1056B00018C5DFF4214A222A55EFAAF0130E076E0F
:1056C000FE0E086E23C509F50A6A85ECECF007505A
:1056D0000810D8B46EEFABF070EFABF072EFABF038
:1056E000F6EFAAF0600E236478EFABF07AEFABF040
:1056F00084EFABF07B0E236080EFABF082EFABF07A
:1057000084EFABF0200E235E21501F24D96E22506F
:105710002020DA6E23C5DFF4214A222A55EFAAF0B1
:105720001D501B24136E1E501C20146E11C5D9F47D
:1057300012C5DAF413C5DEF414C5DDF421502210CD
:10574000D8A4A5EFABF0A7EFABF0A9EFABF0F6EF65
:10575000AAF01FC5D9F420C5DAF4E50EDE18D8A4E6
:10576000B4EFABF0B6EFABF0BCEFABF01FC5D9F4C4
:1057700020C5DAF4050EDF6E200E2364C2EFABF015
:10578000C4EFABF0EAEFABF01D501B24136E1E50BC
:105790001C20146E13C5F6F414C5F7F4000EF86E51
:1057A0003F0EF76403D00800F55005D0F6C4E9F4C5
:1057B000F7C4EAF4EF50156E200E1564E2EFABF07B
:1057C000E4EFABF0EAEFABF0000E176E000E166ED2
:1057D000EEEFABF0000E176E040E166E20EE0BF01F
:1057E0001F50D9262050DA2216C5DFF4000E120011
:1057F00009C513F50AC514F50B500C10D8A403EF16
:10580000ACF005EFACF007EFACF08BEFADF00C5067
:105810000001836F0BC582F0070E0B140D6E000E96
:105820000C140E6E0D500E10D8A419EFACF01BEF37
:10583000ACF030EFACF00BC50DF50CC50EF5D89003
:105840000E320D32D8900E320D32D8900E320D320B
:105850000E04D8A02EEFACF030EFACF066EFACF059
:105860008169000E116E010E106E4AEFACF000015E
:105870008169B1A03EEFACF040EFACF039EFACF095
:1058800013C5D9F414C5DAF480C0DFF4134A142A1E
:10589000104A112A0B50105C0C501158D8A053EF2D
:1058A000ACF055EFACF037EFACF0B1A05AEFACF084
:1058B0005CEFACF055EFACF013C5D9F414C5DAF4D5
:1058C00080C0DFF4134A142A8BEFADF0816981693F
:1058D000B1A06DEFACF06FEFACF068EFACF013C5BA
:1058E000D9F414C5DAF480C0DFF4134A142A000195
:1058F0008169B1A07EEFACF080EFACF079EFACF055
:1059000013C5D9F414C5DAF480C0DFF4134A142A9D
:1059100000018169B1A08FEFACF091EFACF08AEF9C
:10592000ACF013C5D9F414C5DAF480C0DFF4134A1F
:10593000142A00018169B1A0A0EFACF0A2EFACF095
:105940009BEFACF013C5D9F414C5DAF480C0DFF4D2
:10595000134A142A00018169B1A0B1EFACF0B3EF92
:10596000ACF0ACEFACF013C5D9F414C5DAF480C0D8
:10597000DFF4134A142A00018169B1A0C2EFACF030
:10598000C4EFACF0BDEFACF013C5D9F414C5DAF434
:1059900080C0DFF4134A142A00018169B1A0D3EF5B
:1059A000ACF0D5EFACF0CEEFACF013C5D9F414C524
:1059B000DAF480C0DFF4134A142A0BC50DF50CC5C8
:1059C0000EF5D8900E320D32D8900E320D32D8909E
:1059D0000E320D320D500F6E010E126E79EFADF0DA
:1059E00000018169B1A0F7EFACF0F9EFACF0F2EF94
:1059F000ACF013C5D9F414C5DAF480C0DFF4134A4F
:105A0000142A00018169B1A008EFADF00AEFADF0F2
:105A100003EFADF013C5D9F414C5DAF480C0DFF498
:105A2000134A142A00018169B1A019EFADF01BEFF0
:105A3000ADF014EFADF013C5D9F414C5DAF480C09D
:105A4000DFF4134A142A00018169B1A02AEFADF0F6
:105A50002CEFADF025EFADF013C5D9F414C5DAF491
:105A600080C0DFF4134A142A00018169B1A03BEF22
:105A7000ADF03DEFADF036EFADF013C5D9F414C580
:105A8000DAF480C0DFF4134A142A00018169B1A05E
:105A90004CEFADF04EEFADF047EFADF013C5D9F4DC
:105AA00014C5DAF480C0DFF4134A142A00018169B6
:105AB000B1A05DEFADF05FEFADF058EFADF013C505
:105AC000D9F414C5DAF480C0DFF4134A142A0001B3
:105AD0008169B1A06EEFADF070EFADF069EFADF0A0
:105AE00013C5D9F414C5DAF480C0DFF4134A142ABC
:105AF000122A0F50125CD8A080EFADF082EFADF00B
:105B0000F0EFACF0B1A087EFADF089EFADF082EF30
:105B1000ADF05CEFACF012005A0E07018F6F1B0E58
:105B2000906F050E0501606FFF0E616F370E626F9B
:105B3000FF0E636F7FECF5F0380E0601AA6F150EAD
:105B4000AB6F370EAC6FFF0EAD6F010EAE6FA0ECFA
:105B500091F007018A6F8A51D8B4B1EFADF0B3EF7D
:105B6000ADF09CEFAEF0C00E0501606FFD0E616FF1
:105B7000370E626FFF0E636F7FECF5F00601FA6976
:105B8000FB6903EFAFF08FC707F590C708F5B3ECDB
:105B9000EBF08FC7D9F490C7DAF43B0EDE18D8B417
:105BA000D4EFADF0D6EFADF09CEFAEF08FC7D9F4E7
:105BB00090C7DAF4DF50D8A4E0EFADF0E2EFADF03B
:105BC000E4EFADF09CEFAEF0000E07018E6F000E1B
:105BD0008D6F8FC70EF590C70FF5000E806F080E02
:105BE000816FD8908D35D96E8E35DA6ED890D936D2
:105BF000DA368051D9268151DA22DEC410F5DDC4AF
:105C000011F5D9ECE0F00E500F10D8A40AEFAEF069
:105C10000CEFAEF00EEFAEF08BEFAEF0000E070122
:105C2000806F080E816FD8908D35D96E8E35DA6E03
:105C3000D890D936DA368051D9268151DA22DEC49D
:105C400007F5DDC408F592ECF2F0075007018F2547
:105C5000D96E08509021DA6E3D0EDE18D8B433EFBD
:105C6000AEF035EFAEF037EFAEF08BEFAEF0000EEA
:105C7000806F080E816FD8908D35D96E8E35DA6EB3
:105C8000D890D936DA368051D9268151DA22DEC44D
:105C900007F5DDC408F592ECF2F0075007018F25F7
:105CA000826F08509021836F010E8225886F000E4D
:105CB0008321896F88C720F589C721F58B0E226E55
:105CC000070E236E000E256E000E246E010E266E4A
:105CD000CBEC9FF0000E0701806F080E816F020E63
:105CE0008027000E8123D8908D35D96E8E35DA6EDF
:105CF000D890D936DA368051D9268151DA22DEC4DD
:105D000082F7DDC483F782C7D9F483C7DAF420C5EC
:105D1000DEF421C5DDF407018D4B8E2B8EBF9AEF8B
:105D2000AEF08E5109E10B0E8D5DD8A09AEFAEF06A
:105D30009CEFAEF0E9EFADF08FC717F690C718F6FD
:105D4000000E06011A6F500E196F380E1B6F150EDC
:105D50001C6F99ECDEF0060117511811D8A4B3EFAF
:105D6000AEF0B5EFAEF0C3EFADF025EE42F115EEBB
:105D700048F1DE50E6180FE1DE50E6180CE1DE5087
:105D8000E61809E1DE50E618D8B4C9EFAEF0CBEF63
:105D9000AEF0DBEFAEF0190E0501606FFD0E616F26
:105DA0007FECF5F0380E0501D96F150EDA6FC2ECF5
:105DB000F1F0BEEFADF0380E0501D96F150EDA6FB8
:105DC000C2ECF1F007016A516B11D8B4EAEFAEF002
:105DD000ECEFAEF0F3EFAEF08A0E0501606FFD0E52
:105DE000616F7FECF5F0D90E0501606FFE0E616FFB
:105DF0007EC762F57FC763F57FECF5F0000E060104
:105E0000FB6F000EFA6F120006C7A3F507C7A4F5D3
:105E1000000E05019E6F050E9D6F000EA26F000E15
:105E2000A16FA569000E9A6F000E996F2DEFAFF06C
:105E3000A1C507F5A2C508F5A50E096E050E0A6EE7
:105E4000000E0C6E010E0B6EE8ECE4F007C5A1F538
:105E500008C5A2F50501994B9A2B8F51995D905178
:105E60009A59D8A036EFAFF038EFAFF018EFAFF097
:105E7000A1C507F5A2C508F591C509F592C50AF5B2
:105E800093C50BF594C50CF5E8ECE4F007C5A1F556
:105E900008C5A2F5000E05019C6F000E9B6F66EF12
:105EA000AFF0A1C507F5A2C508F5A50E096E050E50
:105EB0000A6E000E0C6E010E0B6EE8ECE4F007C5E6
:105EC000A1F508C5A2F505019B4B9C2B8FC595F547
:105ED00090C596F5951F961F954B962B9351955F00
:105EE0009451965B000E9525976F020E9621986F40
:105EF00097519B5D98519C59D8A081EFAFF083EFEB
:105F0000AFF051EFAFF08BC51EF58CC51FF58DC5F9
:105F100020F58EC521F5A50E226E050E236E180EF6
:105F200060ECE6F01EC59FF51FC5A0F505019F5169
:105F3000A011D8B49EEFAFF0A0EFAFF0A2EFAFF09A
:105F400075EFB0F0A551D8B4A8EFAFF0AAEFAFF05D
:105F5000B0EFAFF0000EA06F030E9F6F75EFB0F0C3
:105F6000FE0EA56FA3C507F5A4C508F5A50E096E1D
:105F7000050E0A6E000E0C6E010E0B6E20ECEBF09F
:105F8000A3C511F5A4C512F58FC513F590C514F579
:105F900066ECF1F0A3C507F5A4C508F591C509F5B0
:105FA00092C50AF593C50BF594C50CF520ECEBF002
:105FB000A3C511F5A4C512F58FC595F590C596F545
:105FC0000501951F961F954B962B9351955F945104
:105FD000965B000E9525136E020E9621146E66ECEC
:105FE000F1F00501A251A56FA3C507F5A4C508F5F9
:105FF000A50E096E050E0A6E000E0C6E010E0B6EDC
:1060000020ECEBF0A1C5A5F5A3C507F5A4C508F5DF
:10601000A50E096E050E0A6E000E0C6E010E0B6EBB
:1060200020ECEBF00B0E196EB80E186EFF0E7AEC2A
:10603000F3F00501A56FA529D8A421EFB0F023EF57
:10604000B0F029EFB0F0000EA06F010E9F6F75EF5A
:10605000B0F0A5511F0B050AD8B431EFB0F033EF03
:10606000B0F05EEFB0F0A5511F0B0B0AD8A43BEFC8
:10607000B0F03DEFB0F0AAEFAFF09D07D8A09E07BB
:106080009EBF4DEFB0F09E5106E19D05D8B04BEF9D
:10609000B0F04DEFB0F053EFB0F0000EA06F040E73
:1060A0009F6F75EFB0F0750E196E300E186EFF0E03
:1060B0007AECF3F056ECF5F083EFAFF0750E196E55
:1060C000300E186E000E7AECF3F00501A56FA551A5
:1060D000D8A46DEFB0F06FEFB0F071EFB0F023EF38
:1060E000B0F0000EA06F000E9F6F56ECF5F09FC54C
:1060F0008BF5A0C58CF51200050120EE04F0CE5101
:10610000D926CF51DA22DF6A20EE2CF0CE51D926E3
:10611000CF51DA22FF0EDE6EFF0EDE6EFF0EDE6E58
:10612000FF0EDD6ECEC5C3F5CFC5C4F5D0C5C5F530
:10613000D1C5C6F5D2C5C7F5D3C5C8F5BAECE3F0ED
:106140000009D8B4A6EFB0F0A8EFB0F0AFEFB0F010
:10615000000E0501CF6F040ECE6FF1EFB1F02E0EE1
:106160000501CE25076E020ECF21086EB6ECF4F0C5
:1061700007C5D7F508C5D8F5050120EE30F0CE519A
:10618000D926CF51DA22DF50DB6FEB0EDB19D8B402
:10619000CCEFB0F0CEEFB0F0E0EFB0F0E90EDB19ED
:1061A000D8B4D5EFB0F0D7EFB0F0E0EFB0F0E80E34
:1061B000DB19D8A4DEEFB0F0E0EFB0F0DAEFB1F029
:1061C000550ED71907E1AA0ED819D8A4EAEFB0F0F6
:1061D000ECEFB0F00CEFB1F0820ECE25076E000EA2
:1061E000CF21086E5F0E096EFF0E0A6E000E0C6E58
:1061F000080E0B6E87ECE2F007500810D8A403EFEE
:10620000B1F005EFB1F00CEFB1F0000E0501CF6F6A
:10621000000ECE6FF1EFB1F03B0E0501CE25076EFB
:10622000000ECF21086EB6ECF4F007C5D9F508C50D
:10623000DAF5050120EE3DF0CE51D926CF51DA2214
:10624000DF50DB6FFF0ED925D46FFF0EDA21D56F3B
:10625000D951D417DA51D517D451D511D8A433EF69
:10626000B1F035EFB1F0DAEFB1F0020EDA5DD8A09F
:106270003CEFB1F03EEFB1F0DAEFB1F0D905020E2C
:10628000DA59D8B046EFB1F048EFB1F0DAEFB1F03B
:10629000DB51D8B44EEFB1F050EFB1F0DAEFB1F01E
:1062A000FF0EDB25D46FD56BFF0ED523DB51D41742
:1062B000000ED517D451D511D8A461EFB1F063EF1A
:1062C000B1F0DAEFB1F03E0ECE25076E000ECF2111
:1062D000086EB6ECF4F007500810D8B472EFB1F0C5
:1062E00074EFB1F0DAEFB1F0050120EE40F0CE51DD
:1062F000D926CF51DA22DF50D46FFF0ED425D56FC7
:10630000D66BFF0ED623D65107E1020ED55DD8B06D
:106310008CEFB1F08EEFB1F0DAEFB1F0410ECE2597
:10632000076E000ECF21086EB6ECF4F0075008108F
:10633000D8B49DEFB1F09FEFB1F0DAEFB1F0430EBA
:106340000501CE25076E000ECF21086EB6ECF4F0E5
:10635000085007E1800E075CD8B0B1EFB1F0B3EFA1
:10636000B1F0C6EFB1F0500E0501CE25076E000E5C
:10637000CF21086EA9ECE5F00A5008E10904D8A085
:10638000C4EFB1F0C6EFB1F0DAEFB1F0460E05019F
:10639000CE25076E000ECF21086EB6ECF4F0075044
:1063A0000810D8B4D6EFB1F0D8EFB1F0DAEFB1F011
:1063B00005EFB1F0550E0501D71909E1AA0ED8195C
:1063C000D8B4E5EFB1F0E7EFB1F0EDEFB1F0000ECA
:1063D000CF6F030ECE6FF1EFB1F0000ECF6F020E54
:1063E000CE6F1200000E0F6EF50E106E070E116EBE
:1063F000000E126E450E136E070E146E000E166E12
:10640000100E156E05ECE6F007014551D8B40BEF00
:10641000B2F00DEFB2F01DEFB3F0B5ECC1F0000E2D
:106420000F6EF50E106E070E116E000E126E450EF9
:10643000136E070E146E000E166E020E156EBBEC78
:10644000E6F060EFB3F055ECF3F0075007014C6F46
:106450004CEFB3F04C51C1ECF6F04CEFB3F05650AA
:106460005710D8A436EFB2F038EFB2F03FEFB2F0E9
:10647000000E0601576F000E566F43EFB2F0000E8C
:106480000601576F566956C64CF74CEFB3F05A0EDB
:106490000601586F1B0E596F4CC75AF65B6B53C7FA
:1064A00007F554C708F551C709F552C70AF5EEECD0
:1064B000F4F007C50FF508C510F509C511F50AC5B3
:1064C00012F558C613F559C614F55AC615F55BC62C
:1064D00016F505ECE6F07AEFB2F058C6D9F459C6D5
:1064E000DAF4DF50C1ECF6F00601584B592B5A078D
:1064F000D8A05B0706015A515B11D8A482EFB2F015
:1065000084EFB2F06DEFB2F04CEFB3F0F8ECEEF0D8
:1065100007500810D8B48FEFB2F091EFB2F095EFBA
:10652000B2F00DECF7F04CEFB3F0BDECCEF006019D
:1065300047514811D8B49FEFB2F0A1EFB2F04CEF41
:10654000B3F091EFB2F0F8ECEEF007500810D8B4C9
:10655000ACEFB2F0AEEFB2F0B0EFB2F091EFB2F05C
:106560005FECC4F0060147514811D8B4BAEFB2F05D
:10657000BCEFB2F04CEFB3F091EFB2F09DECD1F084
:1065800007014C6F4CEFB3F087ECD9F007014C6F6B
:106590004CEFB3F056505710D8B4D1EFB2F0D3EF60
:1065A000B2F0D5EFB2F023EFB2F04C6B4CEFB3F09A
:1065B0004CC755F60601555107ECF6F007014C6F34
:1065C0004CEFB3F05A0E0601586F1B0E596F58C6A8
:1065D00007F559C608F54CC709F5A4ECE9F007C55D
:1065E0005AF608C55BF65AC64CF706015A515B11BC
:1065F000D8B4FDEFB2F0FFEFB2F04CEFB3F053C7F9
:1066000007F554C708F551C709F552C70AF5EEEC6E
:10661000F4F007C50FF508C510F509C511F50AC551
:1066200012F558C613F559C614F55AC615F55BC6CA
:1066300016F5BBECE6F04CEFB3F04B51010AD8B4C1
:1066400023EFB2F0030AD8B42AEFB2F0010AD8B4AB
:106650002FEFB2F0070AD8B447EFB2F0010AD8B46E
:1066600086EFB2F0030AD8B4A3EFB2F0010AD8B4AF
:10667000BEEFB2F00F0AD8B4C4EFB2F0010AD8B43A
:10668000CAEFB2F0030AD8B4D8EFB2F0010AD8B416
:10669000E2EFB2F04CEFB3F007014B6B060E0F6E5A
:1066A000F50E106E070E116E000E126E4B0E136E6D
:1066B000070E146E000E166E020E156EBBECE6F0A1
:1066C000120006C7A3F507C7A4F5000E05019E6FCB
:1066D000050E9D6F8BC51EF58CC51FF58DC520F56C
:1066E0008EC521F5A70E226E050E236E110E60ECED
:1066F000E6F01EC5A1F51FC5A2F50501A151A21125
:10670000D8B485EFB3F087EFB3F089EFB3F0ABEF18
:10671000B4F0A751D8B48FEFB3F091EFB3F097EF87
:10672000B3F0000EA26F030EA16FABEFB4F00B0E2F
:10673000196EB80E186EFF0E7AECF3F00501A76F14
:10674000A729D8A4A6EFB3F0A8EFB3F0AEEFB3F04B
:10675000000EA26F010EA16FABEFB4F0FE0EA719F1
:10676000D8B4B5EFB3F0B7EFB3F0B9EFB3F091EF42
:10677000B3F0000EA66F000EA56F000E9A6F000E0C
:10678000996FE8EFB3F0A3C515F5A4C516F5B6ECFF
:10679000F5F00501A76F07010AA1D1EFB3F0D3EF20
:1067A000B3F0E5EFB3F0A5C507F5A6C508F5A70E4C
:1067B000096E050E0A6E000E0C6E010E0B6EE8ECF3
:1067C000E4F007C5A5F508C5A6F50501994B9A2B78
:1067D0008F51995D90519A59D8A0F1EFB3F0F3EF32
:1067E000B3F0C3EFB3F0A3C507F5A4C508F591C591
:1067F00009F592C50AF593C50BF594C50CF5F8ECAF
:10680000ABF007010AA107EFB4F009EFB4F01BEFFA
:10681000B4F0A5C507F5A6C508F591C509F592C55B
:106820000AF593C50BF594C50CF5E8ECE4F007C543
:10683000A5F508C5A6F5000E05019C6F000E9B6F1F
:1068400047EFB4F0A3C515F5A4C516F5B6ECF5F001
:106850000501A76F07010AA130EFB4F032EFB4F0E1
:1068600044EFB4F0A5C507F5A6C508F5A70E096E57
:10687000050E0A6E000E0C6E010E0B6EE8ECE4F0D5
:1068800007C5A5F508C5A6F505019B4B9C2B8FC533
:1068900095F590C596F5951F961F954B962B9351A0
:1068A000955F9451965B000E9525976F020E962189
:1068B000986F97519B5D98519C59D8A062EFB4F0A6
:1068C00064EFB4F022EFB4F0A3C515F5A4C516F536
:1068D000B6ECF5F00501A06F9F6BA3C515F5A4C537
:1068E00016F5B6ECF5F00501956F95519F1307016C
:1068F0000AA17DEFB4F07FEFB4F0A6EFB4F005018C
:10690000A5519F1909E1A651A019D8B48AEFB4F096
:106910008CEFB4F0A6EFB4F09D07D8A09E079EBF01
:106920009CEFB4F09E5106E19D05D8B09AEFB4F00B
:106930009CEFB4F0A2EFB4F0000EA26F040EA16FB2
:10694000ABEFB4F056ECF5F06AEFB3F0000E0501D2
:10695000A26F000EA16F56ECF5F0A1C58BF5A2C594
:106960008CF51200660E0701066F070E076F76C5DD
:1069700008F777C509F70A9106C77AF507C77BF5C7
:106980007AC507F57BC508F53FECF5F07AC56CF5DF
:106990007BC56DF572C56EF573C56FF5010E05010A
:1069A000706F000E716F4BECD7F07AC50BF57BC59D
:1069B0000CF5C7ECF5F07AC511F57BC512F5000EA4
:1069C000146E0A0E136E66ECF1F056ECF5F0000E44
:1069D0002E6E000E2F6E000E306E000E316E7C0E8D
:1069E000326E050E336E000E356E010E346E000EE3
:1069F000CBECEDF005017C05D8B401EFB5F003EF69
:106A0000B5F009EFB5F0000E736F010E726FF5EF80
:106A1000B5F0AA0E2E6E010E2F6E000E306E000E17
:106A2000316E7C0E326E050E336E000E356E050E25
:106A3000346E080ECBECEDF005017C05D8A423EFF5
:106A4000B5F025EFB5F037EFB5F07FA12AEFB5F03F
:106A50002CEFB5F037EFB5F0AA0E8019D8B433EFAC
:106A6000B5F035EFB5F03DEFB5F037EFB5F0000E0E
:106A7000736F020E726FF5EFB5F0000E796F000EB6
:106A8000786F000E2E6E000E2F6E000E306E000E10
:106A9000316E7C0E326E050E336E000E356E010EB9
:106AA000346E370ECBECEDF0000E2E6E000E2F6E16
:106AB000000E306E400E316E7C0E326E050E336E5F
:106AC000000E356E050E346E290ECBECEDF005018F
:106AD0007C51D8A46EEFB5F070EFB5F072EFB5F061
:106AE00082EFB5F0784B792B79BF80EFB5F0B80E17
:106AF000785D0B0E7959D8A080EFB5F082EFB5F034
:106B000041EFB5F07C51D8B488EFB5F08AEFB5F01D
:106B10008CEFB5F003EFB5F0000E2E6E000E2F6E69
:106B2000000E306E000E316E7C0E326E050E336E2E
:106B3000000E356E050E346E3A0ECBECEDF07CC5D2
:106B400053F5FE0E5316D8B4A8EFB5F0AAEFB5F082
:106B5000B1EFB5F0000E0501736F030E726FF5EF24
:106B6000B5F005017DBDB7EFB5F0B9EFB5F0BBEFFE
:106B7000B5F037EFB5F07DBFC0EFB5F0C2EFB5F0BF
:106B8000C4EFB5F0AAEFB5F0010E2E6E000E2F6E19
:106B9000000E306E000E316E7C0E326E050E336EBE
:106BA000000E356E010E346E3B0ECBECEDF00501A0
:106BB0007C51D8B4DEEFB5F0E0EFB5F0E2EFB5F020
:106BC000AAEFB5F07AC56CF57BC56DF574C56EF5A9
:106BD00075C56FF5010E706F000E716F4BECD7F03D
:106BE000000E0501736F000E726F1200000E05019A
:106BF000906F000E8F6F5A0E8F25D96E1B0E90214D
:106C0000DA6EA50EDF6E5B0E8F25D96E1B0E9021FE
:106C1000DA6E5A0EDF6E020E8F27000E902390055B
:106C2000D8A015EFB6F017EFB6F0FBEFB5F0000EF9
:106C3000916F000E926F000E936F000E946FCE0E48
:106C4000606FFB0E616F91C562F592C563F593C5E8
:106C500064F594C565F57FECF5F026EE5AF391C521
:106C6000DFF426EE5BF392C5DFF426EE5CF393C50A
:106C7000DFF491C50FF592C510F593C511F594C5D4
:106C800012F55A0E136E1B0E146E010E166E000EC8
:106C9000156EBBECE6F091C50FF592C510F593C5E6
:106CA00011F594C512F55A0E136E1C0E146E010EDA
:106CB000166E000E156E05ECE6F05A0E076E1B0EF2
:106CC000086E5A0E096E1C0E0A6E010E0C6E000E36
:106CD0000B6E87ECE2F007500810D8B472EFB6F0F4
:106CE00074EFB6F0B3EFB6F0D40E0501606FFA0E94
:106CF000616F91C562F592C563F593C564F594C55E
:106D000065F57FECF5F0E20E05016C6FFF0E6D6F1F
:106D100091C56EF592C56FF593C570F594C571F583
:106D20005A0E726F1B0E736F010E756F000E746F2B
:106D30007EECCFF0DD0E05016C6FFF0E6D6F91C51F
:106D40006EF592C56FF593C570F594C571F55A0E41
:106D5000726F1C0E736F010E756F000E746F7EECF8
:106D6000CFF0B1EFB6F0050191519211931194114A
:106D7000D8A4BDEFB6F0BFEFB6F0C1EFB6F0F3EFB9
:106D8000B6F0000E0F6E000E106E000E116E000EAB
:106D9000126E5A0E136E1C0E146E010E166E000E3D
:106DA000156E05ECE6F05A0E076E1B0E086E5A0EB5
:106DB000096E1C0E0A6E010E0C6E000E0B6E87EC37
:106DC000E2F007500810D8A4E8EFB6F0EAEFB6F00A
:106DD000F3EFB6F05A0E0501606FFC0E616F7FECA9
:106DE000F5F007EFB7F0000E05019127100E922382
:106DF000000E9323000E9423945109E1080E935D35
:106E0000D8A005EFB7F007EFB7F01FEFB6F091C5C8
:106E10000FF792C510F793C511F794C512F78D0EB1
:106E20000501606FF80E616FFF0E9125626FFF0E16
:106E30009221636FFF0E9321646FFF0E9421656FA3
:106E40000FC78BF510C78CF511C78DF512C78EF5DE
:106E50000B0E30EFB7F0D8908E338D338C338B33ED
:106E6000E82E2BEFB7F08BC566F58CC567F57FEC88
:106E7000F5F01200040E0701196F870E1A6F010E4C
:106E80001B6F48ECF6F006ECF1F0520E0501606F56
:106E9000F90E616F7FECF5F0F7ECF6F007C5CBF774
:106EA00008C5CCF7770E0601FA6FFE0EFB6F7CC7A4
:106EB00007F57DC708F57AC709F57BC70AF5EEEC3B
:106EC000F4F007C5FCF608C5FDF609C5FEF60AC5CF
:106ED000FFF622ECCAF0FAC6D1F7FBC6D2F70701DB
:106EE000D151D211D8A477EFB7F079EFB7F010EF06
:106EF000B8F0AD0E0501606F070E616FC70E626FCF
:106F0000FF0E636FBD0E646F080E656FB40E666F83
:106F1000FF0E676FBAECF2F06EC707F56FC708F5A2
:106F20006CC709F56DC70AF5EEECF4F007C5CDF7AF
:106F300008C5CEF709C5CFF70AC5D0F7AD0E0601D3
:106F4000FA6F070EFB6FCDC7FCF6CEC7FDF6CFC7B5
:106F5000FEF6D0C7FFF622ECCAF0FAC6D1F7FBC6A0
:106F6000D2F70701D151D211D8A4B9EFB7F0BBEFD6
:106F7000B7F010EFB8F0CBC70BF5CCC70CF50D6A26
:106F80000E6A2851CB25076E2951CC21086E096A5B
:106F9000D8B0092A0A6A67ECE8F0010E0724146EDB
:106FA000000E0820156E000E0920166E000E0A2035
:106FB000176ECBC718F5CCC719F51A6A1B6AA3EC74
:106FC000EFF014500701CD271550CE231650CF23D4
:106FD0001750D023AD0E0501606F070E616FC70E0D
:106FE000626FFF0E636FBD0E646F080E656F4B0E10
:106FF000666FFF0E676FBAECF2F0AD0E0601FA6F26
:10700000070EFB6FCDC7FCF6CEC7FDF6CFC7FEF669
:10701000D0C7FFF622ECCAF0FAC6D1F7FBC6D2F70A
:107020000701D151D211D8B418EFB8F01AEFB8F067
:1070300028EFB8F01A0E0501606FFA0E616F7FEC51
:10704000F5F0000E0701AC6F010EAB6F62EFB8F008
:107050006A516B11D8A42FEFB8F031EFB8F039EFC7
:10706000B8F06CC762F76DC763F76EC764F76FC798
:1070700065F77CC707F57DC708F57AC709F57BC7B3
:107080000AF5EEECF4F007C5CDF708C5CEF709C553
:10709000CFF70AC5D0F7CDC70FF5CEC710F5CFC7CC
:1070A00011F5D0C712F5620E136E070E146E000EA6
:1070B000166E040E156EBBECE6F0000E0701AC6F09
:1070C000000EAB6F1200EFC5D9F4F0C5DAF4DEC4E0
:1070D000FEF5DDC4FFF50501F451F311F21109E1EC
:1070E000020EF15DD8A077EFB8F079EFB8F08EEF2F
:1070F000B8F020EE14F0FE51D926FF51DA22DE500E
:10710000F15DDE50F259DE50F359DE50F459D8A04B
:107110008CEFB8F08EEFB8F091EFB8F0020E80EF80
:10712000B9F0F551F611F711F811D8B49AEFB8F09B
:107130009CEFB8F0BFEFB8F0FEC5CEF5FFC5CFF5B8
:10714000F5C5D0F5F6C5D1F5F7C5D2F5F8C5D3F537
:10715000FF0ED46FFF0ED56FFF0ED66FFF0ED76FE9
:10716000FEEC9AF00501FD6FFD51D8B4BAEFB8F00E
:10717000BCEFB8F0BFEFB8F0FD5180EFB9F0EFC54C
:10718000CEF5F0C5CFF5F1C5D0F5F2C5D1F5F3C513
:10719000D2F5F4C5D3F55AECA6F0CEC5F9F5CFC5B6
:1071A000FAF5D0C5FBF5D1C5FCF50501F951FA1189
:1071B000FB11FC11D8A4DFEFB8F0E1EFB8F0E3EF7A
:1071C000B8F07FEFB9F0F905FA11FB11FC11D8A462
:1071D000ECEFB8F0EEEFB8F0F0EFB8F08EEFB8F0FB
:1071E000F9290AE1FA2908E1FB2906E1FC29D8A4DA
:1071F000FCEFB8F0FEEFB8F001EFB9F0010E80EF50
:10720000B9F0FEC5CEF5FFC5CFF5F1C5D0F5F2C595
:10721000D1F5F3C5D2F5F4C5D3F5000ED46F000E49
:10722000D56F000ED66F000ED76FFEEC9AF00501F9
:10723000FD6FFD51D8B41FEFB9F021EFB9F023EF86
:10724000B9F0BCEFB8F020EE14F0FE51D926FF5192
:10725000DA22FE0EDE240601006FFF0EDE20016F33
:10726000FF0EDE20026FFF0EDE20036F050120EE11
:1072700010F0FE51D926FF51DA2206010051DE5CE2
:107280000151DE580251DE580351DE58D8B04BEFA1
:10729000B9F04DEFB9F061EFB9F0050120EE10F053
:1072A000FE51D926FF51DA22DE2A000EDE22DE222E
:1072B000DE2220EE05F0FE51D926FF51DA22000E23
:1072C000DB80F9C5F1F5FAC5F2F5FBC5F3F5FCC5B0
:1072D000F4F5050120EE14F0FE51D926FF51DA2213
:1072E000DE50F15DDE50F259DE50F359DE50F459B4
:1072F000D8A07DEFB9F07FEFB9F0BFEFB8F0000E86
:10730000120020EE10F02650D9262750DA22DEC4D3
:1073100007F5DDC408F520EE0EF02650D9262750DB
:10732000DA22DEC409F5DDC40AF5EEECF4F007C597
:1073300029F508C52AF509C52BF50AC52CF581EFF5
:10734000BAF026C507F527C508F5ABECF6F09EEFB9
:10735000BAF0000E076E070E086E2D0E096E050EB0
:107360000A6ED00EB4ECE1F0FF0AD8A4BAEFB9F07F
:10737000BCEFB9F0BEEFB9F0A1EFB9F0A19E2D506E
:1073800016ECF6F00701616F2E5016ECF6F00701CF
:107390005E6F2F5016ECF6F007015F6F315016EC60
:1073A000F6F0286E2850366E376A325016ECF6F03A
:1073B000286E2850346E356A335016ECF6F0286E7D
:1073C0002850386E396A395009E1500E385CD8A01F
:1073D000ECEFB9F0EEEFB9F0F4EFB9F06C0E38263F
:1073E000070E3922F8EFB9F0D00E3826070E3922F1
:1073F00038C518F539C519F534C51AF535C51BF565
:1074000036C51CF537C51DF548ECE1F018C55CF72D
:1074100019C55DF7A18E29C50FF52AC510F52BC535
:1074200011F52CC512F55C0E136E070E146E000ECE
:10743000166E060E156EBBECE6F026C507F527C5E1
:1074400008F5A0ECF6F09EEFBAF026C507F527C5C3
:1074500008F5B6ECF6F09EEFBAF029C50FF52AC58F
:1074600010F52BC511F52CC512F55C0E136E070E29
:10747000146E000E166E060E156E05ECE6F05CC777
:1074800012F55DC713F5380E146E050E156E340E29
:10749000166E050E176E360E186E050E196E1EEC62
:1074A000D6F007016151F9ECEBF02D6E07015E514A
:1074B000F9ECEBF02E6E07015F51F9ECEBF02F6E5B
:1074C0003650F9ECEBF0316E3450F9ECEBF0326EF3
:1074D0003850F9ECEBF0336E000E076E070E086EB5
:1074E0002D0E096E050E0A6ED00E8BECEAF0FF0A27
:1074F000D8A47DEFBAF07FEFBAF01DEFBAF0A1EF9C
:10750000B9F020EE02F02650D9262750DA22DF50BB
:10751000030AD8B4A1EFB9F0070AD8B4A9EFB9F0BB
:10752000010AD8B425EFBAF00D0AD8B42DEFBAF09D
:10753000010AD8B42DEFBAF01DEFBAF012002FC631
:10754000D9F430C6DAF4DEC439F6DDC43AF6ACEF6D
:10755000BAF00601314B322B31C6F6F432C6F7F4DD
:10756000000EF86E3F0EF76403D00800F55005D00A
:10757000F6C4E9F4F7C4EAF4EF502F0AD8B4C3EF25
:10758000BAF0C5EFBAF0A9EFBAF031C6F6F432C6D8
:10759000F7F4000EF86E3F0EF76403D00800F550C4
:1075A00005D0F6C4E9F4F7C4EAF4EF505C0AD8B4A5
:1075B000DCEFBAF0DEEFBAF0A9EFBAF0060120EE88
:1075C00006F02F51D9263051DA22DE6ADE6ADE6AF1
:1075D000DD6A31C6F6F432C6F7F4000EF86E3F0EDF
:1075E000F76403D00800F55005D0F6C4E9F4F7C4F9
:1075F000EAF4EF500601336F200E336102EFBBF067
:1076000004EFBBF01FEFBBF020EE27F02F51D9267F
:107610003051DA22800EDF6E2FC6E8F530C6E9F56C
:10762000000E0501EA6F000EEB6F000EEC6F000E0E
:10763000ED6F50ECA8F006013C6FACEFBBF02FC62D
:107640000FF530C610F5310E116E060E126E2DECD0
:10765000AAF006013C6F3C51D8B431EFBBF033EFD8
:10766000BBF035EFBBF0ACEFBBF02FC6FDF530C67D
:10767000FEF5E8ECCAF006013C6F20EE27F02F5132
:10768000D9263051DA22DF503B6F3C51D8B44BEF52
:10769000BBF04DEFBBF061EFBBF0040E3C19D8A47A
:1076A00054EFBBF056EFBBF0ACEFBBF03BB55BEF7C
:1076B000BBF05DEFBBF0ACEFBBF0050E3C6FACEF89
:1076C000BBF03BA566EFBBF068EFBBF06AEFBBF029
:1076D000ACEFBBF020EE04F02F51D9263051DA2266
:1076E000DFB875EFBBF077EFBBF079EFBBF05DEF84
:1076F000BBF039C60EF53AC60FF520EE0EF02F514D
:10770000D9263051DA22DEC433F6DDC434F6FF0E5A
:107710003315356F010E3415366F35513925376FF6
:1077200036513A21386F300E3725106E000E382151
:10773000116E8BECEDF0060120EE06F02F51D926EC
:107740003051DA220EC5DEF40FC5DEF410C5DEF4CA
:1077500011C5DEF41FEFBBF03C511200000E070113
:107760008C6F000E8B6F8BC78DF78CC78EF79BEFDE
:10777000BCF08D51410F8A6F5A0E886F1B0E896FB6
:1077800088C760F589C761F5400E0501626FFE0E7E
:10779000636FBD0E646F080E656F8AC766F5676B11
:1077A000BAECF2F0220E0701806F020E816F805159
:1077B0008B03F3C482F7F4C483F78C03F35083275D
:1077C00081518B03F3508327800E82250601AA6F17
:1077D0000A0E070183210601AB6F88C7ACF689C783
:1077E000ADF6030EAE6FA0EC91F00009D8A4FBEF4C
:1077F000BBF0FDEFBBF098EFBCF0860E0501606FAB
:10780000F40E616FBD0E626F080E636F8AC764F578
:10781000656B8AC766F5676B7FECF5F00601FA05C4
:10782000FB11D8A416EFBCF018EFBCF059EFBCF078
:10783000220E0701806F020E816F80518B03F3C40B
:1078400082F7F4C483F78C03F350832781518B03B1
:10785000F3508327800E8225846F0A0E8321856F63
:10786000400E866F080E876F020E8627000E872354
:10787000D8908D35D96E8E35DA6ED890D936DA3605
:107880008651D9268751DA2284C7DEF485C7DDF414
:10789000080142514311D8A450EFBCF052EFBCF0A4
:1078A00095EFBCF0FF0E0601FB6FFC0EFA6FB9EF0F
:1078B000BCF0220E0701806F020E816F80518B0396
:1078C000F3C482F7F4C483F78C03F3508327815108
:1078D0008B03F3508327800E8225846F0A0E832149
:1078E000856F2C0E866F080E876F020E8627000E9E
:1078F0008723D8908D35D96E8E35DA6ED890D936EB
:10790000DA368651D9268751DA2284C7DEF485C754
:10791000DDF408012E512F11D8A491EFBCF093EFA4
:10792000BCF095EFBCF052EFBCF007018B4B8C2BF9
:1079300007018D4B8E2B8E5107E1040E8D5DD8B063
:10794000A4EFBCF0A6EFBCF0B4EFBCF08CBFB2EF7C
:10795000BCF08C5109E1040E8B5DD8A0B2EFBCF0F5
:10796000B4EFBCF0B9EFBBF0000E0601FB6F000EE8
:10797000FA6F1200CEC56CF5CFC56DF5D70E0501B7
:107980006E6F050E6F6F2AECDCF00501D46FD451D9
:10799000D8A4CDEFBCF0CFEFBCF0C3EFBDF020EE2C
:1079A0000EF0CE51D926CF51DA22DFACDAEFBCF09F
:1079B000DCEFBCF0C3EFBDF020EE0EF0CE51D926C7
:1079C000CF51DA22DFAEE7EFBCF0E9EFBCF01EEFFB
:1079D000BDF0220ECE25A66F000ECF21A76F20EEA0
:1079E00018F0CE51D926CF51DA22DEC4A8F5DEC474
:1079F000A9F5DEC4AAF5DEC4ABF5000EAD6F010E2D
:107A0000AC6F20EE01F0D751D926D851DA22DF50E1
:107A1000F1ECE9F00009D8B410EFBDF012EFBDF0C1
:107A200015EFBDF0010EC4EFBDF0050120EE0EF024
:107A3000CE51D926CF51DA227F0EDF16E7ECF6F0D1
:107A400007C5D0F508C5D1F509C5D2F50AC5D3F5E6
:107A5000D7C5C3F5D8C5C4F5050120EE1CF0CE513D
:107A6000D926CF51DA22DEC4C5F5DEC4C6F5DEC4A0
:107A7000C7F5DEC4C8F5BAECE3F00501D46FD45104
:107A8000D8A445EFBDF047EFBDF0C3EFBDF020EE49
:107A900020F0CE51D926CF51DA22DEC4D5F5DDC48F
:107AA000D6F520EE0BF0D551D926D651DA22000EAC
:107AB000DB8ACEC5D9F4CFC5DAF4DEC40BF5DDC45C
:107AC0000CF5D5C50DF5D6C50EF520EE06F0CE5158
:107AD000D926CF51DA22DEC40FF5DEC410F5DEC49C
:107AE00011F5DEC412F50AECF3F01C0E0501D525E4
:107AF000076E000ED621086E20EE0AF0CE51D92670
:107B0000CF51DA22DEC409F5DEC40AF5DEC40BF576
:107B1000DEC40CF56DECEFF0160E0501D525076EF1
:107B2000000ED621086ED0C509F5D1C50AF5D2C51B
:107B30000BF5D3C50CF56DECEFF0120E0501D52554
:107B4000076E000ED621086E000E0A6E000E096E3A
:107B50006BECF5F0050120EE04F0D751D926D85191
:107B6000DA22010EDF6ED7C5C3F5D8C5C4F5C5EC62
:107B7000BDF00501D46F20EE0EF0CE51D926CF51C5
:107B8000DA22BF0EDF16D4511200C3C5B1F5C4C549
:107B9000B2F554ECC9F00501CD6FCD51D8A4D3EFA7
:107BA000BDF0D5EFBDF0C9EFBEF0C3C5D9F4C4C573
:107BB000DAF4030EDE18D8A4E0EFBDF0E2EFBDF07A
:107BC000AFEFBEF020EE05F0C351D926C451DA2242
:107BD000DE04D8A4EEEFBDF0F0EFBDF0AFEFBEF0E5
:107BE000300EC325076E000EC421086E000E0A6E0B
:107BF000000E096E020E0C6E000E0B6E9AECF4F085
:107C00002E0E0501C325076E020EC421086EAA0EB2
:107C10000A6E550E096E6BECF5F0300E0501C325AA
:107C2000076E000EC421086E520E096E520E0A6EC7
:107C3000610E0B6E410E0C6E6DECEFF0140E050133
:107C4000C325076E020EC421086E720E096E720EF5
:107C50000A6E410E0B6E610E0C6E6DECEFF0180E9D
:107C60000501C325076E020EC421086E20EE10F038
:107C7000C351D926C451DA22DEC409F5DEC40AF59F
:107C8000DEC40BF5DEC40CF56DECEFF01C0E050147
:107C9000C325076E020EC421086E20EE0CF0C351FE
:107CA000D926C451DA22DEC409F5DEC40AF5DEC4E1
:107CB0000BF5DEC40CF56DECEFF0050120EE1CF0C9
:107CC000C351D926C451DA22DEC4C5F5DEC4C6F5D7
:107CD000DEC4C7F5DEC4C8F5010EC525C96F000EA8
:107CE000C621CA6F000EC721CB6F000EC821CC6F12
:107CF00020EE2CF0C351D926C451DA22C9C5DEF4D6
:107D0000CAC5DEF4CBC5DEF4CCC5DEF4300EC32527
:107D1000A66F000EC421A76F20EE2CF0C351D92608
:107D2000C451DA22DEC4A8F5DEC4A9F5DEC4AAF582
:107D3000DEC4ABF5000EAD6F010EAC6F20EE01F0AE
:107D4000C351D926C451DA22DF50F1ECE9F0050124
:107D500020EE05F0C351D926C451DA22DF6A000EA5
:107D6000516E000E526E000E536E20EE01F0C351A4
:107D7000D926C451DA22DF506FECF0F00009D8B4F4
:107D8000C4EFBEF0C6EFBEF0C9EFBEF0010E0501B4
:107D9000CD6F0501CD51120020EE09F01650D92605
:107DA0001750DA22DF6A20EE16F01450D92615504B
:107DB000DA22DE50DE10DE10DE10D8A4E2EFBEF0D4
:107DC000E4EFBEF0E6EFBEF0C7EFBFF0000E206EAE
:107DD000000E1F6E1FC51CF520C51DF544EFBFF03A
:107DE00020EE1AF01450D9261550DA22DEC418F508
:107DF000DDC419F51C501824D96E1D501920DA6EF7
:107E0000DF501E6E1C4A1D2A200E1E18D8A40BEF30
:107E1000BFF00DEFBFF00FEFBFF044EFBFF0050E66
:107E20001E18D8A416EFBFF018EFBFF01AEFBFF07E
:107E3000E50E1E6E090E1C181D10D8A422EFBFF00F
:107E400024EFBFF034EFBFF01F501624186E2050FF
:107E50001720196E090E1824D96E000E1920DA6E3B
:107E60002E0EDF6E1F4A202A1F501624186E205037
:107E70001720196E090E1824D96E000E1920DA6E1B
:107E80001EC5DFF41F4A202A1D5009E10B0E1C5CA1
:107E9000D8A04DEFBFF04FEFBFF0F0EFBEF01F5096
:107EA0001624186E20501720196E090E1824D96E4A
:107EB000000E1920DA6EDF6A20EE08F01650D9267F
:107EC0001750DA2210EE1AF01450E1261550E22273
:107ED00000EE0BF0E650E926E550EA22EF503F0BAA
:107EE000DF6E20EE1AF01450D9261550DA22DEC4C7
:107EF00018F5DDC419F51C0E1824076E000E1920A4
:107F0000086EA9ECE5F016C5D9F417C5DAF407C573
:107F1000DEF408C5DEF409C5DEF40AC5DEF420EEA1
:107F20001AF01450D9261550DA22DEC418F5DDC433
:107F300019F5160E1824076E000E1920086EB6ECFF
:107F4000F4F020EE06F01650D9261750DA2207C5B5
:107F5000DEF408C5DDF420EE1AF01450D9261550D1
:107F6000DA22DEC418F5DDC419F5180E1824076EE0
:107F7000000E1920086EB6ECF4F020EE04F0165056
:107F8000D9261750DA2207C5DEF408C5DDF4120041
:107F9000DCC5CEF5DDC5CFF5000E0501D06F000EB6
:107FA000D16F000ED26F000ED36F7CECB0F0CEC557
:107FB000F6F5CFC5F7F5020E0501F619F711D8B49D
:107FC000E4EFBFF0E6EFBFF000EFC0F0F75107E1DC
:107FD000030EF65DD8B0EFEFBFF0F1EFBFF0FAEFB0
:107FE000BFF0DE51DF11D8A4F8EFBFF0FAEFBFF019
:107FF00000EFC0F0F6C5DCF5F7C5DDF5C1EFC0F068
:10800000000EF96F000EF86FF8C5E0F5F9C5E1F55F
:10801000E03BE13BF00EE117E0510F0BE113F00EF6
:10802000E017E051DC25E26FE151DD21E36FF60E50
:10803000E225076E010EE321086EA9ECE5F0E60EDD
:108040000501E46F050EE56FD890F835D96EF93566
:10805000DA6ED890D936DA36E451D926E551DA22EB
:1080600007C5DEF408C5DEF409C5DEF40AC5DEF492
:10807000F84BF92BF95109E1040EF85DD8A043EF54
:10808000C0F045EFC0F004EFC0F0DE51DF11D8A41E
:108090004CEFC0F04EEFC0F054EFC0F0000EF96F9F
:1080A000000EF86F5AEFC0F0FF0EDE25F86FFF0EDE
:1080B000DF21F96FE60EE06F050EE16FD890F8351D
:1080C000D96EF935DA6ED890D936DA36E051D9263C
:1080D000E151DA22DE50DE10DE10DE10D8A473EF9C
:1080E000C0F075EFC0F07BEFC0F0000EF76F030E2D
:1080F000F66F9DEFC0F0DCC5CEF5DDC5CFF5E60E21
:10810000E06F050EE16FD890F835D96EF935DA6E6B
:10811000D890D936DA36E051D926E151DA22DEC4D8
:10812000D0F5DEC4D1F5DEC4D2F5DEC4D3F57CECE7
:10813000B0F0CEC5F6F5CFC5F7F50501DE51DF117C
:10814000D8A4A5EFC0F0A7EFC0F0FAEFBFF0F75149
:1081500009E1020EF65DD8A0B0EFC0F0B2EFC0F0BA
:10816000FAEFBFF0F84BF92BF95109E1040EF85D75
:10817000D8A0BDEFC0F0BFEFC0F05AEFC0F0FAEFEB
:10818000BFF012008AEFC1F055C61EF556C61FF5A6
:1081900012ECDAF055C607F556C608F5A0ECF6F075
:1081A000B4EFC1F055C607F556C608F5DEECF6F09B
:1081B00055C607F556C608F5A0ECF6F0B4EFC1F0C9
:1081C00055C607F556C608F5A6ECDDF007500810B1
:1081D000D8B4EDEFC0F0EFEFC0F0F7EFC0F055C648
:1081E00007F556C608F58AECF6F0B4EFC1F055C6AF
:1081F00007F556C608F5A0ECF6F0B4EFC1F055C689
:1082000007F556C608F5ABECF6F0B4EFC1F055C66D
:108210000AF556C60BF53DECF0F00A500B10D8B439
:1082200014EFC1F016EFC1F018EFC1F0B4EFC1F0D8
:1082300055C64DF656C64EF66CECE7F006014D51AC
:108240004E11D8B426EFC1F028EFC1F0F7EFC0F01F
:1082500055C607F556C608F574ECF6F0B4EFC1F054
:1082600055C607F556C608F5B6ECF6F0B4EFC1F002
:1082700055C60AF556C60BF53DECF0F00A500B104A
:10828000D8B445EFC1F047EFC1F049EFC1F0B4EF0A
:10829000C1F055C649F656C64AF656ECE9F0060155
:1082A00049514A11D8B457EFC1F059EFC1F0F7EF77
:1082B000C0F055C607F556C608F569ECF6F0B4EF00
:1082C000C1F055C60AF556C60BF53DECF0F00A5064
:1082D0000B10D8B46EEFC1F070EFC1F072EFC1F0C7
:1082E000B4EFC1F055C64DF656C64EF6E1ECD4F0EB
:1082F00006014D514E11D8B480EFC1F082EFC1F0AC
:10830000F7EFC0F055C607F556C608F57FECF6F056
:10831000B4EFC1F0060120EE02F05551D9265651B6
:10832000DA22DF50000AD8B4C4EFC0F0010AD8B492
:10833000D2EFC0F0030AD8B4E0EFC0F0010AD8B41D
:10834000FFEFC0F0070AD8B407EFC1F0010AD8B4B4
:1083500030EFC1F00D0AD8B438EFC1F0010AD8B43B
:1083600061EFC1F0F7EFC0F0120076EFC2F055EC0C
:10837000F3F007500701466F9AEFC2F04651C1EC87
:10838000F6F09AEFC2F056505710D8A4CAEFC1F0D9
:10839000CDEFC1F0010ECEEFC1F0000E466F9AEFA7
:1083A000C2F05A0E05016D6F1B0E6E6F46C76FF55A
:1083B000706B49C707F54AC708F547C709F548C7AD
:1083C0000AF5EEECF4F007C50FF508C510F509C580
:1083D00011F50AC512F56DC513F56EC514F56FC517
:1083E00015F570C516F505ECE6F004EFC2F06DC5A5
:1083F000D9F46EC5DAF4DF50C1ECF6F005016D4B2F
:108400006E2B6F07D8A0700705016F517011D8A4AB
:108410000CEFC2F00EEFC2F0F7EFC1F09AEFC2F02E
:1084200056505710D8B417EFC2F019EFC2F01BEF37
:10843000C2F0B7EFC1F0466B9AEFC2F046C76CF5D9
:1084400005016C5107ECF6F00701466F9AEFC2F098
:108450005A0E05016D6F1B0E6E6F6DC507F56EC56B
:1084600008F546C709F5A4ECE9F007C56FF508C59E
:1084700070F56FC546F705016F517011D8B443EF21
:10848000C2F045EFC2F09AEFC2F049C707F54AC7FC
:1084900008F547C709F548C70AF5EEECF4F007C53B
:1084A0000FF508C510F509C511F50AC512F56DC51A
:1084B00013F56EC514F56FC515F570C516F5BBEC53
:1084C000E6F09AEFC2F0436B000E416F010E406F71
:1084D0009AEFC2F0500E0501606FFA0E616F45C74A
:1084E00062F5636B7FECF5F09AEFC2F0070145513E
:1084F000010AD8B4B7EFC1F0030AD8B4BEEFC1F097
:10850000010AD8B4C3EFC1F0070AD8B4D1EFC1F063
:108510000D0AD8B410EFC2F0030AD8B41EEFC2F0AF
:10852000010AD8B428EFC2F0F40AD8B463EFC2F05D
:108530006AEFC2F00701456B120001ECF7F0830E01
:108540000501606FF40E616F7FECF5F0770E0601A8
:10855000FA6FFE0EFB6F7CC707F57DC708F57AC77B
:1085600009F57BC70AF5EEECF4F007C5FCF608C583
:10857000FDF609C5FEF60AC5FFF622ECCAF0FAC6FA
:10858000CBF7FBC6CCF70701CB51CC11D8A4CBEF6E
:10859000C2F0CDEFC2F037EFC3F0AD0E0501606F52
:1085A000070E616FC70E626FFF0E636FBD0E646FC3
:1085B000080E656F410E666FFF0E676FBAECF2F042
:1085C000AD0E0601FA6F070EFB6F74C707F575C78E
:1085D00008F570C709F571C70AF5EEECF4F007C5A8
:1085E000FCF608C5FDF609C5FEF60AC5FFF622EC45
:1085F000CAF0FAC6CBF7FBC6CCF70701CB51CC11BA
:10860000D8A405EFC3F007EFC3F037EFC3F0AD0E0A
:108610000501606F070E616FC70E626FFF0E636F1B
:10862000BD0E646F080E656F840E666FFE0E676F79
:10863000BAECF2F0AD0E0601FA6F070EFB6F74C7CD
:1086400007F575C708F572C709F573C70AF5EEECAB
:10865000F4F007C5FCF608C5FDF609C5FEF60AC527
:10866000FFF622ECCAF0FAC6CBF7FBC6CCF707013F
:10867000CB51CC11D8B43FEFC3F041EFC3F04FEF73
:10868000C3F01A0E0501606FFA0E616F7FECF5F012
:10869000000E0701AC6F010EAB6F81EFC3F06A51A2
:1086A0006B11D8A456EFC3F058EFC3F060EFC3F0DE
:1086B00070C762F771C763F774C764F775C765F76A
:1086C0007CC707F57DC708F57AC709F57BC70AF5AA
:1086D000EEECF4F007C50FF508C510F509C511F566
:1086E0000AC512F5620E136E070E146E000E166E9A
:1086F000040E156EBBECE6F0000E0701AC6F000E29
:10870000AB6F1200000E0F6EF50E106E070E116E9D
:10871000000E126E610E136E060E146E000E166EB3
:108720000C0E156E05ECE6F006016151D8B49BEF16
:10873000C3F09DEFC3F0A5EFC3F0610E1E6E060EF1
:108740001F6E96ECD3F04CEFC4F05A0E5F6F1B0E09
:10875000606F6B51576F6C51586F596B5A6B040EA9
:10876000D8905737583759375A37E82EB0EFC3F0FB
:10877000695157255B6F6A5158215C6F000E592172
:108780005D6F000E5A215E6F5BC60FF55CC610F57B
:108790005DC611F55EC612F55FC613F560C614F529
:1087A000000E166E160E156E05ECE6F022EFC4F004
:1087B0005FC61EF560C61FF538ECCDF03AEFC4F089
:1087C0005FC609F560C60AF5F0ECF6F03AEFC4F0C2
:1087D0005FC626F560C627F502D8FAEFC3F005009C
:1087E000FA6E07011651FD6E1751FE6E1851FF6E9D
:1087F000FA5012003AEFC4F05FC61EF560C61FF5CE
:1088000074ECCCF03AEFC4F05FC655F660C656F68D
:10881000C2ECC0F03AEFC4F020EE03F05F51D9266D
:108820006051DA22030EDE6E810EDD6EAA0E0501A6
:10883000606FF90E616F61C662F5636B7FECF5F0F6
:108840003AEFC4F006016751100AD8B4D8EFC3F06C
:10885000300AD8B4E0EFC3F0100AD8B4E8EFC3F0A0
:10886000700AD8B4FCEFC3F0100AD8B404EFC4F017
:108870000CEFC4F05BC60FF55CC610F55DC611F5D4
:108880005EC612F55FC613F560C614F5000E166ECF
:10889000160E156EBBECE6F0000E0F6EF50E106EA8
:1088A000070E116E000E126E610E136E060E146E20
:1088B000000E166E020E156EBBECE6F012000701FC
:1088C0004D51040D420EF324D96E080EF420DA6ED9
:1088D000DEC450F6DDC451F6DDECD7F00501FD51E4
:1088E000FE11D8B476EFC4F078EFC4F07DEFC4F099
:1088F00006014769486939EFC5F053C707F554C702
:1089000008F551C709F552C70AF5EEECF4F007C5B2
:108910004CF608C54DF609C54EF60AC54FF64CC6CD
:108920000FF54DC610F54EC611F54FC612F5800E67
:10893000136E090E146E000E166E800E156E05EC89
:10894000E6F007010251D8B4A8EFC4F0AAEFC4F0D2
:10895000E2EFC4F00351D8B4B0EFC4F0B2EFC4F00A
:10896000E2EFC4F04DC749F6010E06014A6F000E52
:108970004B6F492BBFEFC4F0D8904A374B37492F84
:10898000BCEFC4F00701045106014A170701055165
:1089900006014B174A514B11D8A4D1EFC4F0D3EFC5
:1089A000C4F0E2EFC4F0CD0E0501876FFF0E886FB3
:1089B000800E896F090E8A6F000E8C6F800E8B6F90
:1089C00009ECEDF050C60FF651C610F6800E060108
:1089D000116F090E126F000E146F800E136F530E7D
:1089E000156F060E166F71EC85F00601526F52512D
:1089F000D8A4FDEFC4F0FFEFC4F009EFC5F0800E7E
:108A000053195411D8B407EFC5F009EFC5F019EFA9
:108A1000C5F0130E0501606FF90E616F52C662F565
:108A2000636B53C664F554C665F57FECF5F078EFDB
:108A3000C4F050C6CEF551C6CFF5BAECBCF0060175
:108A4000526F5251D8B427EFC5F029EFC5F035EF7A
:108A5000C5F0DD0E0501606FFC0E616F52C662F558
:108A6000636B7FECF5F078EFC4F0000E486F000EFA
:108A7000476F12005950040D2E0EF324D96E080EC4
:108A8000F420DA6EDEC444F6DDC445F63FC6FDF5DB
:108A900040C6FEF54AECE5F00501FD51FE11D8B4E3
:108AA00054EFC5F056EFC5F05BEFC5F006013F6926
:108AB00040690FEFC6F02AC707F52BC708F52CC78A
:108AC00009F52DC70AF5EEECF4F007C50FF508C55A
:108AD00010F509C511F50AC512F55A0E136E190ED7
:108AE000146E020E166E000E156E05ECE6F0070110
:108AF0000251D8B47EEFC5F080EFC5F0B8EFC5F0F5
:108B00000351D8B486EFC5F088EFC5F0B8EFC5F0D3
:108B100059C541F6010E0601426F000E436F412B0D
:108B200095EFC5F0D89042374337412F92EFC5F00B
:108B300007010451060142170701055106014317B9
:108B400042514311D8A4A7EFC5F0A9EFC5F0B8EF83
:108B5000C5F0CD0E0501876FFF0E886F5A0E896F25
:108B6000190E8A6F020E8C6F000E8B6F09ECEDF000
:108B700044C60FF645C610F65A0E0601116F190EBF
:108B8000126F020E146F000E136F470E156F060E54
:108B9000166F71EC85F00601466F4651D8A4D3EFED
:108BA000C5F0D5EFC5F0DFEFC5F0020E481947114B
:108BB000D8B4DDEFC5F0DFEFC5F0EFEFC5F0130E71
:108BC0000501606FF90E616F46C662F5636B47C6BB
:108BD00064F548C665F57FECF5F056EFC5F044C680
:108BE000CEF545C6CFF5BAECBCF00601466F46514E
:108BF000D8B4FDEFC5F0FFEFC5F00BEFC6F0DD0E0A
:108C00000501606FFC0E616F46C662F5636B7FEC19
:108C1000F5F056EFC5F0000E406F000E3F6F1200EA
:108C2000040E0601356F29C6D9F42AC6DAF4DEC46B
:108C300031F6DDC432F6BDEFC6F031C6C3F532C63B
:108C4000C4F520EE16F02951D9262A51DA22DEC4C5
:108C5000C5F5DEC4C6F5DEC4C7F5DEC4C8F5BAEC9A
:108C6000E3F00601356F3551D8B439EFC6F03BEF6C
:108C7000C6F03DEFC6F0CEEFC6F020EE1AF0295157
:108C8000D9262A51DA22DEC42DF6DDC42EF62DC6F1
:108C9000D9F42EC6DAF4DF50346F3451D8A453EF30
:108CA000C6F055EFC6F059EFC6F0040E356FCEEFA3
:108CB000C6F020EE1AF02951D9262A51DA2210EEF8
:108CC0000BF0DE50E126DD50E222E7503F0B336F20
:108CD00020EE04F02951D9262A51DA2233C6DFF4D6
:108CE000E50E3419D8B477EFC6F079EFC6F0A7EFE8
:108CF000C6F02E0E3419D8B480EFC6F082EFC6F05D
:108D0000A7EFC6F00F0E3319D8B489EFC6F08BEF7A
:108D1000C6F0A7EFC6F03351DF0B080AD8B493EFC3
:108D2000C6F096EFC6F0010E97EFC6F0000E2D6F5D
:108D30002E6B2B512D1907E12C512E19D8A4A3EF1E
:108D4000C6F0A5EFC6F0A7EFC6F0CEEFC6F029C675
:108D50000FF62AC610F6000E126F000E116F45ECCA
:108D6000A4F00601356F3551D8B4B9EFC6F0BBEFAA
:108D7000C6F0BDEFC6F0CEEFC6F020EE16F02951DA
:108D8000D9262A51DA22DE50DE10DE10DE10D8A4F9
:108D9000CCEFC6F0CEEFC6F01DEFC6F03551D8B41B
:108DA000D4EFC6F0D6EFC6F0E0EFC6F020EE16F036
:108DB0002951D9262A51DA22DE6ADE6ADE6ADD6AA4
:108DC000355112000601806F06018051D8B4EBEFD7
:108DD000C6F0EDEFC6F0F0EFC6F0020EB3EFC7F04D
:108DE000000E05018B6F000E8C6F000E8D6F000E54
:108DF0008E6F010E906F800E8F6F000E916F060EBA
:108E0000926F000E946F800E936F61ECB3F00501CA
:108E10008B518C11D8B40FEFC7F011EFC7F013EFDF
:108E2000C7F0EDEFC6F0550E06017E19D8A41BEF72
:108E3000C7F01DEFC7F028EFC7F0AA0E7F19D8B40E
:108E400024EFC7F026EFC7F02AEFC7F0EDEFC6F02A
:108E5000EDEFC6F04205D8B430EFC7F032EFC7F0FF
:108E600061EFC7F0040E4219D8B439EFC7F03BEFF9
:108E7000C7F061EFC7F0060E4219D8B442EFC7F051
:108E800044EFC7F061EFC7F00B0E4219D8B44BEFB7
:108E9000C7F04DEFC7F061EFC7F00C0E4219D8B420
:108EA00054EFC7F056EFC7F061EFC7F00E0E42194E
:108EB000D8B45DEFC7F05FEFC7F061EFC7F0EDEF3B
:108EC000C6F049510701DB6FDC6BDD6BDE6B060121
:108ED0004851DBC7A9F5DCC7AAF5DDC7ABF505012D
:108EE000A86BA8110701DB6F0501A9510701DC6F11
:108EF0000501AA510701DD6F0501AB510701DE6FC6
:108F000006014751DBC7A9F5DCC7AAF5DDC7ABF5FC
:108F10000501A86BA8110701DB6F0501A951070125
:108F2000DC6F0501AA510701DD6F0501AB51070197
:108F3000DE6F06014651DBC7A9F5DCC7AAF5DDC720
:108F4000ABF50501A86BA8110701DB6F0501A9515D
:108F50000701DC6F0501AA510701DD6F0501AB5167
:108F60000701DE6F000E1200010E296E26BEBBEF58
:108F7000C7F0BEEFC7F0010EBFEFC7F0000E2C6EBA
:108F800054C52AF555C52BF52C50D8B4CAEFC7F0F7
:108F9000CCEFC7F0E3EFC7F02A06D8A02B062C5081
:108FA000D8A4D5EFC7F0D7EFC7F0DDEFC7F0000EBC
:108FB000286E2B0E276EE1EFC7F0000E286E2D0EE7
:108FC000276E27C52CF5000E2E6E1F0E2D6E080184
:108FD000B36B2DEFC8F02D06D8A02E06940E2D24CD
:108FE000D96E080E2E20DA6E23C507F524C508F5C4
:108FF00025C509F526C50AF50A0E0B6E000E0C6E86
:10900000000E0D6E000E0E6E83ECDFF007C511F53D
:1090100008C512F525ECF5F01150300FDF6E296A06
:109020002A06D8A02B0623C507F524C508F525C5B3
:1090300009F526C50AF50A0E0B6E000E0C6E000E21
:109040000D6E000E0E6E22ECDBF007C523F508C591
:1090500024F509C525F50AC526F52EBE38EFC8F05A
:109060002E5008E12D04D8A038EFC8F03AEFC8F030
:1090700061EFC8F02350241025102610D8A443EF28
:10908000C8F045EFC8F0EBEFC7F02950D8A44BEF7C
:10909000C8F04DEFC8F0EBEFC7F02BBE58EFC8F0AB
:1090A0002B5008E12A04D8A058EFC8F05AEFC8F0B6
:1090B00061EFC8F058B25FEFC8F061EFC8F0EBEFB6
:1090C000C7F02C50D8B467EFC8F069EFC8F074EF60
:1090D000C8F02D06D8A02E06940E2D24D96E080EA9
:1090E0002E20DA6E2CC5DFF421C518F522C519F53E
:1090F000940E2D241A6E080E2E201B6E2AC51CF508
:109100002BC51DF5B9ECE8F012001068116807C511
:10911000D9F408C5DAF4DEC412F5DDC413F512C5BE
:109120000DF513C50EF512501310D8A49AEFC8F020
:109130009CEFC8F0A0EFC8F00768086853EFC9F0CB
:109140000DC5F6F40EC5F7F4000EF86E3F0EF76489
:1091500003D00800F55005D0F6C4E9F4F7C4EAF4EA
:10916000EF500F6E0D4A0E2A200E0F64BAEFC8F0B2
:10917000BCEFC8F0C5EFC8F03A0E0F18D8A4C3EF83
:10918000C8F0C5EFC8F0A0EFC8F03A0E0F18D8A489
:10919000CCEFC8F0CEEFC8F04FEFC9F0000E0C6E68
:1091A000010E0B6E12C5F6F413C5F7F4000EF86E3F
:1091B0003F0EF76403D00800F55005D0F6C4E9F47B
:1091C000F7C4EAF4EF50096E2F0E0964EAEFC8F015
:1091D000ECEFC8F030EFC9F012C5F6F413C5F7F4A0
:1091E000000EF86E3F0EF76403D00800F55005D06E
:1091F000F6C4E9F4F7C4EAF4EF50096E3A0E0960D8
:1092000004EFC9F006EFC9F030EFC9F0020E1224E6
:10921000096E000E13200A6E0D50091807E10E505A
:109220000A18D8A416EFC9F018EFC9F030EFC9F04A
:1092300012C5F6F413C5F7F4000EF86E3F0EF7648E
:1092400003D00800F55005D0F6C4E9F4F7C4EAF4F9
:10925000EF50096ED00E09240B6E0C6AFF0E0C2223
:109260000CBE3DEFC9F00C5006E10B04D8B03BEF4B
:10927000C9F03DEFC9F049EFC9F00BC510F50CC5B9
:1092800011F507C5D9F408C5DAF40DC5DEF40EC52D
:10929000DDF410C507F511C508F553EFC9F0000E50
:1092A000086E000E076E1200536A050120EE04F0EE
:1092B000B151D926B251DA22DF50D8B462EFC9F0E9
:1092C00064EFC9F020EFCAF0300EB125A66F000E92
:1092D000B221A76F20EE2CF0B151D926B251DA227B
:1092E000DEC4A8F5DEC4A9F5DEC4AAF5DEC4ABF57C
:1092F000000EAD6F010EAC6F20EE01F0B151D9261A
:10930000B251DA22DF50F1ECE9F00009D8A48BEF7A
:10931000C9F08DEFC9F01EEFCAF0050120EE04F090
:10932000B151D926B251DA22DF6A20EE18F0B151DC
:10933000D926B251DA2210EE20F0B151E126B25115
:10934000E222E6C4B7F5E6C4B8F5E6C4B9F5E6C46A
:10935000BAF510EE2CF0B151E126B251E222E6C48A
:10936000BBF5E6C4BCF5E6C4BDF5E6C4BEF5B75131
:10937000BB5DBF6FB851BC59C06FB951BD59C16F0A
:10938000BA51BE59C26FDE50BF5DDE50C059DE50CB
:10939000C159DE50C259D8B0D0EFC9F0D2EFC9F0F0
:1093A00020EFCAF020EE03F0B151D926B251DA22F3
:1093B000020EDE18D8A4DFEFC9F0E1EFC9F020EF0C
:1093C000CAF0300EB125A66F000EB221A76F20EEB5
:1093D00018F0B151D926B251DA22DEC4B3F5DEC499
:1093E000B4F5DEC4B5F5DEC4B6F520EE2CF0B1510F
:1093F000D926B251DA22DEC4B7F5DEC4B8F5DEC430
:10940000B9F5DEC4BAF5B351B725A86FB451B82188
:10941000A96FB551B921AA6FB651BA21AB6F000E31
:10942000AD6F010EAC6F20EE01F0B151D926B251F3
:10943000DA22DF50F1ECE9F020EFCAF0010E536EB2
:10944000535012005A0E0701A26F1B0EA36F800E1D
:109450000501606F070E616FCA0E626FFF0E636FCA
:10946000FAC664F5FBC665F5BAECF2F0380E0601F3
:10947000AA6F150EAB6F800EAC6F070EAD6F010EAD
:10948000AE6FA0EC91F00701AA6FAA51D8B44BEFD0
:10949000CAF04DEFCAF053EFCAF0AAC7FAF60601B8
:1094A000FB6BE7EFCAF0FCC69EF7FDC69FF7FEC652
:1094B000A0F7FFC6A1F7650008F528F765000CF5D1
:1094C00029F728C7A6F729C7A7F7020EA56F000E30
:1094D000A46FB6EFCAF0380E0501E86F150EE96FFC
:1094E000A2C7EAF5A3C7EBF5A4C7ECF5A5C7EDF550
:1094F000A80EEE6F070EEF6FC6EC8DF00701AA6F96
:10950000AA51D8A486EFCAF088EFCAF0BFEFCAF01C
:109510009EC70FF59FC710F5A0C711F5A1C712F59B
:10952000A2C713F5A3C714F5A8C715F5A9C716F563
:10953000BBECE6F00701A8519E27A9519F23000E1E
:10954000A023000EA123A851A65FA951A75BA45197
:10955000A65DA551A759D8B0B0EFCAF0B2EFCAF0D6
:10956000B6EFCAF0A6C7A4F7A7C7A5F7A651A711DB
:10957000D8A4BDEFCAF0BFEFCAF06BEFCAF0AA5192
:10958000D8A4C5EFCAF0C7EFCAF0DEEFCAF0DA0E12
:109590000501606FF70E616FFAC662F5FBC663F5F1
:1095A000FCC664F5FDC665F5FEC666F5FFC667F543
:1095B00028C768F529C769F57FECF5F0380E050175
:1095C000D96F150EDA6FC2ECF1F04DEFCAF0120050
:1095D000FDC5D9F4FEC5DAF4DEC42BF6DDC42CF6E5
:1095E000FDC5E8F5FEC5E9F5000E0501EA6F000EC0
:1095F000EB6F000EEC6F000EED6F50ECA8F0060163
:109600002E6F2E51D8B407EFCBF009EFCBF00DEF52
:10961000CBF006012E51ADEFCBF02BC6C3F52CC617
:10962000C4F5050120EE16F0FD51D926FE51DA22CF
:10963000DEC4C5F5DEC4C6F5DEC4C7F5DEC4C8F5B4
:10964000BAECE3F006012E6F2E51D8B42AEFCBF01E
:109650002CEFCBF02EEFCBF009EFCBF0050120EE95
:109660001AF0FD51D926FE51DA22DEC429F6DDC4F6
:109670002AF629C6D9F42AC6DAF4DF5006012D6F7E
:109680002D51D8A446EFCBF048EFCBF04CEFCBF008
:10969000040E2E6F09EFCBF0050120EE04F0FD5112
:1096A000D926FE51DA2210EE1AF0FD51E126FE51C4
:1096B000E22200EE0BF0E650E926E550EA22EF50F8
:1096C0003F0BDF6E20EE1AF0FD51D926FE51DA2253
:1096D00010EE0BF0DE50E126DD50E222E7B673EF2C
:1096E000CBF075EFCBF096EFCBF020EE1AF0FD51FA
:1096F000D926FE51DA22DEC407F5DDC408F51C0EBA
:10970000FD25096E000EFE210A6E000E0C6E0B0E7A
:109710000B6E87ECE2F007500810D8A492EFCBF064
:1097200094EFCBF096EFCBF009EFCBF0FDC50FF641
:10973000FEC510F6000E0601126F000E116F45EC0B
:10974000A4F006012E6F2E51D8B4A9EFCBF0ABEFE9
:10975000CBF00DEFCBF009EFCBF012005950040D18
:109760002E0EF324D96E080EF420DA6EDEC448F60D
:10977000DDC449F63FC6FDF540C6FEF54AECE5F00E
:109780000501FD51FE11D8B4C8EFCBF0CAEFCBF004
:10979000CFEFCBF006013F69406973EFCCF048C6CC
:1097A000E8F549C6E9F541C6EAF542C6EBF5020E11
:1097B000ED6F000EEC6F4B0EEE6F060EEF6FC6EC0A
:1097C0008DF006014A6F4A51D8A4E9EFCBF0EBEFD8
:1097D000CBF0F5EFCBF0020E4C194B11D8B4F3EFF0
:1097E000CBF0F5EFCBF005EFCCF0330E0501606F59
:1097F000F90E616F4AC662F5636B4BC664F54CC6E1
:1098000065F57FECF5F0CAEFCBF007010151D8B454
:109810000CEFCCF00EEFCCF048EFCCF00351D8B405
:1098200014EFCCF016EFCCF048EFCCF059C545F66C
:10983000010E0601466F000E476F452B23EFCCF05B
:10984000D89046374737452F20EFCCF00701045119
:1098500006014617070105510601471746514711F2
:10986000D8A435EFCCF037EFCCF048EFCCF0CD0EEC
:109870000501876FFF0E886F41C689F542C68AF5DC
:10988000020E8C6F000E8B6F09ECEDF06EEFCCF0DA
:10989000060143514411D8B450EFCCF052EFCCF054
:1098A0006EEFCCF02AC707F52BC708F52CC709F5D2
:1098B0002DC70AF5EEECF4F007C50FF508C510F555
:1098C00009C511F50AC512F541C613F542C614F5CE
:1098D000020E166E000E156EBBECE6F0000E0601D1
:1098E000406F000E3F6F12005A0E246E1C0E256E44
:1098F00020EE10F01E50D9261F50DA22DEC407F5E4
:10990000DDC408F520EE0EF01E50D9261F50DA22D5
:10991000DEC409F5DDC40AF5EEECF4F007C520F568
:1099200008C521F509C522F50AC523F516EFCDF0C6
:109930001EC507F51FC508F5ABECF6F037EFCDF007
:1099400055ECF3F0075024C5D9F425C5DAF4DF6EE1
:1099500020C50FF521C510F522C511F523C512F557
:1099600024C513F525C514F5000E166E010E156EEF
:10997000BBECE6F01EC507F51FC508F5A0ECF6F038
:1099800037EFCDF056505710D8B4C9EFCCF0CBEF2D
:10999000CCF0E2EFCCF0000E07013C25D96E090EA9
:1099A0003D21DA6E10EE0DF01E50E1261F50E2222E
:1099B000DFC4E7F41EC507F51FC508F5A0ECF6F0F7
:1099C00037EFCDF01EC507F51FC508F5B6ECF6F06C
:1099D00037EFCDF0D69E000E07013F6F000E3E6FB1
:1099E000000E3D6F000E3C6F000E576E000E566E5F
:1099F000D68EDAEFCCF020C50FF521C510F522C5C3
:109A000011F523C512F524C513F525C514F5000E6F
:109A1000166E010E156E05ECE6F024C5D9F425C5C9
:109A2000DAF4DF50C1ECF6F0DAEFCCF020EE02F021
:109A30001E50D9261F50DA22DF50030AD8B498EFFF
:109A4000CCF0070AD8B4A0EFCCF0010AD8B4C2EF2A
:109A5000CCF0020AD8B4EAEFCCF00F0AD8B4FBEF8E
:109A6000CCF0010AD8B4FBEFCCF0DAEFCCF0120066
:109A70005A0E246E1C0E256E20EE10F01E50D926B4
:109A80001F50DA22DEC407F5DDC408F520EE0EF023
:109A90001E50D9261F50DA22DEC409F5DDC40AF5AE
:109AA000EEECF4F007C520F508C521F509C522F54F
:109AB0000AC523F5DAEFCDF01EC507F51FC508F579
:109AC000ABECF6F0FBEFCDF030ECF3F0075024C533
:109AD000D9F425C5DAF4DF6E20C50FF521C510F5E0
:109AE00022C511F523C512F524C513F525C514F5B6
:109AF000000E166E010E156EBBECE6F01EC507F5E6
:109B00001FC508F5A0ECF6F0FBEFCDF007013651CC
:109B10003711D8B48EEFCDF090EFCDF0A6EFCDF0A9
:109B2000000E3825D96E0A0E3921DA6E10EE0DF0CE
:109B30001E50E1261F50E222DFC4E7F41EC507F5E0
:109B40001FC508F5A0ECF6F0FBEFCDF01EC507F53C
:109B50001FC508F5B6ECF6F0FBEFCDF0AB90000EAC
:109B600007013B6F000E3A6F000E396F000E386F21
:109B7000000E376F000E366FAB809EEFCDF020C524
:109B80000FF521C510F522C511F523C512F524C521
:109B900013F525C514F5000E166E010E156E05ECB5
:109BA000E6F024C5D9F425C5DAF4DF5095ECF6F0DB
:109BB0009EEFCDF020EE02F01E50D9261F50DA2283
:109BC000DF50030AD8B45CEFCDF0070AD8B464EFD5
:109BD000CDF0010AD8B486EFCDF0020AD8B4AEEFCA
:109BE000CDF00F0AD8B4BFEFCDF0010AD8B4BFEF63
:109BF000CDF09EEFCDF012000601AA51AB11D8A412
:109C000004EFCEF006EFCEF009EFCEF0090EBCEF78
:109C1000CEF0AC0E0501FA6F060EFB6FAE0EFC6FB8
:109C2000060EFD6F000EFE6F00EC80F00601B06FB7
:109C3000B051D8A41EEFCEF020EFCEF0ADEFCEF0B5
:109C4000AAC6D9F4ABC6DAF4AEC6DEF4AFC6DDF40C
:109C5000AAC62FF6ABC630F6ACC631F6ADC632F6A4
:109C60009FECBAF00601B06FB051D8A43AEFCEF035
:109C70003CEFCEF0A2EFCEF020EE27F0AA51D9268D
:109C8000AB51DA22DFBE47EFCEF049EFCEF079EFED
:109C9000CEF020EE04F0AA51D926AB51DA22DFA88B
:109CA00054EFCEF056EFCEF077EFCEF0AEC60EF515
:109CB000AFC60FF520EE1AF0AA51D926AB51DA2221
:109CC000DEC410F5DDC411F58BECEDF0060120EEDD
:109CD00006F0AA51D926AB51DA220EC5DEF40FC523
:109CE000DEF410C5DEF411C5DEF479EFCEF0050E1A
:109CF000B06FB051D8A47FEFCEF081EFCEF0A2EFDD
:109D0000CEF020EE06F0AE51D926AF51DA2210EE99
:109D100002F0AA51E126AB51E222DEC4E6F4DDC432
:109D2000E5F4AAC6E8F5ABC6E9F5000E0501EA6F51
:109D3000000EEB6F000EEC6F000EED6F50ECA8F014
:109D40000601B06F040EB019D8A4A9EFCEF0ABEFA6
:109D5000CEF0ADEFCEF0050EB06FB051D8B4B3EF8A
:109D6000CEF0B5EFCEF0BBEFCEF0AAC6D9F4ABC6BD
:109D7000DAF4DE6ADD6AB051120007014D51040DBC
:109D8000420EF324D96E080EF420DA6EDEC450F6CB
:109D9000DDC451F6DDECD7F00501FD51FE11D8B45C
:109DA000D4EFCEF0D6EFCEF0DBEFCEF00601476970
:109DB00048697DEFCFF050C6E8F551C6E9F5800E51
:109DC000EA6F090EEB6F000EED6F800EEC6F530E15
:109DD000EE6F060EEF6FC6EC8DF00601526F52511A
:109DE000D8A4F5EFCEF0F7EFCEF001EFCFF0800E74
:109DF00053195411D8B4FFEFCEF001EFCFF011EFAB
:109E0000CFF0330E0501606FF90E616F52C662F537
:109E1000636B53C664F554C665F57FECF5F0D6EF79
:109E2000CEF007010151D8B418EFCFF01AEFCFF000
:109E300054EFCFF00351D8B420EFCFF022EFCFF0A2
:109E400054EFCFF04DC749F6010E06014A6F000EE0
:109E50004B6F492B2FEFCFF0D8904A374B37492F14
:109E60002CEFCFF00701045106014A1707010551F5
:109E700006014B174A514B11D8A441EFCFF043EFE5
:109E8000CFF054EFCFF0CD0E0501876FFF0E886F36
:109E9000800E896F090E8A6F000E8C6F800E8B6F9B
:109EA00009ECEDF078EFCFF053C707F554C708F58C
:109EB00051C709F552C70AF5EEECF4F007C54CF6A8
:109EC00008C54DF609C54EF60AC54FF64CC60FF546
:109ED0004DC610F54EC611F54FC612F5800E136E25
:109EE000090E146E000E166E800E156EBBECE6F0B9
:109EF000000E0601486F000E476F120072C587F50D
:109F000073C588F50F0E05017425516E000E75217D
:109F1000526EF00E5114746FFF0E5214756F000ED6
:109F20008A6F000E896F2BEFD0F00F0E8915516EDE
:109F3000000E8A15526E51505210D8A4A2EFCFF0E5
:109F4000A4EFCFF0BAEFCFF0680E606FFF0E616F35
:109F50006CC562F56DC563F589516E25646F8A51D4
:109F60006F21656F000E7021666F000E7121676FA3
:109F70007FECF5F0BB0E0501606FFF0E616F89513C
:109F80008725D96E8A518821DA6EDF50516E515083
:109F9000626F636B7FECF5F0050189518725D96EFF
:109FA0008A518821DA6E1F0EDF64D9EFCFF0DBEF24
:109FB000CFF0FFEFCFF089518725D96E8A518821E4
:109FC000DA6E7F0EDF60E7EFCFF0E9EFCFF0FFEF63
:109FD000CFF089518725D96E8A518821DA6E0F0E0C
:109FE0008915516E000E8A15526E760E5124E16E5F
:109FF000050E5220E26EDFC4E7F40DEFD0F00F0E35
:10A000008915516E000E8A15526E760E5124D96E46
:10A01000050E5220DA6E2E0EDF6E0F0E8915516E70
:10A02000000E8A15526E0F0E51185210D8A41BEF55
:10A03000D0F01DEFD0F028EFD0F0866BAF0E606F40
:10A04000FE0E616F760E626F050E636F7FECF5F0AA
:10A050000501894B8A2B7451895D75518A59D8A0A5
:10A0600034EFD0F036EFD0F095EFCFF0120013C5FB
:10A070001BF514C51CF51B501C10D8A442EFD0F0E2
:10A0800044EFD0F048EFD0F0AD0E1B6EFF0E1C6E0B
:10A09000000E1E6E000E1D6E50EFD0F01D4A1E2ADF
:10A0A0001D501B24156E1E501C20166E15C5F6F48F
:10A0B00016C5F7F4000EF86E3F0EF76403D00800E3
:10A0C000F55005D0F6C4E9F4F7C4EAF4EF500009FE
:10A0D000D8A46DEFD0F06FEFD0F04EEFD0F01DC5EB
:10A0E00017F51EC518F554C519F555C51AF558B01C
:10A0F0007CEFD0F07EEFD0F0BAEFD0F08CEFD0F064
:10A10000000E096E200E086E11C50AF512C50BF57A
:10A110001FECE4F01D4A1E2A19501D5C1E50800AD7
:10A12000156E1A50800A1558D8A099EFD0F09BEF01
:10A13000D0F080EFD0F0BAEFD0F01BC5F6F41CC51C
:10A14000F7F4000EF86E3F0EF76403D00800F550E8
:10A1500005D0F6C4E9F4F7C4EAF4EF50156E1550D3
:10A16000086E096A11C50AF512C50BF51FECE4F07B
:10A170001B4A1C2A1706D8A01806172806E118281B
:10A18000D8A4C5EFD0F0C7EFD0F09DEFD0F058A025
:10A19000CCEFD0F0CEEFD0F0EBEFD0F0DCEFD0F0A2
:10A1A000000E096E200E086E11C50AF512C50BF5DA
:10A1B0001FECE4F01D4A1E2A19501D5C1E50800A37
:10A1C000156E1A50800A1558D8A0E9EFD0F0EBEFC1
:10A1D000D0F0D0EFD0F012006EC583F56FC584F5D6
:10A1E0000F0E05017025516E000E7121526EF00E9A
:10A1F0005114706FFF0E5214716F000E866F000EB7
:10A20000856F91EFD1F00F0E8515516E000E8615FA
:10A21000526E51505210D8A410EFD1F012EFD1F07D
:10A2200020EFD1F0950E606FFF0E616F6CC562F587
:10A230006DC563F585C564F586C565F57FECF5F0FC
:10A24000BB0E0501606FFF0E616F85518325D96ECE
:10A2500086518421DA6EDF50516E5150626F636B0C
:10A260007FECF5F0050185518325D96E8651842157
:10A27000DA6E1F0EDF643FEFD1F041EFD1F065EFF2
:10A28000D1F085518325D96E86518421DA6E7F0EF7
:10A29000DF604DEFD1F04FEFD1F065EFD1F0855198
:10A2A0008325D96E86518421DA6E0F0E8515516E85
:10A2B000000E8615526E720E5124E16E050E52206C
:10A2C000E26EDFC4E7F473EFD1F00F0E8515516E27
:10A2D000000E8615526E720E5124D96E050E522054
:10A2E000DA6E2E0EDF6E0F0E8515516E000E86157E
:10A2F000526E0F0E51185210D8A481EFD1F083EF97
:10A30000D1F08EEFD1F0826BAF0E606FFE0E616FF9
:10A31000720E626F050E636F7FECF5F00501854BE1
:10A32000862B7051855D71518659D8A09AEFD1F076
:10A330009CEFD1F003EFD1F0120053C707F554C7DB
:10A3400008F551C709F552C70AF5EEECF4F007C558
:10A350002BF508C52CF509C52DF50AC52EF5070105
:10A3600030513111D8B4B7EFD1F0B9EFD1F031EFAE
:10A37000D2F0000E076E070E086E550E096E070E1E
:10A380000A6ED00EB4ECE1F0FF0AD8A4CAEFD1F007
:10A39000CCEFD1F0CFEFD1F0010E46EFD2F00701B4
:10A3A000555116ECF6F00701616F565116ECF6F0B8
:10A3B00007015E6F575116ECF6F007015F6F5951B8
:10A3C00016ECF6F0266E2650296E2A6A07015A51BD
:10A3D00016ECF6F0266E2650276E286A07015B51B0
:10A3E00016ECF6F0266E26502F6E306A305009E1DA
:10A3F000500E2F5CD8A0FFEFD1F001EFD2F007EFA5
:10A40000D2F06C0E2F26070E30220BEFD2F0D00EBA
:10A410002F26070E30222FC518F530C519F527C590
:10A420001AF528C51BF529C51CF52AC51DF548ECEC
:10A43000E1F018C55CF719C55DF72BC50FF52CC504
:10A4400010F52DC511F52EC512F55C0E136E070E15
:10A45000146E000E166E060E156EBBECE6F045EFA0
:10A46000D2F0A19E2BC50FF52CC510F52DC511F509
:10A470002EC512F55C0E136E070E146E000E166ECE
:10A48000060E156EBBECE6F0A18E000E1200C3C5E1
:10A49000B1F5C4C5B2F554ECC9F00009D8B453EF16
:10A4A000D2F055EFD2F058EFD2F0010EEEEFD2F02D
:10A4B000C3C520F5C4C521F5C5C522F5C6C523F51C
:10A4C000C7C524F5C8C525F554ECE3F020C5CDF586
:10A4D00021C5CEF522C5CFF523C5D0F5050120EE67
:10A4E0002CF0C351D926C451DA22CDC5DEF4CEC535
:10A4F000DEF4CFC5DEF4D0C5DEF4300EC325076E22
:10A50000000EC421086E000E0A6E000E096E020EC7
:10A510000C6E000E0B6E9AECF4F0300E0501C325A4
:10A52000CB6F000EC421CC6F000ED26F010ED16F25
:10A53000000ED46F000ED36FA3EFD2F00501D151FE
:10A54000D327D251D42320EE0AF0C351D926C451C7
:10A55000DA22DE50D35DDE50D459D8B0B2EFD2F05B
:10A56000B4EFD2F0D9EFD2F0CBC5A6F5CCC5A7F5A4
:10A57000D351CD25A86FD451CE21A96F000ECF2184
:10A58000AA6F000ED021AB6FD1C5ACF5D2C5ADF529
:10A5900020EE01F0C351D926C451DA22DF50F1EC8C
:10A5A000E9F00009D8B4D7EFD2F0D9EFD2F09EEF9E
:10A5B000D2F0050120EE0AF0C351D926C451DA22A7
:10A5C000D351DE1807E1D451DE18D8A4EAEFD2F057
:10A5D000EDEFD2F0010EEEEFD2F0000E120029C620
:10A5E000D9F42AC6DAF4DEC42DF6DDC42EF629C667
:10A5F000E8F52AC6E9F5000E0501EA6F000EEB6FDB
:10A60000000EEC6F000EED6F50ECA8F00601316FFC
:10A610003151D8A40EEFD3F010EFD3F089EFD3F07F
:10A62000000E306F000E2F6F2DC6C3F52EC6C4F579
:10A6300020EE16F02951D9262A51DA22DEC4C5F5BA
:10A64000DEC4C6F5DEC4C7F5DEC4C8F5BAECE3F077
:10A650000601316F3151D8B430EFD3F032EFD3F07F
:10A6600034EFD3F089EFD3F020EE1AF02951D92638
:10A670002A51DA22DEC4FDF5DDC4FEF5FDC5D9F4AC
:10A68000FEC5DAF4E50EDE18D8B449EFD3F04BEF8F
:10A69000D3F061EFD3F020EE1AF02951D9262A51D8
:10A6A000DA22DEC4FDF5DDC4FEF5FDC5D9F4FEC534
:10A6B000DAF4DF50D8A45FEFD3F061EFD3F071EF9D
:10A6C000D3F02F4B302B2B512F1907E12C51301980
:10A6D000D8A46DEFD3F06FEFD3F075EFD3F089EF1F
:10A6E000D3F0000E306F000E2F6F29C60FF62AC66A
:10A6F00010F6000E126F010E116F45ECA4F006016A
:10A70000316F3151D8B487EFD3F089EFD3F014EF24
:10A71000D3F0040E3119D8A490EFD3F092EFD3F018
:10A7200094EFD3F0070E316F315112001BEFD4F0CC
:10A7300055ECF3F020EE01F01E50D9261F50DA221E
:10A7400007C5DFF436EFD4F020EE01F01E50D92615
:10A750001F50DA22DF50C1ECF6F036EFD4F020EED5
:10A7600001F01E50D9261F50DA2256505710D8A497
:10A77000BCEFD3F0BFEFD3F0010EC0EFD3F0000E6B
:10A78000DF6E36EFD4F05A0E216E1B0E226E20EED5
:10A7900001F01E50D9261F50DA22DF50206E2050C3
:10A7A000236E246A20EE04F01E50D9261F50DA22B0
:10A7B000DEC407F5DDC408F520EE02F01E50D926F0
:10A7C0001F50DA22DEC409F5DDC40AF5EEECF4F020
:10A7D00007C50FF508C510F509C511F50AC512F52D
:10A7E00021C513F522C514F523C515F524C516F5A5
:10A7F00005ECE6F008EFD4F021C5D9F422C5DAF46F
:10A80000DF50C1ECF6F0214A222A2306D8A0240604
:10A8100023502410D8A40FEFD4F011EFD4F0FCEFA4
:10A82000D3F036EFD4F00701436B000E416F010EF9
:10A83000406F36EFD4F01EC5D9F41FC5DAF4DF50EF
:10A84000010AD8B498EFD3F0030AD8B4A4EFD3F038
:10A85000010AD8B4AFEFD3F0070AD8B4C3EFD3F0EE
:10A86000FB0AD8B413EFD4F036EFD4F01EC5D9F4F8
:10A870001FC5DAF4DF6A1200010E2F6E54C530F5E1
:10A8800055C531F5780E2718D8B449EFD4F04BEF01
:10A89000D4F051EFD4F0000E2E6E410E2D6E55EF18
:10A8A000D4F0000E2E6E610E2D6E2DC52CF5000E0F
:10A8B000346E1F0E336E0801B36B9BEFD4F033067A
:10A8C000D8A0340623500F0B326E0A0E32606BEFA5
:10A8D000D4F06DEFD4F071EFD4F0300E322674EF77
:10A8E000D4F02C50F60F3226940E3324D96E080E75
:10A8F0003420DA6E32C5DFF42F6A3006D8A0310674
:10A9000023C528F524C529F525C52AF526C52BF527
:10A91000050E90EFD4F0D8902B322A32293228320B
:10A92000E82E8BEFD4F028C523F529C524F52AC5D8
:10A9300025F52BC526F534BEA7EFD4F0345009E138
:10A94000020E335CD8A0A7EFD4F0A9EFD4F0D0EF7B
:10A95000D4F02350241025102610D8A4B2EFD4F040
:10A96000B4EFD4F05FEFD4F02F50D8A4BAEFD4F006
:10A97000BCEFD4F05FEFD4F031BEC7EFD4F031506C
:10A9800008E13004D8A0C7EFD4F0C9EFD4F0D0EF7D
:10A99000D4F058B2CEEFD4F0D0EFD4F05FEFD4F0D3
:10A9A00021C518F522C519F5940E33241A6E080E28
:10A9B00034201B6E30C51CF531C51DF5B9ECE8F02F
:10A9C0001200060120EE14F04D51D9264E51DA2224
:10A9D000DEC42EF7DDC42FF720EE12F04D51D9263C
:10A9E0004E51DA22DEC451F6DDC452F675EFD5F0D1
:10A9F0004DC63FF64EC640F63AECC5F006013F5153
:10AA00004011D8B406EFD5F008EFD5F016EFD5F029
:10AA100020EE12F04D51D9264E51DA225151DE5E10
:10AA20005251DD5A4D694E6983EFD5F04DC63FF660
:10AA30004EC640F65A0E416F170E426F000E446F1D
:10AA4000000E436FAEECCBF006013F514011D8B47D
:10AA50002CEFD5F02EEFD5F03AEFD5F020EE12F036
:10AA60004D51D9264E51DA225151DE5E5251DD5AF6
:10AA700012EFD5F0000E546F000E536F5A0E53258F
:10AA8000D96E170E5421DA6E5A0E5325E16E190E47
:10AA90005421E26EDE50E618D8B451EFD5F053EFF2
:10AAA000D5F05FEFD5F020EE12F04D51D9264E5182
:10AAB000DA225151DE5E5251DD5A12EFD5F0534B7E
:10AAC000542B020E54195311D8A469EFD5F06BEF33
:10AAD000D5F03EEFD5F05107D8A05207200E070160
:10AAE0002A27000E2B232E4B2F2B060151515211DA
:10AAF000D8A47DEFD5F07FEFD5F0F8EFD4F0000EBD
:10AB00004E6F000E4D6F12000D680E6809C5D9F426
:10AB10000AC5DAF4DE6ADD6ADEC410F5DDC411F5BB
:10AB2000CAEFD5F007C5D9F408C5DAF4DF500F6EC7
:10AB3000074A082A09C5D9F40AC5DAF4DE2A000E44
:10AB4000DD222F0E0F64A7EFD5F0A9EFD5F0D6EFD9
:10AB5000D5F0390E0F64AFEFD5F0B1EFD5F0B3EF0C
:10AB6000D5F0D6EFD5F00A0E1002F3C40BF5F4C4FD
:10AB70000CF51102F3500C260F500B26000E0C2280
:10AB8000D00E0B24106EFF0E0C20116E000E0E6EF8
:10AB9000000E0D6E07C5D9F408C5DAF4DF50D8A44D
:10ABA000D4EFD5F0D6EFD5F092EFD5F00D2806E131
:10ABB0000E28D8A4DEEFD5F0E0EFD5F001EFD6F007
:10ABC0000DC510F50EC511F510C507F511C508F531
:10ABD0001DEFD6F007C5D9F408C5DAF4DF50D8A4C4
:10ABE000F4EFD5F0F6EFD5F0F8EFD5F019EFD6F099
:10ABF000074A082A09C5D9F40AC5DAF4DE2A000E84
:10AC0000DD2207C5D9F408C5DAF42F0EDF640BEF97
:10AC1000D6F00DEFD6F0EAEFD5F007C5D9F408C5A8
:10AC2000DAF43A0EDF6017EFD6F019EFD6F0EAEF5C
:10AC3000D5F010C507F511C508F51200010E122454
:10AC40001E6E000E13201F6E070E216EBC0E206EAE
:10AC500020C50CF521C50DF53FECECF00CC51AF53F
:10AC60000DC51BF56D0E1A24226E010E1B20236EDE
:10AC70001E50225C1F502358D8A041EFD6F043EF5E
:10AC8000D6F045EFD6F04DEFD6F022501E5E2350A1
:10AC90001F5A204A212A28EFD6F0D00E205C070E3A
:10ACA0002158D8A056EFD6F058EFD6F05EEFD6F088
:10ACB000D00E205E070E215A62EFD6F06C0E205E99
:10ACC000070E215A14C5D9F415C5DAF420C5DEF4EF
:10ACD00021C5DDF4000E1D6E000E1C6ED8901C34D4
:10ACE000F66E1D34F76E2D0EF626F40EF722F86A76
:10ACF000000EF8220900F5C422F50A00F5C423F578
:10AD00001C041D10D8A487EFD6F089EFD6F08DEF84
:10AD1000D6F01A5022261B5023221E50225C1F50B0
:10AD20002358D8A096EFD6F098EFD6F09AEFD6F049
:10AD3000A2EFD6F022501E5E23501F5A1C4A1D2A35
:10AD40006EEFD6F01C4A1D2A16C5D9F417C5DAF4E1
:10AD50001CC5DEF41DC5DDF418C5D9F419C5DAF437
:10AD60001EC5DEF41FC5DDF41200B50E0601AA6F84
:10AD7000060EAB6FD60EAC6FFF0EAD6FFCECCDF0D8
:10AD80000009D8B4C6EFD6F0C8EFD6F0D6EFD6F0AB
:10AD9000A00E0501606FFA0E616F7FECF5F0000EFA
:10ADA0000601B26F010EB16F4AEFD7F0000E060137
:10ADB000B46F000EB36FB50E366F060E376F000E10
:10ADC000386F000E396F0EECDFF00CEFD7F0BD0ED0
:10ADD000076E080E086EB1C609F5B2C60AF545EC55
:10ADE000EEF007500810D8A4F8EFD6F0FAEFD6F03E
:10ADF0000CEFD7F0000E0601B46F010EB36FB50E65
:10AE00000501606FFE0E616FBD0E626F080E636F0D
:10AE10007FECF5F028EFD7F0B50E0601366F060E81
:10AE2000376FB40E386F080E396F0EECDFF0000983
:10AE3000D8A41DEFD7F01FEFD7F028EFD7F0080107
:10AE4000BD51D8A426EFD7F028EFD7F0E7EFD6F022
:10AE5000B50E0501776F060E786F7EECF4F00601F3
:10AE6000B351B411D8A437EFD7F039EFD7F046EF8C
:10AE7000D7F0200E0501606FFB0E616FB1C662F561
:10AE8000B2C663F57FECF5F0CFEFD6F0000EB26FEF
:10AE9000000EB16F1200000184838481886B8B6B7C
:10AEA00085998683868105017005D8A45AEFD7F06D
:10AEB0005CEFD7F060EFD7F00001849562EFD7F038
:10AEC0000001848505017151D8A469EFD7F06BEFBB
:10AED000D7F071EFD7F00001859F858D859B80EFBE
:10AEE000D7F0B40E606FF70E616FE20E626FFD0E69
:10AEF000636F71C564F5656B7FECF5F07EEFD7F09D
:10AF00008C6BB2EFD7F0020E8C6F020E896FDCEF04
:10AF1000D7F00F0E896FDCEFD7F0070E896FDCEFEB
:10AF2000D7F0050E896FDCEFD7F0040E896FDCEFE8
:10AF3000D7F0030E896FDCEFD7F0020E896FDCEFDC
:10AF4000D7F0DF0E0501606FF50E616FE20E626FE4
:10AF5000FD0E636F6EC564F56FC565F57FECF5F0AA
:10AF6000DCEFD7F06EC551F56FC552F55250000AAF
:10AF7000D8B4BDEFD7F0A1EFD7F05150000AD8B444
:10AF800083EFD7F0010AD8B489EFD7F0030AD8B419
:10AF90008DEFD7F0010AD8B491EFD7F0070AD8B4F3
:10AFA00095EFD7F0010AD8B499EFD7F0030AD8B4D7
:10AFB0009DEFD7F0A1EFD7F0120007014D51040D1E
:10AFC000420EF324D96E080EF420DA6EDEC444F685
:10AFD000DDC445F64D51040D420EF324D96E080E22
:10AFE000F420DA6EDE50DE10D8A4F9EFD7F0FBEFD4
:10AFF000D7F000EFD8F00501FD69FE696BEFD8F0DE
:10B000004D51040D400EF324D96E080EF420DA6E73
:10B01000DEC438F6DDC439F64E5106013A6F3B6B9B
:10B0200038513A03F3C43CF6F4C43DF63B03F35005
:10B030003D2739513A03F3503D2707014F5106018F
:10B040003C270701505106013D23FF0E3C253E6F72
:10B05000FF0E3D213F6F3EC640F63FC641F6426BB4
:10B06000436B44C60FF645C610F640C638F641C6D7
:10B0700039F642C63AF643C63BF6070ED890383743
:10B0800039373A373B37E82E3EEFD8F038C611F65D
:10B0900039C612F63AC613F63BC614F6BAEC89F076
:10B0A0000601466F4651D8B458EFD8F05AEFD8F0A1
:10B0B00066EFD8F09D0E0501606FFC0E616F46C60D
:10B0C00062F5636B7FECF5F0FBEFD7F0000E050146
:10B0D000FE6F000EFD6F12000B06D8A00C060B28A9
:10B0E00006E10C28D8A477EFD8F079EFD8F086EFF6
:10B0F000D8F0000E086E000E076EF9EFD8F0074A80
:10B10000082A094A0A2A0B06D8A00C0607C5F6F435
:10B1100008C5F7F4000EF86E3F0EF76403D0080080
:10B12000F55005D0F6C4E9F4F7C4EAF4EF5000098D
:10B13000D8B49DEFD8F09FEFD8F0DAEFD8F009C57A
:10B14000F6F40AC5F7F4000EF86E0800F550000991
:10B15000D8B4ADEFD8F0AFEFD8F0DAEFD8F00B50AD
:10B160000C10D8B4B6EFD8F0B8EFD8F0DAEFD8F0CA
:10B1700009C5F6F40AC5F7F4000EF86E0800F5C428
:10B180000DF507C5F6F408C5F7F4000EF86E3F0E8E
:10B19000F76403D00800F55005D0F6C4E9F4F7C40D
:10B1A000EAF4EF500D18D8B4D8EFD8F0DAEFD8F0B1
:10B1B0007FEFD8F007C5F6F408C5F7F4000EF86E77
:10B1C0003F0EF76403D00800F55005D0F6C4E9F44B
:10B1D000F7C4EAF4EF500D6E09C5F6F40AC5F7F4AA
:10B1E000000EF86E0800F5500D5C076E086AD8A0D6
:10B1F00008061200000E0501716F000E706F55EC0D
:10B20000F3F007500501726F080E7219D8A40BEF06
:10B21000D9F00DEFD9F02CEFD9F071BF18EFD9F0BC
:10B22000715108E17005D8A018EFD9F01AEFD9F0E4
:10B23000FFEFD8F0080EC1ECF6F0200EC1ECF6F0EE
:10B24000080EC1ECF6F005017007D8A071076C0775
:10B25000D8A06D07FFEFD8F00D0E7219D8B433EFF8
:10B26000D9F035EFD9F03EEFD9F00A0E7219D8A413
:10B270003CEFD9F03EEFD9F04FEFD9F06CC5D9F4DF
:10B280006DC5DAF4DF6A1D0E606FFB0E616F7FEC37
:10B29000F5F070C56CF571C56DF586EFD9F0FF0E50
:10B2A0006E25516EFF0E6F21526E7051515C5250DF
:10B2B000800A536E7151800A5358D8A062EFD9F0BA
:10B2C00064EFD9F0FFEFD8F07251C1ECF6F0600EE8
:10B2D000050172656EEFD9F070EFD9F07AEFD9F011
:10B2E0007B0E726176EFD9F078EFD9F07AEFD9F072
:10B2F000200E725F6CC5D9F46DC5DAF472C5DFF447
:10B300006C4B6D2B704B712BFFEFD8F0120053C7B5
:10B3100007F554C708F551C709F552C70AF5EEEC11
:10B32000F4F007C524F508C525F509C526F50AC5B5
:10B3300027F5070130513111D8B4A1EFD9F0A3EFAF
:10B34000D9F0FCEFD9F024C50FF525C510F526C5B9
:10B3500011F527C512F55C0E136E070E146E000E64
:10B36000166E060E156E05ECE6F05CC712F55DC7AD
:10B3700013F5280E146E050E156E2A0E166E050EA8
:10B38000176E2C0E186E050E196E1EECD6F0070106
:10B390006151F9ECEBF00701556F5E51F9ECEBF000
:10B3A0000701566F5F51F9ECEBF00701576F2C5016
:10B3B000F9ECEBF00701596F2A50F9ECEBF00701BB
:10B3C0005A6F2850F9ECEBF007015B6F000E076E27
:10B3D000070E086E550E096E070E0A6ED00E8BEC26
:10B3E000EAF0FF0AD8A4F7EFD9F0F9EFD9F010EF9F
:10B3F000DAF0010E11EFDAF0A19E24C50FF525C594
:10B4000010F526C511F527C512F55C0E136E070E53
:10B41000146E000E166E060E156E05ECE6F0A18E8B
:10B42000000E1200000E086E400E076E000E0A6E2F
:10B430000B0E096EEEECF4F007C520F508C521F5FA
:10B4400009C522F50AC523F520C50FF521C510F55C
:10B4500022C511F523C512F57A0E136E080E146E6F
:10B46000000E166E1A0E156EBBECE6F01A0E2026B4
:10B47000000E21222222232220C50FF521C510F51E
:10B4800022C511F523C512F57A0E136E080E146E3F
:10B49000000E166E1A0E156EBBECE6F01A0E202684
:10B4A000000E21222222232220C50FF521C510F5EE
:10B4B00022C511F523C512F5600E136E080E146E29
:10B4C000000E166E1A0E156EBBECE6F01A0E202654
:10B4D000000E21222222232220C50FF521C510F5BE
:10B4E00022C511F523C512F5600E136E080E146EF9
:10B4F000000E166E1A0E156EBBECE6F020EE0DF087
:10B500001E50D9261F50DA22040EDF6E20EE12F0F4
:10B510001E50D9261F50DA22030EDE6E000EDD6E9D
:10B5200020EE14F01E50D9261F50DA22400EDE6E97
:10B53000000EDD6E120020EE10F02650D9262750A6
:10B54000DA22DEC407F5DDC408F520EE0EF0265041
:10B55000D9262750DA22DEC409F5DDC40AF5EEEC5F
:10B56000F4F007C528F508C529F509C52AF50AC567
:10B570002BF504EFDBF026C507F527C508F5ABEC86
:10B58000F6F021EFDBF0A19E28C50FF529C510F5D7
:10B590002AC511F52BC512F55C0E136E070E146E3D
:10B5A000000E166E060E156EBBECE6F0A18E26C5DB
:10B5B00007F527C508F5A0ECF6F021EFDBF026C56E
:10B5C00007F527C508F5B6ECF6F021EFDBF0A19EF4
:10B5D00028C50FF529C510F52AC511F52BC512F59B
:10B5E0005C0E136E070E146E000E166E060E156EB0
:10B5F00005ECE6F0D6EFDAF026C507F527C508F525
:10B60000A0ECF6F021EFDBF020EE02F02650D92678
:10B610002750DA22DF50030AD8B4BBEFDAF0070A6A
:10B62000D8B4C3EFDAF0010AD8B4DFEFDAF00D0ACC
:10B63000D8B4E7EFDAF0010AD8B4E7EFDAF0FCEFBC
:10B64000DAF01200106A0EBE2AEFDBF028EFDBF012
:10B6500034EFDBF00E1E0D1E0C1E0B6C000E0C22C8
:10B660000D220E22010E106E0ABE3BEFDBF039EF09
:10B67000DBF045EFDBF00A1E091E081E076C000E0A
:10B68000082209220A22010E101A000E116E000E65
:10B69000126E000E136E000E146E0B500C100D1077
:10B6A0000E10D8B456EFDBF058EFDBF08EEFDBF086
:10B6B000010E0F6E62EFDBF0D8900B360C360D36B4
:10B6C0000E360F2A0EAE67EFDBF069EFDBF05CEFB2
:10B6D000DBF0D89011361236133614360B50075C57
:10B6E0000C5008580D5009580E500A58D8A07BEF3E
:10B6F000DBF07DEFDBF086EFDBF00B50075E0C50EC
:10B70000085A0D50095A0E500A5A1180D8900E321C
:10B710000D320C320B320F2E69EFDBF01050D8B423
:10B7200094EFDBF096EFDBF09EEFDBF0141E131EC0
:10B73000121E116C000E12221322142211C507F5DD
:10B7400012C508F513C509F514C50AF51200696A92
:10B75000020E616E686A01EFDCF0000E646E070E87
:10B76000636E000E6C6E030E6B6E000E6E6E050E39
:10B770006D6E23EFDCF0000E646E060E636E000E3D
:10B780006C6E030E6B6E000E6E6E040E6D6E23EF0C
:10B79000DCF0000E646E050E636E000E6C6E030E20
:10B7A0006B6E000E6E6E030E6D6E23EFDCF0000EFE
:10B7B000646E040E636E000E6C6E030E6B6E000EF4
:10B7C0006E6E020E6D6E23EFDCF0000E646E030EE3
:10B7D000636E000E6C6E020E6B6E000E6E6E020ECD
:10B7E0006D6E23EFDCF0000E646E0C0E636E000EC7
:10B7F0006C6E050E6B6E000E6E6E080E6D6E23EF96
:10B80000DCF007C509F508C50AF50A50000AD8B4E6
:10B810000CEFDCF0F3EFDBF00950080AD8B4ADEF21
:10B82000DBF0010AD8B4BBEFDBF0030AD8B4C9EFF0
:10B83000DBF0060AD8B4D7EFDBF01C0AD8B4E5EF8A
:10B84000DBF0F3EFDBF06A6A840E696E180E02011A
:10B85000186F1200090E0501766F6C516D11D8B486
:10B8600034EFDCF036EFDCF08AEFDCF06CC5D9F4B5
:10B870006DC5DAF4DE50DE10D8B441EFDCF043EFF2
:10B88000DCF08AEFDCF06CC5D9F46DC5DAF4DEC407
:10B8900070F5DDC471F570C5D9F471C5DAF4DF5007
:10B8A000D8B455EFDCF057EFDCF08AEFDCF06CC574
:10B8B000D9F46DC5DAF410EE06F0DE50E126DD5065
:10B8C000E22220EE02F06C51D9266D51DA22E650C8
:10B8D000DE1807E1E650DE18D8A471EFDCF073EF54
:10B8E000DCF08AEFDCF06CC5D9F46DC5DAF410EE4B
:10B8F00001F0DE50E126DD50E222E75023ECF4F0C7
:10B900000501706F70B187EFDCF089EFDCF08AEF32
:10B91000DCF0766B7651D8B490EFDCF092EFDCF08F
:10B9200098EFDCF0000E746F000E756FA0EFDCF086
:10B930006CC5D9F46DC5DAF4DEC474F5DDC475F5F3
:10B940006EC5D9F46FC5DAF474C5DEF475C5DDF4DF
:10B950007651120007016A516B11D8A4B2EFDCF0E6
:10B96000B4EFDCF0BCEFDCF076C762F777C763F7C3
:10B9700078C764F779C765F77CC707F57DC708F511
:10B980007AC709F57BC70AF5EEECF4F007C5ADF709
:10B9900008C5AEF709C5AFF70AC5B0F7770E0601BF
:10B9A000FA6FFE0EFB6FADC7FCF6AEC7FDF6AFC774
:10B9B000FEF6B0C7FFF622ECCAF0FAC6B1F7FBC636
:10B9C000B2F70701B151B211D8A4E9EFDCF0EBEF07
:10B9D000DCF023EFDDF0ABC7FAF6ACC7FBF678C7B7
:10B9E00007F579C708F576C709F577C70AF5EEECCC
:10B9F000F4F007C5FCF608C5FDF609C5FEF60AC554
:10BA0000FFF622ECCAF0FAC6B1F7FBC6B2F707019F
:10BA1000B151B211D8A40FEFDDF011EFDDF023EF3B
:10BA2000DDF0ADC70FF5AEC710F5AFC711F5B0C764
:10BA300012F5620E136E070E146E000E166E040ED3
:10BA4000156EBBECE6F0B1C7ABF7B2C7ACF71200AE
:10BA5000ACC6B0F6ADC6B1F6B00E076E060E086EF7
:10BA600085ECC8F007C5B4F608C5B5F60601B5BF44
:10BA70003EEFDDF03CEFDDF041EFDDF00B0EA5EF2A
:10BA8000DDF0D890B435D96EB535DA6E220ED926F0
:10BA9000070EDA22DEC4B2F6DDC4B3F6B251B3113A
:10BAA000D8B455EFDDF057EFDDF067EFDDF0D8905B
:10BAB000B435D96EB535DA6E220ED926070EDA22E4
:10BAC000DE6ADD6AB2C6D9F4B3C6DAF4DF6AAA5117
:10BAD000AB11D8B46EEFDDF070EFDDF08AEFDDF082
:10BAE00020EE01F0AA51D926AB51DA22B4C6DFF418
:10BAF000AAC6D9F4ABC6DAF4DF6AD890B435D96EE9
:10BB0000B535DA6E220ED926070EDA22AAC6DEF481
:10BB1000ABC6DDF4AE51D8A490EFDDF092EFDDF0CE
:10BB200095EFDDF0000EA5EFDDF0AC0E0501FA6F2C
:10BB3000060EFB6FAA0EFC6F060EFD6F000EFE6F69
:10BB400000EC80F00601AF6FAF511200FCEFDDF0AA
:10BB500020EE12F00750D9260850DA22160EDE6EBB
:10BB6000000EDD6E20EE0DF00750D9260850DA22C7
:10BB7000F00EDF6E15EFDEF020EE12F00750D92642
:10BB80000850DA22300EDE6E000EDD6E20EE0DF073
:10BB90000750D9260850DA22F00EDF6E15EFDEF0DE
:10BBA00020EE12F00750D9260850DA224A0EDE6E37
:10BBB000000EDD6E20EE0DF00750D9260850DA2277
:10BBC000F80EDF6E15EFDEF020EE12F00750D926EA
:10BBD0000850DA22640EDE6E000EDD6E20EE0DF0EF
:10BBE0000750D9260850DA22F80EDF6E15EFDEF086
:10BBF0000768086823EFDEF020EE01F00750D92631
:10BC00000850DA22DF50000AD8B4A8EFDDF0010AAC
:10BC1000D8B4BCEFDDF0030AD8B4D0EFDDF0010AF0
:10BC2000D8B4E4EFDDF0F8EFDDF020EE14F00750CB
:10BC3000D9260850DA22400EDE6E000EDD6E000EB0
:10BC4000086E000E076E120012C507F513C508F541
:10BC50001A0E096E050E0A6E84ECD5F007C51CF5A8
:10BC600008C51DF51C2806E11D28D8A43AEFDEF012
:10BC70003CEFDEF040EFDEF01268136898EFDEF084
:10BC800014C5D9F415C5DAF41CC5DEF41DC5DDF400
:10BC90001A5012261B50132212C507F513C508F5BA
:10BCA0001A0E096E050E0A6E84ECD5F007C51CF558
:10BCB00008C51DF51C2806E11D28D8A462EFDEF09A
:10BCC00064EFDEF066EFDEF03CEFDEF016C5D9F48F
:10BCD00017C5DAF41CC5DEF41DC5DDF41A501226B2
:10BCE0001B50132212C507F513C508F51A0E096E6D
:10BCF000050E0A6E84ECD5F007C51CF508C51DF5C8
:10BD00001C2806E11D28D8A488EFDEF08AEFDEF0BB
:10BD10008CEFDEF03CEFDEF018C5D9F419C5DAF48B
:10BD20001CC5DEF41DC5DDF4000E136E000E126E90
:10BD30001200000E06011E6F000E1D6F17C61FF6C3
:10BD400018C620F61907D8A01A07E2EFDEF01BC6C6
:10BD5000E8F51CC6E9F5270EEA6F060EEB6F000E3C
:10BD6000ED6F010EEC6F250EEE6F060EEF6FC6EC59
:10BD70008DF0060125052611D8B4C1EFDEF0C3EF22
:10BD8000DEF0C5EFDEF0F4EFDEF02751216F226B1D
:10BD9000236B246B1FC6D9F420C6DAF421C6DFF466
:10BDA0001F4B202B1D4B1E2B0A0E21192211231174
:10BDB0002411D8A4DEEFDEF0E0EFDEF0E2EFDEF0FB
:10BDC000F4EFDEF019511D5D1E51800A0501FC6F74
:10BDD00006011A51800A0501FC59D8A0F2EFDEF0E5
:10BDE000F4EFDEF0A7EFDEF01FC6D9F420C6DAF4D8
:10BDF000DF6A06011D511E11D8A401EFDFF003EF29
:10BE0000DFF009EFDFF0000E176F000E186F0DEF77
:10BE1000DFF017C617F618C618F6120036C66CF50E
:10BE200037C66DF5FD0E05016E6F050E6F6F2AECBE
:10BE3000DCF00501FF6FFF51D8A421EFDFF023EF05
:10BE4000DFF081EFDFF0060138513911D8A42BEF74
:10BE5000DFF02DEFDFF040EFDFF036C6E8F537C654
:10BE6000E9F5000E0501EA6F000EEB6F000EEC6FB6
:10BE7000000EED6F50ECA8F00501FF6F81EFDFF0D1
:10BE800036C629F637C62AF6000E2C6F000E2B6F29
:10BE900010ECC6F00501FF6F040EFF19D8A453EF94
:10BEA000DFF055EFDFF056EFDFF0FF6BFF51D8A466
:10BEB0005CEFDFF05EEFDFF081EFDFF036C614F508
:10BEC00037C615F538C616F539C617F5CCECBEF0F1
:10BED00036C60FF637C610F6000E0601126F000EBA
:10BEE000116F45ECA4F00501FF6F040EFF19D8A4F3
:10BEF0007CEFDFF07EEFDFF081EFDFF0FF6B81EFB3
:10BF0000DFF0FF511200106A0ABE8BEFDFF089EFFD
:10BF1000DFF095EFDFF00A1E091E081E076C000E09
:10BF2000082209220A22010E106E0EBE9CEFDFF0DD
:10BF30009AEFDFF0A4EFDFF00E1E0D1E0C1E0B6C4F
:10BF4000000E0C220D220E220B500C100D100E10A4
:10BF5000D8B4ADEFDFF0AFEFDFF0DFEFDFF0010ED1
:10BF60000F6EB9EFDFF0D8900B360C360D360E366B
:10BF70000F2A0EAEBEEFDFF0C0EFDFF0B3EFDFF061
:10BF80000B50075C0C5008580D5009580E500A58B9
:10BF9000D8A0CDEFDFF0CFEFDFF0D7EFDFF00B5021
:10BFA000075E0C50085A0D50095A0E500A5AD89084
:10BFB0000E320D320C320B320F2EC0EFDFF010506C
:10BFC000D8B4E5EFDFF0E7EFDFF0EFEFDFF00A1EC8
:10BFD000091E081E076C000E082209220A2207C546
:10BFE00007F508C508F509C509F50AC50AF51200DF
:10BFF00032C6D9F433C6DAF4DEC434F6DDC435F61D
:10C0000032C629F633C62AF6000E06012C6F010E41
:10C010002B6FEFECD2F00601366F3651D8A413EF38
:10C02000E0F015EFE0F067EFE0F034C6C3F535C699
:10C03000C4F520EE16F03251D9263351DA22DEC48F
:10C04000C5F5DEC4C6F5DEC4C7F5DEC4C8F5BAEC76
:10C05000E3F00601366F3651D8A431EFE0F033EF4C
:10C06000E0F067EFE0F020EE1AF03251D9263351BC
:10C07000DA22DEC407F5DDC408F5000E0A6E000EF4
:10C08000096E000E0C6E200E0B6E9AECF4F0060199
:10C0900020EE1AF03251D9263351DA22DEC407F5E8
:10C0A000DDC408F51C0E3225096E000E33210A6E20
:10C0B000000E0C6E0B0E0B6EE2ECF2F0060120EEA1
:10C0C00004F03451D9263551DA22010EDF6E365193
:10C0D0001200096E490EF66EF40EF76E000EF86E41
:10C0E0000900F550095CD8A078EFE0F07AEFE0F0B5
:10C0F000D4EFE0F04A0EF66EF40EF76E000EF86E16
:10C1000009500900F55CD8A088EFE0F08AEFE0F074
:10C1100090EFE0F0000E086E010E076ED8EFE0F031
:10C120004B0EF66EF40EF76E000EF86E0900F55029
:10C13000095CD8A09EEFE0F0A0EFE0F0B2EFE0F0F5
:10C140004C0EF66EF40EF76E000EF86E09500900F4
:10C15000F55CD8A0AEEFE0F0B0EFE0F0B2EFE0F0C9
:10C160008AEFE0F04D0EF66EF40EF76E000EF86EEC
:10C170000900F550095CD8A0C0EFE0F0C2EFE0F094
:10C18000D4EFE0F04E0EF66EF40EF76E000EF86E81
:10C1900009500900F55CD8A0D0EFE0F0D2EFE0F054
:10C1A000D4EFE0F08AEFE0F0000E086E000E076EAC
:10C1B000120010501110D8B4E0EFE0F0E2EFE0F020
:10C1C00043EFE1F010C507F511C508F592ECF2F068
:10C1D00007C512F508C513F521EFE1F00EC507F507
:10C1E0000FC508F510C509F511C50AF512C50BF5FF
:10C1F00013C50CF56CECD8F007500810D8A403EF69
:10C20000E1F005EFE1F00BEFE1F00EC50EF50FC523
:10C210000FF547EFE1F0010E0E24076E000E0F2020
:10C22000086E10C5F6F411C5F7F4000EF86E08009C
:10C23000F550096E0A6A85ECECF007C50EF508C5E5
:10C240000FF50E500F10D8B428EFE1F02AEFE1F00F
:10C2500043EFE1F00EC5F6F40FC5F7F4000EF86EEB
:10C260003F0EF76403D00800F55005D0F6C4E9F49A
:10C27000F7C4EAF4EF500009D8A441EFE1F043EF2E
:10C28000E1F0EEEFE0F0000E0E6E000E0F6E120009
:10C2900018C512F519C513F595ECF1F012C522F584
:10C2A00013C523F5020E1A181B10D8A45AEFE1F09B
:10C2B0005CEFE1F069EFE1F01D0E1C181D10D8A431
:10C2C00064EFE1F066EFE1F069EFE1F02206D8A05B
:10C2D00023061AC507F51BC508F51CC509F51DC5BC
:10C2E0000AF581ECEEF007C524F508C525F52550C3
:10C2F00007E13C0E245CD8B080EFE1F082EFE1F082
:10C3000094EFE1F018C50CF519C50DF53FECECF014
:10C310000C500D10D8B48FEFE1F091EFE1F094EFF5
:10C32000E1F02206D8A023066D0E1E6E010E1F6ED0
:10C330001E501802F3C420F5F4C421F51902F3507D
:10C3400021261F501802F350212622502026235068
:10C3500021222450202625502122F30E2024186E5D
:10C36000F80E2120196E12000C6E0B68FCECF6F032
:10C3700002019699948D0C50FE0B8F6F010E8C6FFD
:10C3800007C58BF2948BD2ECF4F00009D8A4CBEF64
:10C39000E1F0CDEFE1F014EFE2F0020199ABD3EF61
:10C3A000E1F0D5EFE1F0CDEFE1F0D2ECF4F00009EF
:10C3B000D8A4DDEFE1F0DFEFE1F014EFE2F00201ED
:10C3C00094A7E5EFE1F0E7EFE1F0DFEFE1F00C50EB
:10C3D00001098F6F08C58CF2949D9A9F948BD2ECC3
:10C3E000F4F00009D8A4F7EFE1F0F9EFE1F014EF71
:10C3F000E2F00B6A0CEFE2F099A101EFE2F003EF3B
:10C40000E2F00CEFE2F009C5D9F40AC5DAF48AC209
:10C41000DFF4094A0A2A0B2A02019AAF12EFE2F06E
:10C4200014EFE2F0FCEFE1F0020198BB1AEFE2F04A
:10C430001CEFE2F014EFE2F00B501200BDECEEF056
:10C4400004010B910B930B95010E0201D56FA00E09
:10C45000D46FD189D18BC68E070E766FBE8CC69CE9
:10C46000260E076FD28F010EFB6FA00EFA6FF789B1
:10C47000F78BC884120E7A6FC082C8922C0E126F8E
:10C48000F88F890E03011A6FA10E1B6F0001B38B89
:10C4900003011969186B150E0201656F100E666FA6
:10C4A0001F0E676F1E0E686F1D0E636F1C0E646F8C
:10C4B0000001D56B060ED86F070ED96F020EDA6F2A
:10C4C000030EDB6F020EDC6F080EDD6F200EDE6FD9
:10C4D000800EDF6FD76B820ED66F020ED56F040E03
:10C4E000D86F050ED96F350EDA6F330EDB6F010E84
:10C4F000DC6F440EDD6FDE6B200EDF6F020ED76F38
:10C50000850ED66F09ECF7F017ECF2F0120007C5B4
:10C510000FF508C510F509C511F50AC512F598EF14
:10C52000E2F00B06D8A00C060F4A102A114A122A74
:10C530000B500C10D8B49FEFE2F0A1EFE2F0C0EF87
:10C54000E2F00FC5D9F410C5DAF4DF500D6E11C555
:10C55000F6F412C5F7F4000EF86E3F0EF76403D040
:10C560000800F55005D0F6C4E9F4F7C4EAF4EF503A
:10C570000D18D8B4BEEFE2F0C0EFE2F091EFE2F0B8
:10C580000B500C10D8A4C7EFE2F0C9EFE2F0CFEFE8
:10C59000E2F0000E086E000E076EEDEFE2F00FC540
:10C5A000D9F410C5DAF4DF500D6E11C5F6F412C5DA
:10C5B000F7F4000EF86E3F0EF76403D00800F55054
:10C5C00005D0F6C4E9F4F7C4EAF4EF500E6E0E504D
:10C5D0000D5C076E086AD8A008061200000E0F6EE8
:10C5E000000E0E6E07C5D9F408C5DAF4DEC4F6F401
:10C5F000DDC4F7F4000EF86E0800F5502A0AD8A43E
:10C6000004EFE3F006EFE3F039EFE3F007C5D9F408
:10C6100008C5DAF4DE2A000EDD2209C5D9F40AC500
:10C62000DAF4DFC40BF5020EDE26DFC40CF5000ED3
:10C63000DD220BC5D9F40CC5DAF4DEC40EF5DDC479
:10C640000FF54FEFE3F00A0E0E02F3C40BF5F4C43E
:10C650000CF50F02F3500C260D500B240E6E000E3D
:10C660000C200F6E07C5D9F408C5DAF4DE2A000ED7
:10C67000DD2207C5D9F408C5DAF4DEC4F6F4DDC45A
:10C68000F7F4000EF86E0800F550D00F0D6E090E8D
:10C690000D644DEFE3F04FEFE3F023EFE3F00EC551
:10C6A00007F50FC508F51200020E225E000E235A90
:10C6B000245A255A20EE14F02050D9262150DA228F
:10C6C000FE0EDE24266EFF0EDE20276EFF0EDE201D
:10C6D000286EFF0EDE20296E2650225C275023583C
:10C6E0002850245829502558D8A079EFE3F07BEF43
:10C6F000E3F085EFE3F0000E206E000E216E000ED9
:10C70000226E000E236EB9EFE3F020EE28F02050E9
:10C71000D9262150DA22DEC426F5DEC427F5DEC490
:10C7200028F5DEC429F520EE0AF02050D926215044
:10C73000DA22DEC42AF5DDC42BF52AC514F52BC593
:10C7400015F5166A176A22C518F523C519F524C50B
:10C750001AF525C51BF5A3ECEFF026501424206E26
:10C7600027501520216E28501620226E29501720A0
:10C77000236E12000501CD6B20EE2CF0C351D9269B
:10C78000C451DA22C551DE180FE1C651DE180CE1A2
:10C79000C751DE1809E1C851DE18D8B4D2EFE3F072
:10C7A000D4EFE3F01DEFE4F0C3C5B1F5C4C5B2F5B5
:10C7B00054ECC9F00501CD6FCD51D8A4E2EFE3F000
:10C7C000E4EFE3F01DEFE4F0300EC325A86F000E98
:10C7D000C421A96FC5C5AAF5C6C5ABF5C7C5ACF5DB
:10C7E000C8C5ADF5000EAF6F010EAE6F20EE01F0C3
:10C7F000C351D926C451DA22DF503EECEAF00009D9
:10C80000D8B405EFE4F007EFE4F00EEFE4F0050133
:10C81000C569C669C769C869010ECD6F050120EEFB
:10C820002CF0C351D926C451DA22C5C5DEF4C6C5E1
:10C83000DEF4C7C5DEF4C8C5DEF4CD5112000A50DF
:10C840000B10D8B426EFE4F028EFE4F031EFE4F079
:10C850000A500B10D8A42FEFE4F031EFE4F036EFDC
:10C86000E4F00850C1ECF6F083EFE4F020EE09F0BC
:10C870000A50D9260B50DA22DE50DE10D8B443EF2E
:10C88000E4F045EFE4F060EFE4F020EE09F00A5048
:10C89000D9260B50DA2210EE02F00A50E1260B5096
:10C8A000E222DE50E65CE650800A106EDE50800A1E
:10C8B0001058D8B05EEFE4F060EFE4F083EFE4F0FE
:10C8C00020EE02F00A50D9260B50DA22DEC40CF515
:10C8D000DDC40DF50AC5D9F40BC5DAF4DEC40EF5D6
:10C8E000DDC40FF50C500E24D96E0D500F20DA6EFA
:10C8F00008C5DFF420EE02F00A50D9260B50DA22E8
:10C90000DE2A000EDD22120054505510D8A48BEF01
:10C91000E4F08DEFE4F093EFE4F054C517F555C55E
:10C9200018F599EFE4F0FF0E5424176EFF0E552012
:10C93000186E58A09EEFE4F0A0EFE4F0A9EFE4F049
:10C9400013C508F5096A11C50AF512C50BF51FECE8
:10C95000E4F018BEAEEFE4F0B0EFE4F0B2EFE4F0D4
:10C96000B6EFE4F0000E186E000E176E000E166E95
:10C97000000E156EC8EFE4F0000E096E200E086E72
:10C9800011C50AF512C50BF51FECE4F0154A162A7D
:10C990001750155C1650800A146E1850800A1458EF
:10C9A000D8A0D5EFE4F0D7EFE4F0BCEFE4F058B056
:10C9B000DCEFE4F0DEEFE4F0E7EFE4F013C508F5B8
:10C9C000096A11C50AF512C50BF51FECE4F0120057
:10C9D00009C512F50AC513F50B501224106E0C5040
:10C9E0001320116E3AEFE5F0075008C50DF50E6EF5
:10C9F0000D50076E0EC508F512C5D9F413C5DAF44B
:10CA0000DF500D6E0D50071A124A132A07C50DF597
:10CA100008C50EF5040E0F6ED8900E320D320F2E93
:10CA20000CEFE5F00F0E0D16000E0E160D50071A46
:10CA30000E50081A07C50DF508C50EF50C0ED89056
:10CA40000D360E36E82E1FEFE5F00D50071A0E508A
:10CA5000081AFF0E07140D6E000E08140E6E050E58
:10CA6000D8900D360E36E82E30EFE5F00D50071A4F
:10CA70000E50081A1050125C11501358D8A043EFF2
:10CA8000E5F045EFE5F0F4EFE4F007C507F508C57C
:10CA900008F512005950040D2E0EF324D96E080E1D
:10CAA000F420DA6EDEC43CF6DDC43DF65950040DC8
:10CAB0002E0EF324D96E080EF420DA6EDE50DE104E
:10CAC000D8A465EFE5F067EFE5F06CEFE5F0050160
:10CAD000FD69FE69A8EFE5F03CC60FF63DC610F60D
:10CAE00007012E510601386F07012F510601396FDA
:10CAF0003A6B3B6B090ED890383739373A373B37AA
:10CB0000E82E7BEFE5F038C611F639C612F63AC6C4
:10CB100013F63BC614F6BAEC89F006013E6F3E519F
:10CB2000D8B495EFE5F097EFE5F0A3EFE5F09D0EB3
:10CB30000501606FFC0E616F3EC662F5636B7FECB2
:10CB4000F5F067EFE5F0000E0501FE6F000EFD6FDA
:10CB5000120020EE03F00750D9260850DA22DF50E9
:10CB60000B6E0B50106E116A126A136A20EE02F0FF
:10CB70000750D9260850DA22DF500B6E0B5010C533
:10CB80000DF511C50EF512C50FF50C6A0C10106EDF
:10CB90000D50116E0E50126E0F50136E20EE01F0FC
:10CBA0000750D9260850DA22DF500B6E0B5010C503
:10CBB0000DF511C50EF512C50FF50C6A0C10106EAF
:10CBC0000D50116E0E50126E0F50136E07C5D9F432
:10CBD00008C5DAF4DF500B6E0B5010C50DF511C50A
:10CBE0000EF512C50FF50C6A0C10106E0D50116E7B
:10CBF0000E50126E0F50136E10C507F511C508F5D3
:10CC000012C509F513C50AF512000FC51AF510C5AE
:10CC10001BF511C51CF512C51DF5BE98000E196E49
:10CC2000000E186E53EFE6F0C76A1AC5BFF41BC5B5
:10CC3000C1F41CB01EEFE6F021EFE6F0BE8022EF5B
:10CC4000E6F0BE901CC517F5D89017321730D8B053
:10CC50002CEFE6F02FEFE6F0BE8230EFE6F0BE926A
:10CC60001CC517F5D8901732D89017321730D8B0A6
:10CC70003CEFE6F03FEFE6F0BE8440EFE6F0BE9416
:10CC8000C08AC09AC768010E1A26000E1B221C22F9
:10CC90001D2218501324D96E19501420DA6ECFC4F7
:10CCA000DFF4184A192A1550185C16501958D8A0E4
:10CCB0005CEFE6F05EEFE6F014EFE6F0BE881200FF
:10CCC000246E06C72CF507C72DF524504009256EA4
:10CCD00021C526F520C527F51FC528F51EC529F550
:10CCE000250E076E050E086E000E0A6E050E096E03
:10CCF0004AECEDF001092A6E2CC50BF52DC50CF59B
:10CD0000C7ECF5F02CC511F52DC512F5000E146E0B
:10CD1000010E136E66ECF1F02CC507F52DC508F574
:10CD2000250E096E050E0A6E000E0C6E060E0B6EB9
:10CD300020ECEBF008C718F509C719F5FF0E7AECDF
:10CD4000F3F02B6E22C5D9F423C5DAF42BC5DFF43A
:10CD50002B28D8A4AEEFE6F0B0EFE6F0B6EFE6F0A1
:10CD6000000E1F6E010E1E6EBAEFE6F0000E1F6E73
:10CD7000000E1E6E12000FC51AF510C51BF511C569
:10CD80001CF512C51DF5C76A000E196E000E186E4F
:10CD900009EFE7F01AC5BFF41BC5C1F41CB0D3EF0F
:10CDA000E6F0D6EFE6F0BE80D7EFE6F0BE901CC509
:10CDB00017F5D89017321730D8B0E1EFE6F0E4EF6E
:10CDC000E6F0BE82E5EFE6F0BE921CC517F5D890FE
:10CDD0001732D89017321730D8B0F1EFE6F0F4EFF1
:10CDE000E6F0BE84F5EFE6F0BE94C08AC09ABE9627
:10CDF00018501324D96E19501420DA6EDF50BF6E0C
:10CE0000BE86184A192A010E1A26000E1B221C2261
:10CE10001D221550185C16501958D8A012EFE7F0D3
:10CE200014EFE7F0CAEFE6F0C7681200AC0EF66E3A
:10CE3000D50EF76E010EF86E02EE00F010EE94F0D3
:10CE40000900F5C4EEF4E550E150FAE1240EF66E67
:10CE5000EB0EF76E010EF86E01EEDBF310EE24F030
:10CE60000900F5C4EEF4E550E150FAE102EE80F27B
:10CE700014EEDAF2EE6AE550E150FCE1E250FAE13C
:10CE800002EE00F2800EEE6AE806FDE102EE00F12D
:10CE900010EE00F1EE6AE550E150FCE1E250FAE1FB
:10CEA00002EE94F0360EEE6AE806FDE101EE00F3C4
:10CEB000800EEE6AE806FDE1596A586A576A566ABA
:10CEC000556A546A0401080E5D6F000E5E6F000E15
:10CED0005F6F000174EF9DF0060120EE14F04D51DC
:10CEE000D9264E51DA22DEC42EF7DDC42FF720EE0C
:10CEF00012F04D51D9264E51DA22DEC44FF6DDC470
:10CF000050F6B3EFE7F04DC63FF64EC640F65A0E68
:10CF1000416F190E426F000E446F010E436FAEEC6D
:10CF2000CBF006013F514011D8B499EFE7F09BEFE9
:10CF3000E7F0A9EFE7F020EE12F04D51D9264E515F
:10CF4000DA224F51DE5E5051DD5A4D694E69C1EF14
:10CF5000E7F04F07D8A05007200E07012A27000E40
:10CF60002B232E4B2F2B06014F515011D8A4BBEF72
:10CF7000E7F0BDEFE7F083EFE7F0000E4E6F000E35
:10CF80004D6F1200000E05016D6F000E6C6F37ECD7
:10CF9000F1F00009D8B4CFEFE7F0D1EFE7F0DAEF26
:10CFA000E7F0E60E0501606FFB0E616F7FECF5F0B8
:10CFB00010EFE8F0520E0501606FFD0E616F7FEC1F
:10CFC000F5F06E0E076E050E086ED00ED8ECEFF081
:10CFD000020AD8A4EEEFE7F0F0EFE7F0F9EFE7F0A0
:10CFE000030E0501606FFE0E616F7FECF5F010EF30
:10CFF000E8F0550E0501606FFF0E616F7FECF5F0F4
:10D0000003ECF4F02D502E10D8A409EFE8F00BEF4C
:10D01000E8F010EFE8F0000E05016D6F010E6C6F87
:10D020006CC551F56DC552F512000701559FA19EC3
:10D03000555116ECF6F00701616F565116ECF6F0FB
:10D0400007015E6F575116ECF6F007015F6F5951FB
:10D0500016ECF6F0266E2650296E2A6A07015A5100
:10D0600016ECF6F0266E2650276E286A07015B51F3
:10D0700016ECF6F0266E26502B6E2C6A2C5009E129
:10D08000500E2B5CD8A047EFE8F049EFE8F04FEFE7
:10D09000E8F06C0E2B26070E2C2253EFE8F0D00E92
:10D0A0002B26070E2C222BC518F52CC519F527C5E4
:10D0B0001AF528C51BF529C51CF52AC51DF548EC30
:10D0C000E1F018C55CF719C55DF7A18E1200000EDE
:10D0D0000F6E000E106E000E116E000E126E0B50D1
:10D0E0000C100D100E10D8B478EFE8F07AEFE8F0DD
:10D0F000B0EFE8F0010E136E84EFE8F0D8900B3635
:10D100000C360D360E36132A0EAE89EFE8F08BEF93
:10D11000E8F07EEFE8F0D8900F3610361136123670
:10D120000B50075C0C5008580D5009580E500A5807
:10D13000D8A09DEFE8F09FEFE8F0A8EFE8F00B50E3
:10D14000075E0C50085A0D50095A0E500A5A0F80AB
:10D15000D8900E320D320C320B32132E8BEFE8F0DA
:10D160000FC507F510C508F511C509F512C50AF573
:10D17000120058A0BEEFE8F0C0EFE8F0CAEFE8F008
:10D180001AC511F51BC512F518C513F519C514F507
:10D19000C1ECF3F01DBED1EFE8F0CFEFE8F0D5EF32
:10D1A000E8F0000E1D6E000E1C6E000E206E000ECC
:10D1B0001F6EE7EFE8F0000E096E200E086E18C52E
:10D1C0000AF519C50BF51FECE4F01F4A202A1C5084
:10D1D0001F5C2050800A1E6E1D50800A1E58D8A069
:10D1E000F4EFE8F0F6EFE8F0DBEFE8F058B0FBEF33
:10D1F000E8F0FDEFE8F007EFE9F01AC511F51BC5FF
:10D2000012F518C513F519C514F5C1ECF3F01200A9
:10D21000096E450EF66EF40EF76E000EF86E0900FC
:10D22000F550095CD8A017EFE9F019EFE9F051EFDC
:10D23000E9F0460EF66EF40EF76E000EF86E095029
:10D240000900F55CD8A027EFE9F029EFE9F02FEF0E
:10D25000E9F0000E086E010E076E55EFE9F0470E7B
:10D26000F66EF40EF76E000EF86E0900F550095CCC
:10D27000D8A03DEFE9F03FEFE9F051EFE9F0480EBB
:10D28000F66EF40EF76E000EF86E09500900F55CAC
:10D29000D8A04DEFE9F04FEFE9F051EFE9F029EFB9
:10D2A000E9F0000E086E000E076E1200060120EE77
:10D2B00014F04951D9264A51DA22DEC42EF7DDC4D2
:10D2C0002FF720EE12F04951D9264A51DA22DEC456
:10D2D0004BF6DDC44CF695EFE9F049C63FF64AC679
:10D2E00040F63AECC5F006013F514011D8B47BEF4F
:10D2F000E9F07DEFE9F08BEFE9F020EE12F0495113
:10D30000D9264A51DA224B51DE5E4C51DD5A496929
:10D310004A69A3EFE9F04B07D8A04C07200E07019C
:10D320002A27000E2B232E4B2F2B06014B514C117D
:10D33000D8A49DEFE9F09FEFE9F06DEFE9F0000E62
:10D340004A6F000E496F1200A79009500A6E0B6ACF
:10D350000A50565C0B505758D8A0B1EFE9F0B3EF24
:10D36000E9F0B8EFE9F009C50EF50F6ABCEFE9F096
:10D3700056C50EF557C50FF50EC50CF50FC50DF5C5
:10D38000DEEFE9F0000E07013C25D96E090E3D21C4
:10D39000DA6E07C5E1F408C5E2F4DFC4E7F4074A32
:10D3A000082A010E3C250A6E000E3D210B6E7F0EF1
:10D3B0000A143C6F3D6B5606D8A057060E06D8A03F
:10D3C0000F060E2806E10F28D8A4E9EFE9F0EBEFED
:10D3D000E9F0C2EFE9F0A7800CC507F50DC508F527
:10D3E0001200000E0501B06F000EAF6F31EFEAF0D2
:10D3F000A8510701DB2505018B6FA9510701DC212D
:10D4000005018C6FAA510701DD2105018D6FAB511C
:10D410000701DE2105018E6F000E906F000E8F6FE9
:10D42000A6C591F5A7C592F5020E946F000E936FF5
:10D4300004ECAFF005018B518C11D8B422EFEAF067
:10D4400024EFEAF027EFEAF0010E3DEFEAF0010EDB
:10D45000A827000EA923AA23AB23020EA727AF4BB0
:10D46000B02BAC51AF5DAD51B059D8A03AEFEAF056
:10D470003CEFEAF0F8EFE9F0000E1200000E0501B3
:10D48000B26F000EB16F7EEFEAF0AA510701DB2503
:10D4900005018B6FAB510701DC2105018C6FAC518D
:10D4A0000701DD2105018D6FAD510701DE21050169
:10D4B0008E6F000E906F000E8F6FA8C591F5A9C5F5
:10D4C00092F5020E946F000E936F61ECB3F00501BC
:10D4D0008B518C11D8B46FEFEAF071EFEAF074EF72
:10D4E000EAF0010E8AEFEAF0010EAA27000EAB2344
:10D4F000AC23AD23020EA927B14BB22BAE51B15DC7
:10D50000AF51B259D8A087EFEAF089EFEAF045EFC2
:10D51000EAF0000E12000B6E0C68FCECF6F0020153
:10D520009699949D0B50FE0B8F6F08288C6F07C542
:10D530008BF2948BD2ECF4F00009D8A4A2EFEAF0BD
:10D54000A4EFEAF0CCEFEAF00C6AC4EFEAF099AB92
:10D55000ACEFEAF0AEEFEAF0C4EFEAF009C5D9F4B7
:10D560000AC5DAF4DF508B6F094A0A2A0C2AD2EC7A
:10D57000F4F00009D8B4BFEFEAF0C1EFEAF0C4EF6D
:10D58000EAF00C68CCEFEAF002019AAFCAEFEAF0D9
:10D59000CCEFEAF0A7EFEAF0020198BBD2EFEAF095
:10D5A000D4EFEAF0CCEFEAF00C501200F4FF7E0763
:10D5B000FAFE7C07EFFE7A077AFF780771FF76079D
:10D5C000A5FF74079DFF720719FF70072DFF6E07F7
:10D5D00023FF6C07D8FF6A07240000002400000026
:10D5E000FC000000FC000000644000001A00000085
:10D5F0001A0000008000000080000000644000006D
:10D600002CFDF3FD3FFD9CFDD1FD31FE000000002F
:10D61000000000000000000002080100020002C03B
:10D620004EF80800FC0000000000000000000000B0
:10D6300000000201010002E000400BF0090024009C
:10D6400009C50FF50AC510F50B500C10D8A42BEF27
:10D65000EBF02DEFEBF02FEFEBF069EFEBF00C5070
:10D660000001836F0BC582F00FC5D9F410C5DAF441
:10D67000DF50816F0F4A102A000E0E6E010E0D6EE4
:10D6800055EFEBF00FC5D9F410C5DAF4DF50816F18
:10D690000F4A102AB1A04FEFEBF051EFEBF04AEF39
:10D6A000EBF0000180510D4A0E2A0B500D5C0C501E
:10D6B0000E58D8A05EEFEBF060EFEBF042EFEBF02E
:10D6C000B1A065EFEBF067EFEBF060EFEBF000017E
:10D6D00080511200000E0701356F000E346F35BF08
:10D6E0007BEFEBF0355109E1140E345DD8A07BEFF0
:10D6F000EBF07DEFEBF086EFEBF04F0E0501606F86
:10D70000FE0E616F7FECF5F084EFEBF0000E05018B
:10D71000736F000E726F000E756F020E746F000E45
:10D72000776F640E766FB2ECB4F00501725173112D
:10D73000D8A49DEFEBF09FEFEBF0A1EFEBF0B2EF91
:10D74000EBF0110E0501826F3C0E816FCB0EE82EBF
:10D75000FED7812FFCD7822FFAD70701344B352B08
:10D760006FEFEBF012000B6A0A6ADDEFEBF00D0EC3
:10D770000C18D8B4BEEFEBF0C0EFEBF0DDEFEBF040
:10D780000A0E0C18D8B4C7EFEBF0C9EFEBF0DDEFE1
:10D79000EBF0200E0C18D8A4D0EFEBF0D2EFEBF0AA
:10D7A000D4EFEBF0DDEFEBF00B500724D96E000E59
:10D7B0000820DA6E0CC5DFF40B2A0A2A0A04096E67
:10D7C00009500724D96E000E0820DA6EDF500C6E67
:10D7D0000C50D8A4EEEFEBF0F0EFEBF0B7EFEBF07E
:10D7E0000B500724D96E000E0820DA6E0CC5DFF44A
:10D7F0001200096E000E0C6E000E0B6E09C50BF5C3
:10D800000A6A0C500F0B076E086A030E0726000EFB
:10D81000082208BE15EFECF0085009E1080E075C7D
:10D82000D8A015EFECF017EFECF019EFECF0030EC9
:10D830000C260C50F00B076E086A300E0726000EFF
:10D84000082208BE2DEFECF0085009E1800E075CBD
:10D85000D8A02DEFECF02FEFECF031EFECF0300E24
:10D860000C26D8900B360C360A2A070E0A643BEFBA
:10D87000ECF03DEFECF001EFECF00C501200000E7C
:10D88000116E000E106E030E0C140E6E000E0D14B1
:10D890000F6E0E500F10D8A450EFECF052EFECF0DA
:10D8A00069EFECF00CC507F50DC508F5000E0A6E22
:10D8B000640E096EA1ECF0F007500810D8B463EFC5
:10D8C000ECF065EFECF069EFECF0000E116E010E7C
:10D8D000106E0CC507F50DC508F5010E0A6E900E09
:10D8E000096EA1ECF0F007500810D8A47AEFECF024
:10D8F0007CEFECF080EFECF0000E116E010E106E7C
:10D9000010C50CF511C50DF5120007C5F6F408C5D4
:10D91000F7F4000EF86E3F0EF76403D00800F550E0
:10D9200005D0F6C4E9F4F7C4EAF4EF500918D8A416
:10D930009CEFECF09EEFECF0A4EFECF007C507F5E0
:10D9400008C508F5C7EFECF007500B6E08500C6ED9
:10D95000074A082A0BC5F6F40CC5F7F4000EF86E5A
:10D960003F0EF76403D00800F55005D0F6C4E9F483
:10D97000F7C4EAF4EF500009D8A4C1EFECF0C3EF0C
:10D98000ECF085EFECF0000E076E000E086E120052
:10D990000001D4A5CEEFECF0D0EFECF0F7EFECF017
:10D9A000CCECF6F03CECF6F002D8E2EFECF005003F
:10D9B000FA6E07011951FD6E1A51FE6E1B51FF6E72
:10D9C000FA501200070140514111D8B4EAEFECF0CF
:10D9D000ECEFECF0F1EFECF013ECF7F0C28008EFB5
:10D9E000EDF030ECF6F009ECF7F0D5ECF6F00701CD
:10D9F0004351D8B4FEEFECF000EFEDF004EFEDF0A2
:10DA000011ECF7F00701436B13ECF7F0C8EFECF003
:10DA1000120087C56CF588C56DF589C56EF58AC598
:10DA20006FF58BC570F58CC571F5ECECD0F0050188
:10DA3000916B89C58DF58AC58EF5000E906F000E2D
:10DA40008F6F2DEFEDF08DC5D9F48EC5DAF4DF5070
:10DA500091278D4B8E2B8F4B902B8B518F5D8C5143
:10DA60009059D8A036EFEDF038EFEDF023EFEDF060
:10DA7000B60E606FFB0E616F87C562F588C563F5F2
:10DA80001F0E646FFB0E656F91C566F5676B7FECCB
:10DA9000F5F012000F6A07C510F508C511F5095019
:10DAA00010240B6E0A5011200C6E7EEFEDF010C5A5
:10DAB000D9F411C5DAF4DF500F1A104A112A000EFA
:10DAC0000E6E000E0D6E0FAE68EFEDF06AEFEDF02A
:10DAD0006CEFEDF0890E0F1AD8900F360D4A0E2A12
:10DAE0000EBE7CEFEDF00E5009E1080E0D5CD8A0E3
:10DAF0007CEFEDF07EEFEDF063EFEDF00B50105C9E
:10DB00000C501158D8A087EFEDF089EFEDF057EFEA
:10DB1000EDF00F5012001A0E1024076E000E1120A7
:10DB2000086EB6ECF4F007C516F508C517F5186AC7
:10DB3000196A0EC5D9F40FC5DAF4030EDE18D8A49D
:10DB4000A4EFEDF0A6EFEDF0C2EFEDF0140E10240F
:10DB5000076E000E1120086EB6ECF4F00750126E3E
:10DB60000850136E146A156A13C515F512C514F51D
:10DB7000136A126A12501612135017121450181208
:10DB80001550191216C50EF517C50FF518C510F565
:10DB900019C511F51200366E06C737F507C738F5F7
:10DBA00032C53BF533C53CF52EC51EF52FC51FF517
:10DBB00030C520F531C521F53BC522F53CC523F51F
:10DBC000365060ECE6F01EC539F51FC53AF5395000
:10DBD0003A10D8B4EEEFEDF0F0EFEDF0F4EFEDF039
:10DBE00056ECF5F008EFEEF037C507F538C508F547
:10DBF000010E3B24096E000E3C200A6EFF0E3424F9
:10DC00000B6EFF0E35200C6EF8ECABF056ECF5F019
:10DC100012000701426B400E5D6FCC0E5C6F5E6BB5
:10DC20005F6B616B606B5CC712F55DC713F5240E0B
:10DC3000146E050E156E260E166E050E176E280E46
:10DC4000186E050E196E1EECD6F007016151F9EC45
:10DC5000EBF00701556F5E51F9ECEBF00701566FE1
:10DC60005F51F9ECEBF00701576F2850F9ECEBF03E
:10DC70000701596F2650F9ECEBF007015A6F245059
:10DC8000F9ECEBF007015B6F12004BEFEEF0074A87
:10DC9000082A094A0A2A07C5D9F408C5DAF4DF5068
:10DCA0000B6E09C5F6F40AC5F7F4000EF86E08000D
:10DCB000F5500B18D8A45FEFEEF061EFEEF06DEFCA
:10DCC000EEF007C5D9F408C5DAF4DF50D8A46BEF3D
:10DCD000EEF06DEFEEF047EFEEF007C5D9F408C5B2
:10DCE000DAF4DF500B6E09C5F6F40AC5F7F4000E3E
:10DCF000F86E0800F5500B5C076E086AD8A008069D
:10DD00001200000E0E6E000E0D6E000E106E000E54
:10DD10000F6EA3EFEEF0D8900F34F66E1034F76E5E
:10DD20002D0EF626F40EF722F86A000EF8220900EE
:10DD3000F5C40BF50900F5C40CF50B500D260C507D
:10DD40000E220F4A102AFF0E07240B6EFF0E08202A
:10DD50000C6E0B500F5C0C501058D8A0B2EFEEF0C8
:10DD6000B4EFEEF08BEFEEF009500D260A500E22C4
:10DD70000DC507F50EC508F51200080E0001B16FBC
:10DD80000401006B086B106B186B20912093209599
:10DD9000C280CA90019BBE8AC69A119BC09AC89A3B
:10DDA0000969BF6AC76A1969C16AC96A0181BE8007
:10DDB000C6900183BE82C6920185BE84C694119D21
:10DDC0000201176BC09CC89C04012193C282CA92B5
:10DDD0001181C090C8900187BE86C6960189BE8811
:10DDE000C6982185C284CA94119FC08EC89E120015
:10DDF00007014C6B030E4D6500EFEFF002EFEFF003
:10DE000006EFEFF00768086832EFEFF04D51040DB0
:10DE1000400EF324D96E080EF420DA6EDE50DE10C8
:10DE2000D8A415EFEFF017EFEFF019EFEFF002EFD6
:10DE3000EFF04D51040D400EF324D96E080EF4207E
:10DE4000DA6E4F51DE5C5051DE58D8B02AEFEFF059
:10DE50002CEFEFF02EEFEFF002EFEFF0000E086E78
:06DE6000000E076E120027
:10DE6800C7C203F5110E07014419D8A43EEFEFF01D
:10DE780040EFEFF04BEFEFF0110E0318D8A447EF87
:10DE8800EFF049EFEFF04BEFEFF0010E436F575013
:10DE980007E1800E565CD8B054EFEFF056EFEFF084
:10DEA8006CEFEFF003C544F7000E3E25D96E090E5E
:10DEB8003F21DA6E03C5DFF4010E3E25016E000E28
:10DEC8003F21026E7F0E01143E6F3F6B564A572A60
:10DED800110007C5D9F408C5DAF409C5DFF4074A03
:10DEE800082A0AC509F50BC50AF50CC50BF50C6A15
:10DEF80007C5D9F408C5DAF409C5DFF4074A082AC2
:10DF08000AC509F50BC50AF50CC50BF50C6A07C55A
:10DF1800D9F408C5DAF409C5DFF4074A082A0AC59E
:10DF280009F50BC50AF50CC50BF50C6A07C5D9F43C
:10DF380008C5DAF409C5DFF4074A082A1200000EFA
:10DF48001C6E000E1D6E000E1E6E000E1F6E14A0BD
:10DF5800B0EFEFF0B2EFEFF0BAEFEFF018501C2689
:10DF680019501D221A501E221B501F22D8901836F5
:10DF780019361A361B36D890173216321532143223
:10DF88001450151016101710D8A4CDEFEFF0CFEFDE
:10DF9800EFF0ABEFEFF01CC514F51DC515F51EC568
:10DFA80016F51FC517F51200096EFCECF6F0020114
:10DFB8009699949D095001098F6F010E8C6F948B6F
:10DFC800D2ECF4F00009D8B4ECEFEFF0EEEFEFF09C
:10DFD800F2EFEFF0020E0A6E01EFF0F0020199A1E4
:10DFE800F8EFEFF0FAEFEFF0F2EFEFF007C5D9F442
:10DFF80008C5DAF48AC2DFF40A6A020198BB07EF9F
:10E00800F0F009EFF0F001EFF0F00A5012005CC7F1
:10E0180012F55DC713F5240E146E050E156E260E47
:10E02800166E050E176E280E186E050E196E1EEC6C
:10E03800D6F007016151F9ECEBF00701556F5E511D
:10E04800F9ECEBF00701566F5F51F9ECEBF00701C3
:10E05800576F2850F9ECEBF00701596F2650F9EC8F
:10E06800EBF007015A6F2450F9ECEBF007015B6FF6
:10E0780012000AC507F50BC508F50AECF5F00750BC
:10E088000810D8B44AEFF0F04CEFF0F056EFF0F08B
:10E098000AC507F50BC508F55EECF6F00A680B68CB
:10E0A8006EEFF0F020EE0EF00A50D9260B50DA226F
:10E0B800DEC42CF7DDC42DF720EE10F00A50D92667
:10E0C8000B50DA22DEC42AF7DDC42BF7000E0B6EE4
:10E0D800000E0A6E120005016C6F010E05016D6FCE
:10E0E80087EFF0F06D6B9EEFF0F0390E606FF60E73
:10E0F800616F6CC562F5636B51C564F5656B7FEC48
:10E10800F5F09EEFF0F05150000AD8B476EFF0F039
:10E11800010AD8B479EFF0F0030AD8B479EFF0F037
:10E12800010AD8B479EFF0F0070AD8B479EFF0F023
:10E1380079EFF0F005016D51120009500A10D8B4BA
:10E14800A8EFF0F0AAEFF0F0CEEFF0F0010E0B6EB2
:10E15800B2EFF0F0D89009360A360B2A0AAEB7EFBC
:10E16800F0F0B9EFF0F0AEEFF0F00950075C0A50AC
:10E178000858D8A0C2EFF0F0C4EFF0F0C8EFF0F004
:10E188000950075E0A50085AD8900A3209320B2EF5
:0EE19800B9EFF0F007C507F508C508F512004D
:10E1A800B19E0701422B640E4219D8A4DEEFF0F0AD
:10E1B800E0EFF0F005EFF1F0426B612B3C0E6119D6
:10E1C800D8A4E9EFF0F0EBEFF0F004EFF1F0616BB9
:10E1D8005E2B3C0E5E19D8A4F4EFF0F0F6EFF0F0E9
:10E1E80004EFF1F05E6B5F2B180E5F19D8A4FFEFF8
:10E1F800F0F001EFF1F004EFF1F05F6B5C4B5D2B99
:10E20800606B1100070130513111D8A40EEFF1F005
:10E2180010EFF1F024EFF1F0CA0E0501606FFF0E68
:10E22800616FF20E626FF80E636F7FECF5F0360ED9
:10E238000701166FB50E176F010E186F36EFF1F064
:10E24800CA0E0501606FFF0E616FBD0E626FF60E9C
:10E25800636F7FECF5F0020E0701166F730E176FF0
:10E26800010E186F120045EFF1F0090E086E1E0E30
:10E27800076EE40EE82EFED7072EFCD7082EFAD735
:10E2880000D0D0A64AEFF1F04CEFF1F039EFF1F001
:10E29800D0A851EFF1F053EFF1F039EFF1F0D0A63B
:10E2A80058EFF1F05AEFF1F061EFF1F0D0B85FEF0D
:10E2B800F1F061EFF1F064EFF1F0010E65EFF1F0CC
:10E2C800000E1200176811C507F512C508F5EDEC28
:10E2D800F1F0000E166E000E156E83EFF1F011C509
:10E2E80007F512C508F5170E096E050E0A6E000E21
:10E2F8000C6E010E0B6E20ECEBF0154A162A13502B
:10E30800155C14501658D8A08CEFF1F08EEFF1F090
:10E3180073EFF1F011C507F512C508F542ECF4F0FA
:10E328001200000E156E000E146E070E176EBC0E4E
:10E33800166EB2EFF1F016C50CF517C50DF53FECEA
:10E34800ECF00C500D10D8B4ACEFF1F0AEEFF1F0EA
:10E35800B0EFF1F0144A152A164A172A1650125C23
:10E3680017501358D8B0BBEFF1F0BDEFF1F09FEFA5
:10E37800F1F014C512F515C513F51200D9C5CEF57F
:10E38800DAC5CFF5BAECBCF00501DD6FDD51D8A4D4
:10E39800D0EFF1F0D2EFF1F0ECEFF1F0D9C56CF578
:10E3A800DAC56DF5DB0E6E6F050E6F6F2AECDCF0CB
:10E3B8000501DD6FDD51D8A4E4EFF1F0E6EFF1F0EF
:10E3C800ECEFF1F0D9C5D9F4DAC5DAF4DE6ADD6A22
:10E3D800120007C509F508C50AF520EE02F0095034
:10E3E800D9260A50DA22DF50D8A4FDEFF1F0FFEF6A
:10E3F800F1F00FEFF2F0310E02010A6F320E096FE1
:10E4080020EE03F00950D9260A50DA22C7C4DFF4F7
:10E41800C790C792C78420EE02F00950D9260A5047
:10E42800DA22DF2A1200830E0501606FF40E616F95
:10E438007FECF5F09D0E0501606FFB0E616F7FECC0
:10E44800F5F0110E526E3C0E516ECB0EE82EFED733
:10E45800512EFCD7522EFAD70000840E0501606FAA
:10E46800FB0E616F7FECF5F0830E0501606FF40E13
:10E47800616F7FECF5F01200080E0601AA6F130E0B
:10E48800AB6FD30EAC6FFF0EAD6F010EAE6F28EC05
:10E49800DDF00009D8B453EFF2F055EFF2F063EF76
:10E4A800F2F0350E0501606FFA0E616F7FECF5F042
:10E4B800FF0E0601B76FFE0EB66F68EFF2F0000EA2
:10E4C8000601B76F000EB66F120049C54DF54AC573
:10E4D8004EF57DEFF2F047C535F548C536F54D0EDA
:10E4E800376E050E386E4BC539F54CC53AF551EC0B
:10E4F80098F04DC5F6F44EC5F7F4000EF86E080016
:10E50800F5500009D8A48BEFF2F08DEFF2F06FEF21
:10E51800F2F0000E486E000E476E120007C509F5AE
:10E5280008C50AF59AEFF2F0074A082A07C5F6F473
:10E5380008C5F7F4000EF86E3F0EF76403D0080024
:10E54800F55005D0F6C4E9F4F7C4EAF4EF50000931
:10E55800D8A4B1EFF2F0B3EFF2F098EFF2F009506F
:10E56800075C076E0A500858086E1200640E050111
:10E57800686F050E696F60C56AF561C56BF5000EB9
:10E588006D6F000E6C6F000E746F000E736F6A0E65
:10E59800476E050E486E62C549F563C54AF5680EB3
:10E5A8004B6E050E4C6E69ECF2F005016C5160255E
:10E5B800D96E6D516121DA6EDF6A120009C50FF557
:10E5C8000AC510F507C50DF508C50EF5FCEFF2F004
:10E5D8000FC5D9F410C5DAF4DF50116E0F4A102AAE
:10E5E8000DC5D9F40EC5DAF411C5DFF40D4A0E2AAB
:10E5F8000B06D8A00C060B2806E10C28D8A407EFB8
:10E60800F3F009EFF3F0ECEFF2F012001A0E0D241C
:10E61800076E000E0E20086E0FC509F510C50AF525
:10E628006BECF5F00BC5D9F40CC5DAF4030EDE1863
:10E63800D8A421EFF3F023EFF3F02FEFF3F0140E4B
:10E648000D24076E000E0E20086E11C509F512C5BF
:10E658000AF56BECF5F01200070136513711D8B402
:10E6680038EFF3F03AEFF3F030EFF3F0AB90000E41
:10E678003825D96E0A0E3921DA6EDF500B6E010E7D
:10E688003825096E000E39210A6E7F0E0914386F7D
:10E69800396B3607D8A03707AB800BC507F5086A72
:10E6A800120056505710D8B45CEFF3F05EEFF3F059
:10E6B80055EFF3F0A790000E07013C25D96E090E1F
:10E6C8003D21DA6EDF500B6E010E3C25096E000EFF
:10E6D8003D210A6E7F0E09143C6F3D6B5606D8A08B
:10E6E8005706A7800BC507F5086A12001A6E06C7F9
:10E6F8001BF507C71CF51BC515F51CC516F5B6ECAB
:10E70800F5F01D6E1A501D18D8A48DEFF3F08FEF99
:10E71800F3F09BEFF3F01806D8A01906185019105B
:10E72800D8A499EFF3F09BEFF3F07FEFF3F01D50CF
:02E738001200CD
:10E73C00EDC206F50701375107E1800E365DD8B002
:10E74C00AAEFF3F0ACEFF3F0C0EFF3F0000E3A25C4
:10E75C00D96E0A0E3B21DA6E06C5DFF4010E3A259E
:10E76C00046E000E3B21056E7F0E04143A6F3B6B5A
:10E77C00364B372B1100000E176E000E166ED2EFB3
:10E78C00F3F015C508F5096A13C50AF514C50BF5A0
:10E79C001FECE4F0164A172A16501124D96E1750A4
:10E7AC001220DA6EDF50156E1550D8A4E0EFF3F09E
:10E7BC00E2EFF3F0C7EFF3F01200C768C968C68048
:10E7CC00C682C684C688C686C880550E0401596F99
:10E7DC00AA0E596F5991080E5D6F000E5E6F000EF8
:10E7EC005F6F550E596FAA0E596F598109ECF7F0EE
:10E7FC00C09AC88AC292C2901200000E076E070E11
:10E80C00086E550E096E070E0A6ED00EB4ECE1F0D0
:10E81C00FF0AD8A414EFF4F016EFF4F01CEFF4F0A8
:10E82C00000E2E6E010E2D6E22EFF4F015ECE8F0BA
:10E83C00000E2E6E000E2D6E1200516E5150D8B47B
:10E84C002AEFF4F02CEFF4F02FEFF4F0020E41EF7E
:10E85C00F4F00701DB290AE1DC2908E1DD2906E1F6
:10E86C00DE29D8A43CEFF4F03EEFF4F040EFF4F0E6
:10E87C002CEFF4F0000E120007C509F508C50AF5D7
:10E88C0020EE02F00950D9260A50DA22DF06DF50BA
:10E89C00D8A453EFF4F055EFF4F060EFF4F002016C
:10E8AC000A6B096B20EE03F00950D9260A50DA22C4
:10E8BC00DF50C76E12000001B38BC098C096C89889
:10E8CC00C896040111891187380E0201156F140EB8
:10E8DC00706F370E146F130E716F180E0401126FD8
:10E8EC00010E0201866F010E876FA4ECF5F0120089
:10E8FC0077C56CF578C56DF5790E05016E6F050E53
:10E90C006F6F2AECDCF005017B6F7B51D8A491EF83
:10E91C00F4F093EFF4F099EFF4F077C5D9F478C5EF
:10E92C00DAF4DE6ADD6A120007C50DF508C50EF5CE
:10E93C00A8EFF4F00DC5D9F40EC5DAF409C5DFF46F
:10E94C000D4A0E2A0B06D8A00C060B2806E10C2843
:10E95C00D8A4B3EFF4F0B5EFF4F0A0EFF4F012009C
:10E96C0020EE01F00750D9260850DA22DF50096E4C
:10E97C0009500C6E0D6A07C5D9F408C5DAF4DF50DE
:10E98C00096E0C500A6E09500C6E0AC50DF50CC5BB
:10E99C0007F50DC508F51200020195A9D8EFF4F0A2
:10E9AC00DAEFF4F0D2EFF4F095B9DFEFF4F0E1EF39
:10E9BC00F4F0DAEFF4F095ABE6EFF4F0E8EFF4F006
:10E9CC00ECEFF4F09985FF0EEDEFF4F0000E120071
:10E9DC0007500B6E08500C6E0D6A0E6A040ED89020
:10E9EC000B360C360D360E36E82EF5EFF4F00950DA
:10E9FC000B24076E0A500C20086E000E0D20096EB9
:10EA0C00000E0E200A6E120020EE01F00750D926DF
:10EA1C000850DA22DF50096E030E096418EFF5F086
:10EA2C001AEFF5F01EEFF5F00768086824EFF5F023
:10EA3C0009C559F5000E086E000E076E120012BEC5
:10EA4C002AEFF5F02CEFF5F032EFF5F011C511F5DA
:10EA5C0012C512F53EEFF5F011C513F512C514F5FC
:10EA6C00131E141E134A142A13C511F514C512F5DE
:10EA7C00120007C509F508C50AF520EE02F0095089
:10EA8C00D9260A50DA22DF6A0001846B856B090EE5
:10EA9C0002016A6F0A0E6B6FCA940001848F120018
:10EAAC0006C718F507C719F518C50BF519C50CF5E8
:10EABC00D8ECF5F018C511F519C512F5000E146E49
:10EACC00010E136E66ECF1F0120007C5D9F408C5FF
:10EADC00DAF409C5DFF4074A082A0A50096E0A6AF3
:10EAEC0007C5D9F408C5DAF409C5DFF4074A082AC2
:10EAFC001200620E4F6E050E506E000E476E000E29
:10EB0C00486E60C549F561C54AF54F0E4B6E050E52
:10EB1C004C6E69ECF2F01200FFFFFFFFBAFA77FEC1
:10EB2C00C1FECDFE6AFE5DFE4BFFB4FF8CFF84FE82
:10EB3C0041FF83FF37FFBDF6F2F8660702019985A6
:10EB4C009451F80B0409946F958F959DFC0E9617B4
:10EB5C00969B030E9E6F9B6B9A6B948F8D6B120022
:10EB6C00176815C507F516C508F5170E096E050EBD
:10EB7C000A6E000E0C6E010E0B6EF8ECABF017501B
:10EB8C0012000BC507F50CC508F5EDECF1F00BC543
:10EB9C0007F50CC508F5000E0A6E010E096E24EC83
:10EBAC00F6F012000BC507F50CC508F5000E0A6E41
:10EBBC00000E096E24ECF6F00BC507F50CC508F534
:10EBCC0042ECF4F01200000E07013B6F000E3A6F9E
:10EBDC00000E396F000E386F000E376F000E366F57
:10EBEC00AB801200000E07013F6F000E3E6F000E4F
:10EBFC003D6F000E3C6F000E576E000E566EA780D8
:10EC0C001200076EB7B20DEFF6F00FEFF6F012EF41
:10EC1C00F6F0010E15EFF6F007C5C9F2000E120062
:10EC2C00096E09C507F50F0E071609380F0B0F0BE8
:10EC3C000A0DF3500724086E0850120009500A10F0
:10EC4C00D8B42BEFF6F02EEFF6F0C2842FEFF6F0DF
:10EC5C00C2941200C090C09AC768C968C680C682A8
:10EC6C00C684C88AC688C686C8801200C76AC96AA4
:10EC7C00C690C692C694C698C696C090C890C09AC4
:10EC8C00C89A1200596A000E07012D6F000E2C6FE6
:10EC9C00000E2B6F000E2A6F120020EE03F00750AF
:10ECAC00D9260850DA22020EDE6E810EDD6E1200BD
:10ECBC0020EE03F00750D9260850DA22010EDE6E42
:10ECCC00810EDD6E120020EE03F00750D92608509D
:10ECDC00DA220A0EDE6E810EDD6E120020EE03F0DB
:10ECEC000750D9260850DA220B0EDE6E810EDD6E2F
:10ECFC00120020EE03F00750D9260850DA22040E39
:10ED0C00DE6E810EDD6E120020EE03F00750D92668
:10ED1C000850DA22070EDE6E810EDD6E1200076ED1
:10ED2C00BBA29BEFF6F09DEFF6F096EFF6F007C561
:10ED3C00EFF2120020EE03F00750D9260850DA2229
:10ED4C00000EDE6E010EDD6E120020EE03F0075099
:10ED5C00D9260850DA22030EDE6E810EDD6E12000B
:10ED6C0020EE03F00750D9260850DA22000EDE6E92
:10ED7C00030EDD6E1200076EB7A2C7EFF6F0C9EFF7
:10ED8C00F6F0C2EFF6F007C5C9F21200C282CEAAA5
:10ED9C00D2EFF6F0D4EFF6F0CDEFF6F01200C2920F
:10EDAC00CEBADBEFF6F0DDEFF6F0D6EFF6F01200B0
:10EDBC0020EE0EF00750D9260850DA22010EDF6E35
:10EDCC001200000E076E000E086E210E096E000E6A
:10EDDC000A6E120009C507F50AC508F553ECF6F0E2
:10EDEC001200020E086E000E076E12000201976BE5
:10EDFC009A6B998512000701456B4B6B1200D68EEE
:10EE0C00B19EA18E12000001D785D7951200010E7C
:0EEE1C000701466F1200C08C1200C09C12004D
:02EE2C001100D3
:020000040030CA
:100000008C2FFFF79FFFFFFFFFFFFFFFFFFFFFFFAB
:10001000FFFFFFFFFFFFFFFFFFFFFFFFFFFFFFFFF0
:03002000FFFFFFE0
:00000001FF
