 AS V1.42 Beta [Bld 271] - Source File ttbasic_cnv.asm - Page 1 - 8/11/2025 9:45:24


    1/   0 :                            	page 0
    2/   0 :                            	cpu 8086
    3/   0 :                            
    4/   0 :                            ;------------------------------------------
    5/   0 :                            ;
    6/   0 :                            ;	TOYOSHIKI TinyBASIC V1.0
    7/   0 :                            ;	SBCV20(8088) edition
    8/   0 :                            ;
    9/   0 :                            ;	2022.01.31 modified by A.honda
   10/   0 :                            ;	2025.08.11 modifued for MEZ88_RAM by A.honda
   11/   0 :                            ;
   12/   0 :                            ;-------------------------------------------
   13/   0 :                            
   14/   0 : =40H                       CODE_SEG	equ	40h
   15/   0 : =40H                       DT_SEG		equ	CODE_SEG
   16/   0 :                            ;RAM_END		equ	0ffffh
   17/   0 : =7FFFH                     RAM_END		equ	07fffh
   18/   0 : =0H                        RND_BASE	equ	0h
   19/   0 : =1A00H                     RND_END		equ	CODE_END
   20/   0 :                            
   21/   0 : =0H                        TB_OFF		equ	00h
   22/   0 :                            
   23/   0 :                            	ASSUME	CS:CODE, DS:DATA, SS:DATA, ES:NOTHING
   24/   0 :                            
   25/   0 :                            	SEGMENT	CODE
   26/   0 :                            
   27/   0 :                            	ORG	TB_OFF
   28/   0 :                            
   29/   0 : E9 9B 16                   	jmp	CSTART
   30/   3 : E9 9B 16                   	jmp	WSTART
   31/   6 :                            
   32/   6 :                            ;-------------------
   33/   6 :                            ;
   34/   6 :                            ; start up routine
   35/   6 :                            ;
   36/   6 :                            ;-------------------
   37/   6 :                            
   38/   6 :                            ; cold start
   39/   6 :                            start_tb:
   40/   6 : B8 40 00                   	mov	ax, DT_SEG
   41/   9 : 8E D8                      	MOV	DS,AX
   42/   B : 8E D0                      	MOV	SS,AX
   43/   D : 8E C0                      	MOV	ES,AX
   44/   F : BC 00 1B                   	MOV	SP,TB_STACK
   45/  12 :                            
   46/  12 : 33 C0                      	xor	ax, ax
   47/  14 : BF 00 1B                   	mov	di, TB_WORK
   48/  17 : B9 80 32                   	mov	cx, ((RAM_END+1) - TB_WORK)/2
   49/  1A :                            mem_clear:
   50/  1A : 89 05                      	mov	[di], ax
   51/  1C : 47                         	inc	di
   52/  1D : 47                         	inc	di
   53/  1E : E2 FA                      	loop	mem_clear
   54/  20 :                            
   55/  20 : B8 00 00                   	mov	ax, RND_BASE
   56/  23 : A3 04 1B                   	mov	[s_val], ax	; set initial BASE value for SEED
   57/  26 : E8 A0 00                   	call	_main
   58/  29 :                            ret_mon:
   59/  29 : B4 00                      	mov	ah, 0
   60/  2B : CD 21                      	int	21h		; goto monitor
   61/  2D :                            
   62/  2D :                            ;
   63/  2D :                            ; update random seed
   64/  2D :                            ;
   65/  2D :                            update_seed:
   66/  2D : 50                         	push	ax
   67/  2E : 53                         	push	bx
   68/  2F : 8B 1E 04 1B                	mov	bx, [s_val]
   69/  33 : 8B 07                      	mov	ax, [bx]
   70/  35 : A3 02 1B                   	mov	[SEEDX], ax	; update SEED
   71/  38 : 43                         	inc	bx
   72/  39 : 81 FB 00 1A                	cmp	bx, RND_END
   73/  3D : 75 03                      	jne	w1
   74/  3F : BB 00 00                   	mov	bx, RND_BASE
   75/  42 :                            w1:
   76/  42 : 89 1E 04 1B                	mov	[s_val], bx	; update base value
   77/  46 : 5B                         	pop	bx
   78/  47 : 58                         	pop	ax
   79/  48 : C3                         	ret
   80/  49 :                            ;
   81/  49 :                            ; warm start
   82/  49 :                            ;
   83/  49 :                            w_start:
   84/  49 : B8 40 00                   	mov	ax, DT_SEG
   85/  4C : 8E D8                      	MOV	DS,AX
   86/  4E : 8E D0                      	MOV	SS,AX
   87/  50 : BC 00 1B                   	MOV	SP,TB_STACK
   88/  53 :                            
   89/  53 : E8 D7 FF                   	call	update_seed
   90/  56 : B8 29 00                   	mov	ax, ret_mon
   91/  59 :                            
   92/  59 : 50                         	push	ax		; set return address to SP
   93/  5A :                            
   94/  5A : 55                         	push	bp	;Entry sequence
   95/  5B : 8B EC                      	mov	bp,sp
   96/  5D : E9 F1 15                   	JMP	basic_4		; print ">"
   97/  60 :                            
   98/  60 :                            ;-------------------------------------
   99/  60 :                            ;
  100/  60 :                            ; SBCV20(8088)
  101/  60 :                            ; Machine depend I/O interface
  102/  60 :                            ;
  103/  60 :                            ; function call to Universal Monitor
  104/  60 :                            ; ( INT 21H )
  105/  60 :                            ;
  106/  60 :                            ;------------------------------------
  107/  60 :                            _c_putch:
  108/  60 : 55                         	push	bp	;Entry sequence
  109/  61 : 8B EC                      	mov	bp,sp
  110/  63 :                            
  111/  63 : 8B 46 04                   	mov	ax,[bp+4]	; Load Arg1 into AX
  112/  66 :                            	
  113/  66 :                            	; put a charactor : AH = 2
  114/  66 :                            	; input : DL : charactor
  115/  66 : B4 02                      	mov	ah, 2
  116/  68 : 8A D0                      	mov	dl, al
  117/  6A : CD 21                      	int	21h		; system call
  118/  6C :                            
  119/  6C : 5D                         	pop	bp		; Exit sequence
  120/  6D : C3                         	ret
  121/  6E :                            
  122/  6E :                            _c_getch:
  123/  6E :                            	; get a charactor : AH = 7
  124/  6E :                            	; return AL : charactor
  125/  6E :                            
  126/  6E : B4 07                      	mov	ah, 7
  127/  70 : CD 21                      	int	21h
  128/  72 : B4 00                      	mov	ah, 0
  129/  74 : E8 B6 FF                   	call	update_seed
  130/  77 : C3                         	ret
  131/  78 :                            
  132/  78 :                            _c_kbhit:
  133/  78 :                            	; check key status : AH = 0BH
  134/  78 :                            	; OUTPUT : AL : 0     ( key is not exist )
  135/  78 :                            	;             : 0FFH  ( key is exist )
  136/  78 :                            
  137/  78 : B4 0B                      	mov	ah, 0bh
  138/  7A : CD 21                      	int	21h
  139/  7C : B4 00                      	mov	ah, 0
  140/  7E : C3                         	ret
  141/  7F :                            	
  142/  7F :                            
  143/  7F :                            _srand:
  144/  7F : 55                         	push	bp	;Entry sequence
  145/  80 : 8B EC                      	mov	bp,sp
  146/  82 :                            
  147/  82 : 8B 46 04                   	mov	ax,[bp+4]	; Load Arg1 into AX
  148/  85 : A3 00 1B                   	mov	[SEED], ax
  149/  88 : A3 02 1B                   	mov	[SEEDX], ax
  150/  8B :                            	
  151/  8B : 5D                         	pop	bp
  152/  8C : C3                         	ret
  153/  8D :                            
  154/  8D :                            _rand:
  155/  8D : 51                         	push	cx
  156/  8E : 52                         	push	dx
  157/  8F :                            
  158/  8F : A1 02 1B                   	mov	ax, [SEEDX]
  159/  92 : 0B C0                      	or	ax, ax
  160/  94 : 75 03                      	jnz	RND3
  161/  96 : B8 01 00                   	mov	ax, 1
  162/  99 :                            RND3:
  163/  99 : 8B D0                      	mov	dx, ax
  164/  9B : B1 05                      	mov	cl, 5
  165/  9D : D3 E2                      	shl	dx, cl
  166/  9F : 33 C2                      	xor	ax, dx
  167/  A1 : 8B D0                      	mov	dx, ax
  168/  A3 : B1 03                      	mov	cl, 3
  169/  A5 : D3 EA                      	shr	dx, cl
  170/  A7 : 33 C2                      	xor	ax, dx
  171/  A9 : 50                         	push	ax
  172/  AA :                            
  173/  AA : A1 00 1B                   	mov	ax, [SEED]
  174/  AD : 0B C0                      	or	ax, ax
  175/  AF : 75 03                      	jnz	RND4
  176/  B1 : B8 01 00                   	mov	ax, 1
  177/  B4 :                            RND4:
  178/  B4 : A3 02 1B                   	mov	[SEEDX], ax
  179/  B7 : 8B D0                      	mov	dx, ax
  180/  B9 : D1 EA                      	shr	dx, 1
  181/  BB : 33 C2                      	xor	ax, dx
  182/  BD : 5A                         	pop	dx
  183/  BE : 33 C2                      	xor	ax, dx
  184/  C0 : A3 00 1B                   	mov	[SEED], ax	; 0 - FFFFH : -32768 ~ 32767
  185/  C3 : 25 FF 7F                   	and	ax, 7fffh	; 0 - 7FFFH : 0 ~ 32767
  186/  C6 :                            
  187/  C6 : 5A                         	pop dx
  188/  C7 : 59                         	pop cx
  189/  C8 : C3                         	ret
  190/  C9 :                            
  191/  C9 :                            ;;;;;;;;;;;;;;;;;;;;;;;;;;;;;;;;;;;;;;;;;;;;
  192/  C9 :                            ;
  193/  C9 :                            ;	TOYOSHIKI TinyBASIC V1.0
  194/  C9 :                            ;	Linux edition
  195/  C9 :                            ;	(C)2015 Tetsuya Suzuki
  196/  C9 :                            ;
  197/  C9 :                            ;	SBCZ8002 edition	2021.06.04
  198/  C9 :                            ;
  199/  C9 :                            ;;;;;;;;;;;;;;;;;;;;;;;;;;;;;;;;;;;;;;;;;;;;
  200/  C9 :                            
  201/  C9 :                            _main:
  202/  C9 : B8 D2 04                   	mov	ax,1234
  203/  CC : 50                         	push	ax
  204/  CD : E8 AF FF                   	call	_srand
  205/  D0 : 59                         	pop	cx
  206/  D1 : E8 51 15                   	call	_basic
  207/  D4 : 33 C0                      	xor	ax,ax
  208/  D6 : C3                         	ret	
  209/  D7 :                            
  210/  D7 :                            _newline:
  211/  D7 : B0 0D                      	mov	al,13
  212/  D9 : 50                         	push	ax
  213/  DA : E8 83 FF                   	call	_c_putch
  214/  DD : 59                         	pop	cx
  215/  DE : B0 0A                      	mov	al,10
  216/  E0 : 50                         	push	ax
  217/  E1 : E8 7C FF                   	call	_c_putch
  218/  E4 : 59                         	pop	cx
  219/  E5 : C3                         	ret	
  220/  E6 :                            
  221/  E6 :                            ;/* Return random number */
  222/  E6 :                            _getrnd:
  223/  E6 : 55                         	push	bp
  224/  E7 : 8B EC                      	mov	bp,sp
  225/  E9 : E8 A1 FF                   	call	_rand
  226/  EC : 99                         	cwd
  227/  ED : F7 7E 04                   	idiv	word ptr [bp+4]
  228/  F0 : 8B C2                      	mov	ax,dx
  229/  F2 : 40                         	inc	ax
  230/  F3 : 5D                         	pop	bp
  231/  F4 : C3                         	ret	
  232/  F5 :                            
  233/  F5 :                            _sstyle:
  234/  F5 : 55                         	push	bp
  235/  F6 : 8B EC                      	mov	bp,sp
  236/  F8 : EB 15                      	jmp	sstyle8
  237/  FA :                            sstyle7:
  238/  FA : 8A 46 08                   	mov	al, [bp+8]
  239/  FD : B4 00                      	mov	ah,0
  240/  FF : 8B D8                      	mov	bx,ax
  241/ 101 : 03 5E 06                   	add	bx, [bp+6]
  242/ 104 : 8A 07                      	mov	al, [bx]
  243/ 106 : 3A 46 04                   	cmp	al, [bp+4]
  244/ 109 : 75 04                      	jne	sstyle8
  245/ 10B : B0 01                      	mov	al,1
  246/ 10D : EB 0C                      	jmp	sstyle4
  247/ 10F :                            sstyle8:
  248/ 10F : 8A 46 08                   	mov	al, [bp+8]
  249/ 112 : FE 4E 08                   	dec	byte ptr [bp+8]
  250/ 115 : 0A C0                      	or	al,al
  251/ 117 : 75 E1                      	jne	sstyle7
  252/ 119 : B0 00                      	mov	al,0
  253/ 11B :                            sstyle4:
  254/ 11B : 5D                         	pop	bp
  255/ 11C : C3                         	ret	
  256/ 11D :                            
  257/ 11D :                            _c_toupper:
  258/ 11D : 55                         	push	bp
  259/ 11E : 8B EC                      	mov	bp,sp
  260/ 120 : 80 7E 04 7A                	cmp	byte ptr [bp+4],122
  261/ 124 : 7F 0D                      	jg	c_toupper11
  262/ 126 : 80 7E 04 61                	cmp	byte ptr [bp+4],97
  263/ 12A : 7C 07                      	jl	c_toupper11
  264/ 12C : 8A 46 04                   	mov	al, [bp+4]
  265/ 12F : 04 E0                      	add	al,-32
  266/ 131 : EB 03                      	jmp	c_toupper10
  267/ 133 :                            c_toupper11:
  268/ 133 : 8A 46 04                   	mov	al, [bp+4]
  269/ 136 :                            c_toupper10:
  270/ 136 : 5D                         	pop	bp
  271/ 137 : C3                         	ret	
  272/ 138 :                            
  273/ 138 :                            
  274/ 138 :                            _c_isprint:
  275/ 138 : 55                         	push	bp
  276/ 139 : 8B EC                      	mov	bp,sp
  277/ 13B : 80 7E 04 20                	cmp	byte ptr [bp+4],32
  278/ 13F : 7C 0B                      	jl	c_isprint14
  279/ 141 : 80 7E 04 7E                	cmp	byte ptr [bp+4],126
  280/ 145 : 7F 05                      	jg	c_isprint14
  281/ 147 : B8 01 00                   	mov	ax,1
  282/ 14A : EB 02                      	jmp	c_isprint13
  283/ 14C :                            c_isprint14:
  284/ 14C : 33 C0                      	xor	ax,ax
  285/ 14E :                            c_isprint13:
  286/ 14E : 5D                         	pop	bp
  287/ 14F : C3                         	ret	
  288/ 150 :                            
  289/ 150 :                            _c_isspace:
  290/ 150 : 55                         	push	bp
  291/ 151 : 8B EC                      	mov	bp,sp
  292/ 153 : 80 7E 04 20                	cmp	byte ptr [bp+4],32
  293/ 157 : 74 0C                      	je	c_isspace18
  294/ 159 : 80 7E 04 0D                	cmp	byte ptr [bp+4],13
  295/ 15D : 7F 0B                      	jg	c_isspace17
  296/ 15F : 80 7E 04 09                	cmp	byte ptr [bp+4],9
  297/ 163 : 7C 05                      	jl	c_isspace17
  298/ 165 :                            c_isspace18:
  299/ 165 : B8 01 00                   	mov	ax,1
  300/ 168 : EB 02                      	jmp	c_isspace16
  301/ 16A :                            c_isspace17:
  302/ 16A : 33 C0                      	xor	ax,ax
  303/ 16C :                            c_isspace16:
  304/ 16C : 5D                         	pop	bp
  305/ 16D : C3                         	ret	
  306/ 16E :                            
  307/ 16E :                            
  308/ 16E :                            _c_isdigit:
  309/ 16E : 55                         	push	bp
  310/ 16F : 8B EC                      	mov	bp,sp
  311/ 171 : 80 7E 04 39                	cmp	byte ptr [bp+4],57
  312/ 175 : 7F 0B                      	jg	c_isdigit21
  313/ 177 : 80 7E 04 30                	cmp	byte ptr [bp+4],48
  314/ 17B : 7C 05                      	jl	c_isdigit21
  315/ 17D : B8 01 00                   	mov	ax,1
  316/ 180 : EB 02                      	jmp	c_isdigit20
  317/ 182 :                            c_isdigit21:
  318/ 182 : 33 C0                      	xor	ax,ax
  319/ 184 :                            c_isdigit20:
  320/ 184 : 5D                         	pop	bp
  321/ 185 : C3                         	ret	
  322/ 186 :                            
  323/ 186 :                            
  324/ 186 :                            _c_isalpha:
  325/ 186 : 55                         	push	bp
  326/ 187 : 8B EC                      	mov	bp,sp
  327/ 189 : 80 7E 04 7A                	cmp	byte ptr [bp+4],122
  328/ 18D : 7F 06                      	jg	c_isalpha26
  329/ 18F : 80 7E 04 61                	cmp	byte ptr [bp+4],97
  330/ 193 : 7D 0C                      	jge	c_isalpha25
  331/ 195 :                            c_isalpha26:
  332/ 195 : 80 7E 04 5A                	cmp	byte ptr [bp+4],90
  333/ 199 : 7F 0B                      	jg	c_isalpha24
  334/ 19B : 80 7E 04 41                	cmp	byte ptr [bp+4],65
  335/ 19F : 7C 05                      	jl	c_isalpha24
  336/ 1A1 :                            c_isalpha25:
  337/ 1A1 : B8 01 00                   	mov	ax,1
  338/ 1A4 : EB 02                      	jmp	c_isalpha23
  339/ 1A6 :                            c_isalpha24:
  340/ 1A6 : 33 C0                      	xor	ax,ax
  341/ 1A8 :                            c_isalpha23:
  342/ 1A8 : 5D                         	pop	bp
  343/ 1A9 : C3                         	ret	
  344/ 1AA :                            
  345/ 1AA :                            
  346/ 1AA :                            _c_puts:
  347/ 1AA : 55                         	push	bp
  348/ 1AB : 8B EC                      	mov	bp,sp
  349/ 1AD : EB 0C                      	jmp	c_puts28
  350/ 1AF :                            c_puts30:
  351/ 1AF : 8B 5E 04                   	mov	bx,word ptr [bp+4]
  352/ 1B2 : FF 46 04                   	inc	word ptr [bp+4]
  353/ 1B5 : FF 37                      	push	word ptr [bx]
  354/ 1B7 : E8 A6 FE                   	call	_c_putch
  355/ 1BA : 59                         	pop	cx
  356/ 1BB :                            c_puts28:
  357/ 1BB : 8B 5E 04                   	mov	bx,word ptr [bp+4]
  358/ 1BE : 80 3F 00                   	cmp	byte ptr [bx],0
  359/ 1C1 : 75 EC                      	jne	c_puts30
  360/ 1C3 :                            
  361/ 1C3 : 5D                         	pop	bp
  362/ 1C4 : C3                         	ret	
  363/ 1C5 :                            
  364/ 1C5 :                            
  365/ 1C5 :                            _c_gets:
  366/ 1C5 : 55                         	push	bp
  367/ 1C6 : 8B EC                      	mov	bp,sp
  368/ 1C8 : 83 EC 02                   	sub	sp,2
  369/ 1CB : C6 46 FF 00                	mov	byte ptr [bp-1],0
  370/ 1CF : EB 5F                      	jmp	c_gets32
  371/ 1D1 :                            c_gets34:
  372/ 1D1 : 80 7E FE 09                	cmp	byte ptr [bp-2],9
  373/ 1D5 : 75 04                      	jne	c_gets35
  374/ 1D7 : C6 46 FE 20                	mov	byte ptr [bp-2],32
  375/ 1DB :                            c_gets35:
  376/ 1DB : 80 7E FE 08                	cmp	byte ptr [bp-2],8
  377/ 1DF : 74 06                      	je	c_gets37
  378/ 1E1 : 80 7E FE 7F                	cmp	byte ptr [bp-2],127
  379/ 1E5 : 75 20                      	jne	c_gets36
  380/ 1E7 :                            c_gets37:
  381/ 1E7 : 80 7E FF 00                	cmp	byte ptr [bp-1],0
  382/ 1EB : 76 1A                      	jbe	c_gets36
  383/ 1ED : FE 4E FF                   	dec	byte ptr [bp-1]
  384/ 1F0 : B0 08                      	mov	al,8
  385/ 1F2 : 50                         	push	ax
  386/ 1F3 : E8 6A FE                   	call	_c_putch
  387/ 1F6 : 59                         	pop	cx
  388/ 1F7 : B0 20                      	mov	al,32
  389/ 1F9 : 50                         	push	ax
  390/ 1FA : E8 63 FE                   	call	_c_putch
  391/ 1FD : 59                         	pop	cx
  392/ 1FE : B0 08                      	mov	al,8
  393/ 200 : 50                         	push	ax
  394/ 201 : E8 5C FE                   	call	_c_putch
  395/ 204 : 59                         	pop	cx
  396/ 205 : EB 29                      	jmp	c_gets38
  397/ 207 :                            c_gets36:
  398/ 207 : FF 76 FE                   	push	word ptr [bp-2]
  399/ 20A : E8 2B FF                   	call	_c_isprint
  400/ 20D : 59                         	pop	cx
  401/ 20E : 0A C0                      	or	al,al
  402/ 210 : 74 1E                      	je	c_gets39
  403/ 212 : 80 7E FF 9F                	cmp	byte ptr [bp-1],159
  404/ 216 : 73 18                      	jae	c_gets39
  405/ 218 : 8A 46 FE                   	mov	al,byte ptr [bp-2]
  406/ 21B : 8A 56 FF                   	mov	dl,byte ptr [bp-1]
  407/ 21E : B6 00                      	mov	dh,0
  408/ 220 : 8B DA                      	mov	bx,dx
  409/ 222 : 88 87 AA 1B                	mov	byte ptr _lbuf[bx],al
  410/ 226 : FE 46 FF                   	inc	byte ptr [bp-1]
  411/ 229 : FF 76 FE                   	push	word ptr [bp-2]
  412/ 22C : E8 31 FE                   	call	_c_putch
  413/ 22F : 59                         	pop	cx
  414/ 230 :                            c_gets39:
  415/ 230 :                            c_gets38:
  416/ 230 :                            c_gets32:
  417/ 230 : E8 3B FE                   	call	_c_getch
  418/ 233 : 88 46 FE                   	mov	byte ptr [bp-2],al
  419/ 236 : 3C 0D                      	cmp	al,13
  420/ 238 : 75 97                      	jne	c_gets34
  421/ 23A :                            c_gets33:
  422/ 23A : E8 9A FE                   	call	_newline
  423/ 23D : 8A 46 FF                   	mov	al,byte ptr [bp-1]
  424/ 240 : B4 00                      	mov	ah,0
  425/ 242 : 8B D8                      	mov	bx,ax
  426/ 244 : C6 87 AA 1B 00             	mov	byte ptr _lbuf[bx],0
  427/ 249 : 80 7E FF 00                	cmp	byte ptr [bp-1],0
  428/ 24D : 76 27                      	jbe	c_gets40
  429/ 24F : EB 00                      	jmp	c_gets41
  430/ 251 :                            c_gets43:
  431/ 251 :                            c_gets41:
  432/ 251 : FE 4E FF                   	dec	byte ptr [bp-1]
  433/ 254 : 8A 46 FF                   	mov	al,byte ptr [bp-1]
  434/ 257 : B4 00                      	mov	ah,0
  435/ 259 : 8B D8                      	mov	bx,ax
  436/ 25B : FF B7 AA 1B                	push	word ptr _lbuf[bx]
  437/ 25F : E8 EE FE                   	call	_c_isspace
  438/ 262 : 59                         	pop	cx
  439/ 263 : 0A C0                      	or	al,al
  440/ 265 : 75 EA                      	jne	c_gets43
  441/ 267 :                            c_gets42:
  442/ 267 : FE 46 FF                   	inc	byte ptr [bp-1]
  443/ 26A : 8A 46 FF                   	mov	al,byte ptr [bp-1]
  444/ 26D : B4 00                      	mov	ah,0
  445/ 26F : 8B D8                      	mov	bx,ax
  446/ 271 : C6 87 AA 1B 00             	mov	byte ptr _lbuf[bx],0
  447/ 276 :                            c_gets40:
  448/ 276 :                            c_gets31:
  449/ 276 : 8B E5                      	mov	sp,bp
  450/ 278 : 5D                         	pop	bp
  451/ 279 : C3                         	ret	
  452/ 27A :                            
  453/ 27A :                            
  454/ 27A :                            _putnum:
  455/ 27A : 55                         	push	bp
  456/ 27B : 8B EC                      	mov	bp,sp
  457/ 27D : 83 EC 02                   	sub	sp,2
  458/ 280 : 83 7E 04 00                	cmp	word ptr [bp+4],0
  459/ 284 : 7D 0E                      	jge	putnum45
  460/ 286 : C6 46 FF 01                	mov	byte ptr [bp-1],1
  461/ 28A : 8B 46 04                   	mov	ax,word ptr [bp+4]
  462/ 28D : F7 D8                      	neg	ax
  463/ 28F : 89 46 04                   	mov	word ptr [bp+4],ax
  464/ 292 : EB 04                      	jmp	putnum46
  465/ 294 :                            putnum45:
  466/ 294 : C6 46 FF 00                	mov	byte ptr [bp-1],0
  467/ 298 :                            putnum46:
  468/ 298 :                            ;	?debug	L 238
  469/ 298 : C6 06 B0 1B 00             	mov	byte ptr _lbuf+6,0
  470/ 29D :                            ;	?debug	L 239
  471/ 29D : C6 46 FE 06                	mov	byte ptr [bp-2],6
  472/ 2A1 :                            putnum49:
  473/ 2A1 :                            ;	?debug	L 241
  474/ 2A1 : FE 4E FE                   	dec	byte ptr [bp-2]
  475/ 2A4 : 8B 46 04                   	mov	ax,word ptr [bp+4]
  476/ 2A7 : BB 0A 00                   	mov	bx,10
  477/ 2AA : 99                         	cwd	
  478/ 2AB : F7 FB                      	idiv	bx
  479/ 2AD : 80 C2 30                   	add	dl,48
  480/ 2B0 : 8A 46 FE                   	mov	al,byte ptr [bp-2]
  481/ 2B3 : B4 00                      	mov	ah,0
  482/ 2B5 : 8B D8                      	mov	bx,ax
  483/ 2B7 : 88 97 AA 1B                	mov	byte ptr _lbuf[bx],dl
  484/ 2BB :                            ;	?debug	L 242
  485/ 2BB : 8B 46 04                   	mov	ax,word ptr [bp+4]
  486/ 2BE : BB 0A 00                   	mov	bx,10
  487/ 2C1 : 99                         	cwd	
  488/ 2C2 : F7 FB                      	idiv	bx
  489/ 2C4 : 89 46 04                   	mov	word ptr [bp+4],ax
  490/ 2C7 :                            putnum47:
  491/ 2C7 :                            ;	?debug	L 243
  492/ 2C7 : 83 7E 04 00                	cmp	word ptr [bp+4],0
  493/ 2CB : 7F D4                      	jg	putnum49
  494/ 2CD :                            putnum48:
  495/ 2CD :                            ;	?debug	L 245
  496/ 2CD : 80 7E FF 00                	cmp	byte ptr [bp-1],0
  497/ 2D1 : 74 0F                      	je	putnum50
  498/ 2D3 :                            ;	?debug	L 246
  499/ 2D3 : FE 4E FE                   	dec	byte ptr [bp-2]
  500/ 2D6 : 8A 46 FE                   	mov	al,byte ptr [bp-2]
  501/ 2D9 : B4 00                      	mov	ah,0
  502/ 2DB : 8B D8                      	mov	bx,ax
  503/ 2DD : C6 87 AA 1B 2D             	mov	byte ptr _lbuf[bx],45
  504/ 2E2 :                            putnum50:
  505/ 2E2 : EB 0A                      	jmp	putnum51
  506/ 2E4 :                            putnum53:
  507/ 2E4 :                            ;	?debug	L 250
  508/ 2E4 : B0 20                      	mov	al,32
  509/ 2E6 : 50                         	push	ax
  510/ 2E7 : E8 76 FD                   	call	_c_putch
  511/ 2EA : 59                         	pop	cx
  512/ 2EB :                            ;	?debug	L 251
  513/ 2EB : FF 4E 06                   	dec	word ptr [bp+6]
  514/ 2EE :                            putnum51:
  515/ 2EE :                            ;	?debug	L 249
  516/ 2EE : 8A 46 FE                   	mov	al,byte ptr [bp-2]
  517/ 2F1 : B4 00                      	mov	ah,0
  518/ 2F3 : BA 06 00                   	mov	dx,6
  519/ 2F6 : 2B D0                      	sub	dx,ax
  520/ 2F8 : 3B 56 06                   	cmp	dx,word ptr [bp+6]
  521/ 2FB : 7C E7                      	jl	putnum53
  522/ 2FD :                            putnum52:
  523/ 2FD :                            ;	?debug	L 253
  524/ 2FD : 8A 46 FE                   	mov	al,byte ptr [bp-2]
  525/ 300 : B4 00                      	mov	ah,0
  526/ 302 : 05 AA 1B                   	add	ax,_lbuf
  527/ 305 : 50                         	push	ax
  528/ 306 : E8 A1 FE                   	call	_c_puts
  529/ 309 : 59                         	pop	cx
  530/ 30A :                            putnum44:
  531/ 30A :                            ;	?debug	L 254
  532/ 30A : 8B E5                      	mov	sp,bp
  533/ 30C : 5D                         	pop	bp
  534/ 30D : C3                         	ret	
  535/ 30E :                            
  536/ 30E :                            ;	?debug	L 258
  537/ 30E :                            _getnum:
  538/ 30E : 55                         	push	bp
  539/ 30F : 8B EC                      	mov	bp,sp
  540/ 311 : 83 EC 08                   	sub	sp,8
  541/ 314 :                            ;	?debug	L 264
  542/ 314 : C6 46 FE 00                	mov	byte ptr [bp-2],0
  543/ 318 : EB 67                      	jmp	putnum55
  544/ 31A :                            putnum57:
  545/ 31A :                            ;	?debug	L 266
  546/ 31A : 80 7E FD 08                	cmp	byte ptr [bp-3],8
  547/ 31E : 74 06                      	je	putnum59
  548/ 320 : 80 7E FD 7F                	cmp	byte ptr [bp-3],127
  549/ 324 : 75 20                      	jne	putnum58
  550/ 326 :                            putnum59:
  551/ 326 : 80 7E FE 00                	cmp	byte ptr [bp-2],0
  552/ 32A : 76 1A                      	jbe	putnum58
  553/ 32C :                            ;	?debug	L 267
  554/ 32C : FE 4E FE                   	dec	byte ptr [bp-2]
  555/ 32F :                            ;	?debug	L 268
  556/ 32F : B0 08                      	mov	al,8
  557/ 331 : 50                         	push	ax
  558/ 332 : E8 2B FD                   	call	_c_putch
  559/ 335 : 59                         	pop	cx
  560/ 336 : B0 20                      	mov	al,32
  561/ 338 : 50                         	push	ax
  562/ 339 : E8 24 FD                   	call	_c_putch
  563/ 33C : 59                         	pop	cx
  564/ 33D : B0 08                      	mov	al,8
  565/ 33F : 50                         	push	ax
  566/ 340 : E8 1D FD                   	call	_c_putch
  567/ 343 : 59                         	pop	cx
  568/ 344 :                            ;	?debug	L 269
  569/ 344 : EB 3B                      	jmp	putnum60
  570/ 346 :                            putnum58:
  571/ 346 :                            ;	?debug	L 270
  572/ 346 :                            ;	?debug	L 271
  573/ 346 : 80 7E FE 00                	cmp	byte ptr [bp-2],0
  574/ 34A : 75 0C                      	jne	putnum63
  575/ 34C : 80 7E FD 2B                	cmp	byte ptr [bp-3],43
  576/ 350 : 74 17                      	je	putnum62
  577/ 352 : 80 7E FD 2D                	cmp	byte ptr [bp-3],45
  578/ 356 : 74 11                      	je	putnum62
  579/ 358 :                            putnum63:
  580/ 358 : 80 7E FE 06                	cmp	byte ptr [bp-2],6
  581/ 35C : 73 23                      	jae	putnum61
  582/ 35E : FF 76 FD                   	push	word ptr [bp-3]
  583/ 361 : E8 0A FE                   	call	_c_isdigit
  584/ 364 : 59                         	pop	cx
  585/ 365 : 0A C0                      	or	al,al
  586/ 367 : 74 18                      	je	putnum61
  587/ 369 :                            putnum62:
  588/ 369 :                            ;	?debug	L 272
  589/ 369 : 8A 46 FD                   	mov	al,byte ptr [bp-3]
  590/ 36C : 8A 56 FE                   	mov	dl,byte ptr [bp-2]
  591/ 36F : B6 00                      	mov	dh,0
  592/ 371 : 8B DA                      	mov	bx,dx
  593/ 373 : 88 87 AA 1B                	mov	byte ptr _lbuf[bx],al
  594/ 377 : FE 46 FE                   	inc	byte ptr [bp-2]
  595/ 37A :                            ;	?debug	L 273
  596/ 37A : FF 76 FD                   	push	word ptr [bp-3]
  597/ 37D : E8 E0 FC                   	call	_c_putch
  598/ 380 : 59                         	pop	cx
  599/ 381 :                            putnum61:
  600/ 381 :                            putnum60:
  601/ 381 :                            putnum55:
  602/ 381 :                            ;	?debug	L 265
  603/ 381 : E8 EA FC                   	call	_c_getch
  604/ 384 : 88 46 FD                   	mov	byte ptr [bp-3],al
  605/ 387 : 3C 0D                      	cmp	al,13
  606/ 389 : 74 02                      	je	putnum73
  607/ 38B : EB 8D                      	jmp	putnum57
  608/ 38D :                            putnum73:
  609/ 38D :                            putnum56:
  610/ 38D :                            ;	?debug	L 276
  611/ 38D : E8 47 FD                   	call	_newline
  612/ 390 :                            ;	?debug	L 277
  613/ 390 : 8A 46 FE                   	mov	al,byte ptr [bp-2]
  614/ 393 : B4 00                      	mov	ah,0
  615/ 395 : 8B D8                      	mov	bx,ax
  616/ 397 : C6 87 AA 1B 00             	mov	byte ptr _lbuf[bx],0
  617/ 39C :                            ;	?debug	L 279
  618/ 39C : A0 AA 1B                   	mov	al,byte ptr _lbuf
  619/ 39F : 98                         	cbw	
  620/ 3A0 : 3D 2B 00                   	cmp	ax,43
  621/ 3A3 : 74 11                      	je	putnum66
  622/ 3A5 : 3D 2D 00                   	cmp	ax,45
  623/ 3A8 : 74 02                      	je	putnum65
  624/ 3AA : EB 14                      	jmp	putnum67
  625/ 3AC :                            putnum65:
  626/ 3AC :                            ;	?debug	L 281
  627/ 3AC : C6 46 FF 01                	mov	byte ptr [bp-1],1
  628/ 3B0 :                            ;	?debug	L 282
  629/ 3B0 : C6 46 FE 01                	mov	byte ptr [bp-2],1
  630/ 3B4 :                            ;	?debug	L 283
  631/ 3B4 : EB 14                      	jmp	putnum64
  632/ 3B6 :                            putnum66:
  633/ 3B6 :                            ;	?debug	L 285
  634/ 3B6 : C6 46 FF 00                	mov	byte ptr [bp-1],0
  635/ 3BA :                            ;	?debug	L 286
  636/ 3BA : C6 46 FE 01                	mov	byte ptr [bp-2],1
  637/ 3BE :                            ;	?debug	L 287
  638/ 3BE : EB 0A                      	jmp	putnum64
  639/ 3C0 :                            putnum67:
  640/ 3C0 :                            ;	?debug	L 289
  641/ 3C0 : C6 46 FF 00                	mov	byte ptr [bp-1],0
  642/ 3C4 :                            ;	?debug	L 290
  643/ 3C4 : C6 46 FE 00                	mov	byte ptr [bp-2],0
  644/ 3C8 :                            ;	?debug	L 291
  645/ 3C8 : EB 00                      	jmp	putnum64
  646/ 3CA :                            putnum64:
  647/ 3CA :                            ;	?debug	L 294
  648/ 3CA : C7 46 F8 00 00             	mov	word ptr [bp-8],0
  649/ 3CF :                            ;	?debug	L 295
  650/ 3CF : C7 46 FA 00 00             	mov	word ptr [bp-6],0
  651/ 3D4 : EB 34                      	jmp	putnum68
  652/ 3D6 :                            putnum70:
  653/ 3D6 :                            ;	?debug	L 297
  654/ 3D6 : 8B 46 F8                   	mov	ax,word ptr [bp-8]
  655/ 3D9 : BA 0A 00                   	mov	dx,10
  656/ 3DC : F7 E2                      	mul	dx
  657/ 3DE : 8A 56 FE                   	mov	dl,byte ptr [bp-2]
  658/ 3E1 : B6 00                      	mov	dh,0
  659/ 3E3 : 8B DA                      	mov	bx,dx
  660/ 3E5 : 50                         	push	ax
  661/ 3E6 : 8A 87 AA 1B                	mov	al,byte ptr _lbuf[bx]
  662/ 3EA : 98                         	cbw	
  663/ 3EB : 5A                         	pop	dx
  664/ 3EC : 03 D0                      	add	dx,ax
  665/ 3EE : 83 C2 D0                   	add	dx,-48
  666/ 3F1 : 89 56 FA                   	mov	word ptr [bp-6],dx
  667/ 3F4 : FE 46 FE                   	inc	byte ptr [bp-2]
  668/ 3F7 :                            ;	?debug	L 298
  669/ 3F7 : 8B 46 F8                   	mov	ax,word ptr [bp-8]
  670/ 3FA : 3B 46 FA                   	cmp	ax,word ptr [bp-6]
  671/ 3FD : 7E 05                      	jle	putnum71
  672/ 3FF :                            ;	?debug	L 299
  673/ 3FF : C6 06 CA 1C 02             	mov	byte ptr _err,2
  674/ 404 :                            putnum71:
  675/ 404 :                            ;	?debug	L 301
  676/ 404 : 8B 46 FA                   	mov	ax,word ptr [bp-6]
  677/ 407 : 89 46 F8                   	mov	word ptr [bp-8],ax
  678/ 40A :                            putnum68:
  679/ 40A :                            ;	?debug	L 296
  680/ 40A : 8A 46 FE                   	mov	al,byte ptr [bp-2]
  681/ 40D : B4 00                      	mov	ah,0
  682/ 40F : 8B D8                      	mov	bx,ax
  683/ 411 : 80 BF AA 1B 00             	cmp	byte ptr _lbuf[bx],0
  684/ 416 : 75 BE                      	jne	putnum70
  685/ 418 :                            putnum69:
  686/ 418 :                            ;	?debug	L 303
  687/ 418 : 80 7E FF 00                	cmp	byte ptr [bp-1],0
  688/ 41C : 74 07                      	je	putnum72
  689/ 41E :                            ;	?debug	L 304
  690/ 41E : 8B 46 F8                   	mov	ax,word ptr [bp-8]
  691/ 421 : F7 D8                      	neg	ax
  692/ 423 : EB 05                      	jmp	putnum54
  693/ 425 :                            putnum72:
  694/ 425 :                            ;	?debug	L 305
  695/ 425 : 8B 46 F8                   	mov	ax,word ptr [bp-8]
  696/ 428 : EB 00                      	jmp	putnum54
  697/ 42A :                            putnum54:
  698/ 42A :                            ;	?debug	L 306
  699/ 42A : 8B E5                      	mov	sp,bp
  700/ 42C : 5D                         	pop	bp
  701/ 42D : C3                         	ret	
  702/ 42E :                            
  703/ 42E :                            
  704/ 42E :                            ;	?debug	L 310
  705/ 42E :                            _toktoi:
  706/ 42E : 55                         	push	bp
  707/ 42F : 8B EC                      	mov	bp,sp
  708/ 431 : 83 EC 0A                   	sub	sp,10
  709/ 434 : 56                         	push	si
  710/ 435 : 57                         	push	di
  711/ 436 :                            ;	?debug	L 312
  712/ 436 : C6 46 F7 00                	mov	byte ptr [bp-9],0
  713/ 43A :                            ;	?debug	L 313
  714/ 43A : C7 46 F8 00 00             	mov	word ptr [bp-8],0
  715/ 43F :                            ;	?debug	L 315
  716/ 43F : BE AA 1B                   	mov	si,_lbuf
  717/ 442 : E9 9E 02                   	jmp	L_75
  718/ 445 :                            L_77:
  719/ 445 :                            ;	?debug	L 321
  720/ 445 : EB 01                      	jmp	L_78
  721/ 447 :                            L_80:
  722/ 447 : 46                         	inc	si
  723/ 448 :                            L_78:
  724/ 448 : FF 34                      	push	word ptr [si]
  725/ 44A : E8 03 FD                   	call	_c_isspace
  726/ 44D : 59                         	pop	cx
  727/ 44E : 0A C0                      	or	al,al
  728/ 450 : 75 F5                      	jne	L_80
  729/ 452 :                            L_79:
  730/ 452 :                            ;	?debug	L 324
  731/ 452 : C6 46 F6 00                	mov	byte ptr [bp-10],0
  732/ 456 : EB 5E                      	jmp	L_84
  733/ 458 :                            L_83:
  734/ 458 :                            ;	?debug	L 325
  735/ 458 : 8A 46 F6                   	mov	al,byte ptr [bp-10]
  736/ 45B : B4 00                      	mov	ah,0
  737/ 45D : 8B D8                      	mov	bx,ax
  738/ 45F : D1 E3                      	shl	bx,1
  739/ 461 : 2E 8B 87 C6 16             	mov	ax,word ptr _kwtbl[bx]
  740/ 466 : 89 46 F8                   	mov	word ptr [bp-8],ax
  741/ 469 :                            ;	?debug	L 326
  742/ 469 : 8B FE                      	mov	di,si
  743/ 46B : EB 04                      	jmp	L_85
  744/ 46D :                            L_87:
  745/ 46D :                            ;	?debug	L 330
  746/ 46D : FF 46 F8                   	inc	word ptr [bp-8]
  747/ 470 :                            ;	?debug	L 331
  748/ 470 : 47                         	inc	di
  749/ 471 :                            L_85:
  750/ 471 :                            ;	?debug	L 329
  751/ 471 : 8B 5E F8                   	mov	bx,word ptr [bp-8]
  752/ 474 : 80 3F 00                   	cmp	byte ptr [bx],0
  753/ 477 : 74 0D                      	je	L_88
  754/ 479 : FF 35                      	push	word ptr [di]
  755/ 47B : E8 9F FC                   	call	_c_toupper
  756/ 47E : 59                         	pop	cx
  757/ 47F : 8B 5E F8                   	mov	bx,word ptr [bp-8]
  758/ 482 : 3A 07                      	cmp	al,byte ptr [bx]
  759/ 484 : 74 E7                      	je	L_87
  760/ 486 :                            L_88:
  761/ 486 :                            L_86:
  762/ 486 :                            ;	?debug	L 334
  763/ 486 : 8B 5E F8                   	mov	bx,word ptr [bp-8]
  764/ 489 : 80 3F 00                   	cmp	byte ptr [bx],0
  765/ 48C : 75 25                      	jne	L_89
  766/ 48E :                            ;	?debug	L 336
  767/ 48E : 80 7E F7 9F                	cmp	byte ptr [bp-9],159
  768/ 492 : 72 0A                      	jb	L_90
  769/ 494 :                            ;	?debug	L 337
  770/ 494 : C6 06 CA 1C 04             	mov	byte ptr _err,4
  771/ 499 :                            ;	?debug	L 338
  772/ 499 : B0 00                      	mov	al,0
  773/ 49B : E9 5F 02                   	jmp	L_74
  774/ 49E :                            L_90:
  775/ 49E :                            ;	?debug	L 342
  776/ 49E : 8A 46 F6                   	mov	al,byte ptr [bp-10]
  777/ 4A1 : 8A 56 F7                   	mov	dl,byte ptr [bp-9]
  778/ 4A4 : B6 00                      	mov	dh,0
  779/ 4A6 : 8B DA                      	mov	bx,dx
  780/ 4A8 : 88 87 06 1B                	mov	byte ptr _ibuf[bx],al
  781/ 4AC : FE 46 F7                   	inc	byte ptr [bp-9]
  782/ 4AF :                            ;	?debug	L 343
  783/ 4AF : 8B F7                      	mov	si,di
  784/ 4B1 :                            ;	?debug	L 344
  785/ 4B1 : EB 09                      	jmp	L_81
  786/ 4B3 :                            L_89:
  787/ 4B3 :                            L_82:
  788/ 4B3 : FE 46 F6                   	inc	byte ptr [bp-10]
  789/ 4B6 :                            L_84:
  790/ 4B6 : 80 7E F6 23                	cmp	byte ptr [bp-10],35
  791/ 4BA : 72 9C                      	jb	L_83
  792/ 4BC :                            L_81:
  793/ 4BC :                            ;	?debug	L 349
  794/ 4BC : 80 7E F6 08                	cmp	byte ptr [bp-10],8
  795/ 4C0 : 74 02                      	je	L_128
  796/ 4C2 : EB 6E                      	jmp	L_91
  797/ 4C4 :                            L_128:
  798/ 4C4 :                            ;	?debug	L 350
  799/ 4C4 : EB 01                      	jmp	L_92
  800/ 4C6 :                            L_94:
  801/ 4C6 : 46                         	inc	si
  802/ 4C7 :                            L_92:
  803/ 4C7 : FF 34                      	push	word ptr [si]
  804/ 4C9 : E8 84 FC                   	call	_c_isspace
  805/ 4CC : 59                         	pop	cx
  806/ 4CD : 0A C0                      	or	al,al
  807/ 4CF : 75 F5                      	jne	L_94
  808/ 4D1 :                            L_93:
  809/ 4D1 :                            ;	?debug	L 351
  810/ 4D1 : 8B FE                      	mov	di,si
  811/ 4D3 :                            ;	?debug	L 352
  812/ 4D3 : C6 46 F6 00                	mov	byte ptr [bp-10],0
  813/ 4D7 : EB 03                      	jmp	L_98
  814/ 4D9 :                            L_97:
  815/ 4D9 :                            L_96:
  816/ 4D9 : FE 46 F6                   	inc	byte ptr [bp-10]
  817/ 4DC :                            L_98:
  818/ 4DC : 8B DF                      	mov	bx,di
  819/ 4DE : 47                         	inc	di
  820/ 4DF : 80 3F 00                   	cmp	byte ptr [bx],0
  821/ 4E2 : 75 F5                      	jne	L_97
  822/ 4E4 :                            L_95:
  823/ 4E4 :                            ;	?debug	L 353
  824/ 4E4 : 8A 46 F7                   	mov	al,byte ptr [bp-9]
  825/ 4E7 : B4 00                      	mov	ah,0
  826/ 4E9 : 8A 56 F6                   	mov	dl,byte ptr [bp-10]
  827/ 4EC : B6 00                      	mov	dh,0
  828/ 4EE : BB 9E 00                   	mov	bx,158
  829/ 4F1 : 2B DA                      	sub	bx,dx
  830/ 4F3 : 3B C3                      	cmp	ax,bx
  831/ 4F5 : 7C 0A                      	jl	L_99
  832/ 4F7 :                            ;	?debug	L 354
  833/ 4F7 : C6 06 CA 1C 04             	mov	byte ptr _err,4
  834/ 4FC :                            ;	?debug	L 355
  835/ 4FC : B0 00                      	mov	al,0
  836/ 4FE : E9 FC 01                   	jmp	L_74
  837/ 501 :                            L_99:
  838/ 501 :                            ;	?debug	L 357
  839/ 501 : 8A 46 F6                   	mov	al,byte ptr [bp-10]
  840/ 504 : 8A 56 F7                   	mov	dl,byte ptr [bp-9]
  841/ 507 : B6 00                      	mov	dh,0
  842/ 509 : 8B DA                      	mov	bx,dx
  843/ 50B : 88 87 06 1B                	mov	byte ptr _ibuf[bx],al
  844/ 50F : FE 46 F7                   	inc	byte ptr [bp-9]
  845/ 512 : EB 11                      	jmp	L_100
  846/ 514 :                            L_102:
  847/ 514 :                            ;	?debug	L 359
  848/ 514 : 8A 04                      	mov	al,byte ptr [si]
  849/ 516 : 8A 56 F7                   	mov	dl,byte ptr [bp-9]
  850/ 519 : B6 00                      	mov	dh,0
  851/ 51B : 8B DA                      	mov	bx,dx
  852/ 51D : 88 87 06 1B                	mov	byte ptr _ibuf[bx],al
  853/ 521 : 46                         	inc	si
  854/ 522 : FE 46 F7                   	inc	byte ptr [bp-9]
  855/ 525 :                            L_100:
  856/ 525 :                            ;	?debug	L 358
  857/ 525 : 8A 46 F6                   	mov	al,byte ptr [bp-10]
  858/ 528 : FE 4E F6                   	dec	byte ptr [bp-10]
  859/ 52B : 0A C0                      	or	al,al
  860/ 52D : 75 E5                      	jne	L_102
  861/ 52F :                            L_101:
  862/ 52F :                            ;	?debug	L 361
  863/ 52F : E9 B9 01                   	jmp	L_76
  864/ 532 :                            L_91:
  865/ 532 :                            ;	?debug	L 364
  866/ 532 : 8B 5E F8                   	mov	bx,word ptr [bp-8]
  867/ 535 : 80 3F 00                   	cmp	byte ptr [bx],0
  868/ 538 : 75 03                      	jne	L_103
  869/ 53A :                            ;	?debug	L 365
  870/ 53A : E9 A6 01                   	jmp	L_75
  871/ 53D :                            L_103:
  872/ 53D :                            ;	?debug	L 367
  873/ 53D : 8B FE                      	mov	di,si
  874/ 53F :                            ;	?debug	L 370
  875/ 53F : FF 35                      	push	word ptr [di]
  876/ 541 : E8 2A FC                   	call	_c_isdigit
  877/ 544 : 59                         	pop	cx
  878/ 545 : 0A C0                      	or	al,al
  879/ 547 : 75 03                      	jne	L_129
  880/ 549 : E9 8E 00                   	jmp	L_104
  881/ 54C :                            L_129:
  882/ 54C :                            ;	?debug	L 371
  883/ 54C : C7 46 FC 00 00             	mov	word ptr [bp-4],0
  884/ 551 :                            ;	?debug	L 372
  885/ 551 : C7 46 FE 00 00             	mov	word ptr [bp-2],0
  886/ 556 :                            L_107:
  887/ 556 :                            ;	?debug	L 374
  888/ 556 : 8B 46 FC                   	mov	ax,word ptr [bp-4]
  889/ 559 : BA 0A 00                   	mov	dx,10
  890/ 55C : F7 E2                      	mul	dx
  891/ 55E : 50                         	push	ax
  892/ 55F : 8A 05                      	mov	al,byte ptr [di]
  893/ 561 : 98                         	cbw	
  894/ 562 : 5A                         	pop	dx
  895/ 563 : 03 D0                      	add	dx,ax
  896/ 565 : 83 C2 D0                   	add	dx,-48
  897/ 568 : 89 56 FE                   	mov	word ptr [bp-2],dx
  898/ 56B : 47                         	inc	di
  899/ 56C :                            ;	?debug	L 375
  900/ 56C : 8B 46 FC                   	mov	ax,word ptr [bp-4]
  901/ 56F : 3B 46 FE                   	cmp	ax,word ptr [bp-2]
  902/ 572 : 7E 0A                      	jle	L_108
  903/ 574 :                            ;	?debug	L 376
  904/ 574 : C6 06 CA 1C 02             	mov	byte ptr _err,2
  905/ 579 :                            ;	?debug	L 377
  906/ 579 : B0 00                      	mov	al,0
  907/ 57B : E9 7F 01                   	jmp	L_74
  908/ 57E :                            L_108:
  909/ 57E :                            ;	?debug	L 379
  910/ 57E : 8B 46 FE                   	mov	ax,word ptr [bp-2]
  911/ 581 : 89 46 FC                   	mov	word ptr [bp-4],ax
  912/ 584 :                            L_105:
  913/ 584 :                            ;	?debug	L 380
  914/ 584 : FF 35                      	push	word ptr [di]
  915/ 586 : E8 E5 FB                   	call	_c_isdigit
  916/ 589 : 59                         	pop	cx
  917/ 58A : 0A C0                      	or	al,al
  918/ 58C : 75 C8                      	jne	L_107
  919/ 58E :                            L_106:
  920/ 58E :                            ;	?debug	L 382
  921/ 58E : 80 7E F7 9D                	cmp	byte ptr [bp-9],157
  922/ 592 : 72 0A                      	jb	L_109
  923/ 594 :                            ;	?debug	L 383
  924/ 594 : C6 06 CA 1C 04             	mov	byte ptr _err,4
  925/ 599 :                            ;	?debug	L 384
  926/ 599 : B0 00                      	mov	al,0
  927/ 59B : E9 5F 01                   	jmp	L_74
  928/ 59E :                            L_109:
  929/ 59E :                            ;	?debug	L 386
  930/ 59E : 8A 46 F7                   	mov	al,byte ptr [bp-9]
  931/ 5A1 : B4 00                      	mov	ah,0
  932/ 5A3 : 8B D8                      	mov	bx,ax
  933/ 5A5 : C6 87 06 1B 23             	mov	byte ptr _ibuf[bx],35
  934/ 5AA : FE 46 F7                   	inc	byte ptr [bp-9]
  935/ 5AD :                            ;	?debug	L 387
  936/ 5AD : 8A 46 FC                   	mov	al,byte ptr [bp-4]
  937/ 5B0 : 24 FF                      	and	al,255
  938/ 5B2 : 8A 56 F7                   	mov	dl,byte ptr [bp-9]
  939/ 5B5 : B6 00                      	mov	dh,0
  940/ 5B7 : 8B DA                      	mov	bx,dx
  941/ 5B9 : 88 87 06 1B                	mov	byte ptr _ibuf[bx],al
  942/ 5BD : FE 46 F7                   	inc	byte ptr [bp-9]
  943/ 5C0 :                            ;	?debug	L 388
  944/ 5C0 : 8B 46 FC                   	mov	ax,word ptr [bp-4]
  945/ 5C3 : B1 08                      	mov	cl,8
  946/ 5C5 : D3 F8                      	sar	ax,cl
  947/ 5C7 : 8A 56 F7                   	mov	dl,byte ptr [bp-9]
  948/ 5CA : B6 00                      	mov	dh,0
  949/ 5CC : 8B DA                      	mov	bx,dx
  950/ 5CE : 88 87 06 1B                	mov	byte ptr _ibuf[bx],al
  951/ 5D2 : FE 46 F7                   	inc	byte ptr [bp-9]
  952/ 5D5 :                            ;	?debug	L 389
  953/ 5D5 : 8B F7                      	mov	si,di
  954/ 5D7 :                            ;	?debug	L 390
  955/ 5D7 : E9 09 01                   	jmp	L_110
  956/ 5DA :                            L_104:
  957/ 5DA :                            ;	?debug	L 394
  958/ 5DA : 80 3C 22                   	cmp	byte ptr [si],34
  959/ 5DD : 74 08                      	je	L_112
  960/ 5DF : 80 3C 27                   	cmp	byte ptr [si],39
  961/ 5E2 : 74 03                      	je	L_130
  962/ 5E4 : E9 87 00                   	jmp	L_111
  963/ 5E7 :                            L_130:
  964/ 5E7 :                            L_112:
  965/ 5E7 :                            ;	?debug	L 395
  966/ 5E7 : 8A 04                      	mov	al,byte ptr [si]
  967/ 5E9 : 88 46 FB                   	mov	byte ptr [bp-5],al
  968/ 5EC : 46                         	inc	si
  969/ 5ED :                            ;	?debug	L 396
  970/ 5ED : 8B FE                      	mov	di,si
  971/ 5EF :                            ;	?debug	L 397
  972/ 5EF : C6 46 F6 00                	mov	byte ptr [bp-10],0
  973/ 5F3 : EB 04                      	jmp	L_116
  974/ 5F5 :                            L_115:
  975/ 5F5 :                            ;	?debug	L 398
  976/ 5F5 : 47                         	inc	di
  977/ 5F6 :                            L_114:
  978/ 5F6 : FE 46 F6                   	inc	byte ptr [bp-10]
  979/ 5F9 :                            L_116:
  980/ 5F9 : 8A 05                      	mov	al,byte ptr [di]
  981/ 5FB : 3A 46 FB                   	cmp	al,byte ptr [bp-5]
  982/ 5FE : 74 0A                      	je	L_117
  983/ 600 : FF 35                      	push	word ptr [di]
  984/ 602 : E8 33 FB                   	call	_c_isprint
  985/ 605 : 59                         	pop	cx
  986/ 606 : 0A C0                      	or	al,al
  987/ 608 : 75 EB                      	jne	L_115
  988/ 60A :                            L_117:
  989/ 60A :                            L_113:
  990/ 60A :                            ;	?debug	L 399
  991/ 60A : 8A 46 F7                   	mov	al,byte ptr [bp-9]
  992/ 60D : B4 00                      	mov	ah,0
  993/ 60F : 8A 56 F6                   	mov	dl,byte ptr [bp-10]
  994/ 612 : B6 00                      	mov	dh,0
  995/ 614 : BB 9F 00                   	mov	bx,159
  996/ 617 : 2B DA                      	sub	bx,dx
  997/ 619 : 3B C3                      	cmp	ax,bx
  998/ 61B : 7C 0A                      	jl	L_118
  999/ 61D :                            ;	?debug	L 400
 1000/ 61D : C6 06 CA 1C 04             	mov	byte ptr _err,4
 1001/ 622 :                            ;	?debug	L 401
 1002/ 622 : B0 00                      	mov	al,0
 1003/ 624 : E9 D6 00                   	jmp	L_74
 1004/ 627 :                            L_118:
 1005/ 627 :                            ;	?debug	L 403
 1006/ 627 : 8A 46 F7                   	mov	al,byte ptr [bp-9]
 1007/ 62A : B4 00                      	mov	ah,0
 1008/ 62C : 8B D8                      	mov	bx,ax
 1009/ 62E : C6 87 06 1B 25             	mov	byte ptr _ibuf[bx],37
 1010/ 633 : FE 46 F7                   	inc	byte ptr [bp-9]
 1011/ 636 :                            ;	?debug	L 404
 1012/ 636 : 8A 46 F6                   	mov	al,byte ptr [bp-10]
 1013/ 639 : 8A 56 F7                   	mov	dl,byte ptr [bp-9]
 1014/ 63C : B6 00                      	mov	dh,0
 1015/ 63E : 8B DA                      	mov	bx,dx
 1016/ 640 : 88 87 06 1B                	mov	byte ptr _ibuf[bx],al
 1017/ 644 : FE 46 F7                   	inc	byte ptr [bp-9]
 1018/ 647 : EB 11                      	jmp	L_119
 1019/ 649 :                            L_121:
 1020/ 649 :                            ;	?debug	L 406
 1021/ 649 : 8A 04                      	mov	al,byte ptr [si]
 1022/ 64B : 8A 56 F7                   	mov	dl,byte ptr [bp-9]
 1023/ 64E : B6 00                      	mov	dh,0
 1024/ 650 : 8B DA                      	mov	bx,dx
 1025/ 652 : 88 87 06 1B                	mov	byte ptr _ibuf[bx],al
 1026/ 656 : 46                         	inc	si
 1027/ 657 : FE 46 F7                   	inc	byte ptr [bp-9]
 1028/ 65A :                            L_119:
 1029/ 65A :                            ;	?debug	L 405
 1030/ 65A : 8A 46 F6                   	mov	al,byte ptr [bp-10]
 1031/ 65D : FE 4E F6                   	dec	byte ptr [bp-10]
 1032/ 660 : 0A C0                      	or	al,al
 1033/ 662 : 75 E5                      	jne	L_121
 1034/ 664 :                            L_120:
 1035/ 664 :                            ;	?debug	L 408
 1036/ 664 : 8A 04                      	mov	al,byte ptr [si]
 1037/ 666 : 3A 46 FB                   	cmp	al,byte ptr [bp-5]
 1038/ 669 : 75 01                      	jne	L_122
 1039/ 66B : 46                         	inc	si
 1040/ 66C :                            L_122:
 1041/ 66C :                            ;	?debug	L 409
 1042/ 66C : EB 75                      	jmp	L_123
 1043/ 66E :                            L_111:
 1044/ 66E :                            ;	?debug	L 413
 1045/ 66E : FF 35                      	push	word ptr [di]
 1046/ 670 : E8 13 FB                   	call	_c_isalpha
 1047/ 673 : 59                         	pop	cx
 1048/ 674 : 0A C0                      	or	al,al
 1049/ 676 : 74 62                      	je	L_124
 1050/ 678 :                            ;	?debug	L 414
 1051/ 678 : 80 7E F7 9E                	cmp	byte ptr [bp-9],158
 1052/ 67C : 72 09                      	jb	L_125
 1053/ 67E :                            ;	?debug	L 415
 1054/ 67E : C6 06 CA 1C 04             	mov	byte ptr _err,4
 1055/ 683 :                            ;	?debug	L 416
 1056/ 683 : B0 00                      	mov	al,0
 1057/ 685 : EB 76                      	jmp	L_74
 1058/ 687 :                            L_125:
 1059/ 687 :                            ;	?debug	L 418
 1060/ 687 : 80 7E F7 04                	cmp	byte ptr [bp-9],4
 1061/ 68B : 72 25                      	jb	L_126
 1062/ 68D : 8A 46 F7                   	mov	al,byte ptr [bp-9]
 1063/ 690 : B4 00                      	mov	ah,0
 1064/ 692 : 8B D8                      	mov	bx,ax
 1065/ 694 : 80 BF 04 1B 24             	cmp	byte ptr _ibuf[bx-2],36
 1066/ 699 : 75 17                      	jne	L_126
 1067/ 69B : 8A 46 F7                   	mov	al,byte ptr [bp-9]
 1068/ 69E : B4 00                      	mov	ah,0
 1069/ 6A0 : 8B D8                      	mov	bx,ax
 1070/ 6A2 : 80 BF 02 1B 24             	cmp	byte ptr _ibuf[bx-4],36
 1071/ 6A7 : 75 09                      	jne	L_126
 1072/ 6A9 :                            ;	?debug	L 419
 1073/ 6A9 : C6 06 CA 1C 14             	mov	byte ptr _err,20
 1074/ 6AE :                            ;	?debug	L 420
 1075/ 6AE : B0 00                      	mov	al,0
 1076/ 6B0 : EB 4B                      	jmp	L_74
 1077/ 6B2 :                            L_126:
 1078/ 6B2 :                            ;	?debug	L 422
 1079/ 6B2 : 8A 46 F7                   	mov	al,byte ptr [bp-9]
 1080/ 6B5 : B4 00                      	mov	ah,0
 1081/ 6B7 : 8B D8                      	mov	bx,ax
 1082/ 6B9 : C6 87 06 1B 24             	mov	byte ptr _ibuf[bx],36
 1083/ 6BE : FE 46 F7                   	inc	byte ptr [bp-9]
 1084/ 6C1 :                            ;	?debug	L 423
 1085/ 6C1 : FF 35                      	push	word ptr [di]
 1086/ 6C3 : E8 57 FA                   	call	_c_toupper
 1087/ 6C6 : 59                         	pop	cx
 1088/ 6C7 : 04 BF                      	add	al,191
 1089/ 6C9 : 8A 56 F7                   	mov	dl,byte ptr [bp-9]
 1090/ 6CC : B6 00                      	mov	dh,0
 1091/ 6CE : 8B DA                      	mov	bx,dx
 1092/ 6D0 : 88 87 06 1B                	mov	byte ptr _ibuf[bx],al
 1093/ 6D4 : FE 46 F7                   	inc	byte ptr [bp-9]
 1094/ 6D7 :                            ;	?debug	L 424
 1095/ 6D7 : 46                         	inc	si
 1096/ 6D8 :                            ;	?debug	L 425
 1097/ 6D8 : EB 09                      	jmp	L_127
 1098/ 6DA :                            L_124:
 1099/ 6DA :                            ;	?debug	L 430
 1100/ 6DA : C6 06 CA 1C 14             	mov	byte ptr _err,20
 1101/ 6DF :                            ;	?debug	L 431
 1102/ 6DF : B0 00                      	mov	al,0
 1103/ 6E1 : EB 1A                      	jmp	L_74
 1104/ 6E3 :                            L_127:
 1105/ 6E3 :                            L_123:
 1106/ 6E3 :                            L_110:
 1107/ 6E3 :                            L_75:
 1108/ 6E3 :                            ;	?debug	L 320
 1109/ 6E3 : 80 3C 00                   	cmp	byte ptr [si],0
 1110/ 6E6 : 74 03                      	je	L_131
 1111/ 6E8 : E9 5A FD                   	jmp	L_77
 1112/ 6EB :                            L_131:
 1113/ 6EB :                            L_76:
 1114/ 6EB :                            ;	?debug	L 434
 1115/ 6EB : 8A 46 F7                   	mov	al,byte ptr [bp-9]
 1116/ 6EE : B4 00                      	mov	ah,0
 1117/ 6F0 : 8B D8                      	mov	bx,ax
 1118/ 6F2 : C6 87 06 1B 26             	mov	byte ptr _ibuf[bx],38
 1119/ 6F7 : FE 46 F7                   	inc	byte ptr [bp-9]
 1120/ 6FA :                            ;	?debug	L 435
 1121/ 6FA : 8A 46 F7                   	mov	al,byte ptr [bp-9]
 1122/ 6FD :                            L_74:
 1123/ 6FD :                            ;	?debug	L 436
 1124/ 6FD : 5F                         	pop	di
 1125/ 6FE : 5E                         	pop	si
 1126/ 6FF : 8B E5                      	mov	sp,bp
 1127/ 701 : 5D                         	pop	bp
 1128/ 702 : C3                         	ret	
 1129/ 703 :                            
 1130/ 703 :                            ;	?debug	L 439
 1131/ 703 :                            _getlineno:
 1132/ 703 : 55                         	push	bp
 1133/ 704 : 8B EC                      	mov	bp,sp
 1134/ 706 : 56                         	push	si
 1135/ 707 : 8B 76 04                   	mov	si,word ptr [bp+4]
 1136/ 70A :                            ;	?debug	L 440
 1137/ 70A : 80 3C 00                   	cmp	byte ptr [si],0
 1138/ 70D : 75 05                      	jne	L_133
 1139/ 70F :                            ;	?debug	L 441
 1140/ 70F : B8 FF 7F                   	mov	ax,32767
 1141/ 712 : EB 10                      	jmp	L_132
 1142/ 714 :                            L_133:
 1143/ 714 :                            ;	?debug	L 442
 1144/ 714 : 8A 44 02                   	mov	al,byte ptr [si+2]
 1145/ 717 : B4 00                      	mov	ah,0
 1146/ 719 : B1 08                      	mov	cl,8
 1147/ 71B : D3 E0                      	shl	ax,cl
 1148/ 71D : 8A 54 01                   	mov	dl,byte ptr [si+1]
 1149/ 720 : B6 00                      	mov	dh,0
 1150/ 722 : 0B C2                      	or	ax,dx
 1151/ 724 :                            L_132:
 1152/ 724 :                            ;	?debug	L 443
 1153/ 724 : 5E                         	pop	si
 1154/ 725 : 5D                         	pop	bp
 1155/ 726 : C3                         	ret	
 1156/ 727 :                            
 1157/ 727 :                            ;	?debug	L 446
 1158/ 727 :                            _getlp:
 1159/ 727 : 55                         	push	bp
 1160/ 728 : 8B EC                      	mov	bp,sp
 1161/ 72A : 56                         	push	si
 1162/ 72B :                            ;	?debug	L 449
 1163/ 72B : BE 32 1D                   	mov	si,_listbuf
 1164/ 72E : EB 12                      	jmp	L_138
 1165/ 730 :                            L_137:
 1166/ 730 :                            ;	?debug	L 450
 1167/ 730 : 56                         	push	si
 1168/ 731 : E8 CF FF                   	call	_getlineno
 1169/ 734 : 59                         	pop	cx
 1170/ 735 : 3B 46 04                   	cmp	ax,word ptr [bp+4]
 1171/ 738 : 7C 02                      	jl	L_139
 1172/ 73A :                            ;	?debug	L 451
 1173/ 73A : EB 0B                      	jmp	L_135
 1174/ 73C :                            L_139:
 1175/ 73C :                            L_136:
 1176/ 73C : 8A 04                      	mov	al,byte ptr [si]
 1177/ 73E : B4 00                      	mov	ah,0
 1178/ 740 : 03 F0                      	add	si,ax
 1179/ 742 :                            L_138:
 1180/ 742 : 80 3C 00                   	cmp	byte ptr [si],0
 1181/ 745 : 75 E9                      	jne	L_137
 1182/ 747 :                            L_135:
 1183/ 747 :                            ;	?debug	L 452
 1184/ 747 : 8B C6                      	mov	ax,si
 1185/ 749 :                            L_134:
 1186/ 749 :                            ;	?debug	L 453
 1187/ 749 : 5E                         	pop	si
 1188/ 74A : 5D                         	pop	bp
 1189/ 74B : C3                         	ret	
 1190/ 74C :                            ;	?debug	L 456
 1191/ 74C :                            _getsize:
 1192/ 74C : 56                         	push	si
 1193/ 74D :                            ;	?debug	L 459
 1194/ 74D : BE 32 1D                   	mov	si,_listbuf
 1195/ 750 : EB 06                      	jmp	L_144
 1196/ 752 :                            L_143:
 1197/ 752 :                            L_142:
 1198/ 752 : 8A 04                      	mov	al,byte ptr [si]
 1199/ 754 : B4 00                      	mov	ah,0
 1200/ 756 : 03 F0                      	add	si,ax
 1201/ 758 :                            L_144:
 1202/ 758 : 80 3C 00                   	cmp	byte ptr [si],0
 1203/ 75B : 75 F5                      	jne	L_143
 1204/ 75D :                            L_141:
 1205/ 75D :                            ;	?debug	L 460
 1206/ 75D : B8 FF 7F                   	mov	ax,_listbuf+list_bufs-1
 1207/ 760 : 2B C6                      	sub	ax,si
 1208/ 762 : 48                         	dec	ax
 1209/ 763 :                            L_140:
 1210/ 763 :                            ;	?debug	L 461
 1211/ 763 : 5E                         	pop	si
 1212/ 764 : C3                         	ret	
 1213/ 765 :                            
 1214/ 765 :                            ;	?debug	L 465
 1215/ 765 :                            _inslist:
 1216/ 765 : 55                         	push	bp
 1217/ 766 : 8B EC                      	mov	bp,sp
 1218/ 768 : 83 EC 04                   	sub	sp,4
 1219/ 76B : 56                         	push	si
 1220/ 76C : 57                         	push	di
 1221/ 76D :                            ;	?debug	L 470
 1222/ 76D : E8 DC FF                   	call	_getsize
 1223/ 770 : 8A 16 06 1B                	mov	dl,byte ptr _ibuf
 1224/ 774 : B6 00                      	mov	dh,0
 1225/ 776 : 3B C2                      	cmp	ax,dx
 1226/ 778 : 7D 08                      	jge	L_146
 1227/ 77A :                            ;	?debug	L 471
 1228/ 77A : C6 06 CA 1C 05             	mov	byte ptr _err,5
 1229/ 77F : E9 AF 00                   	jmp	L_145
 1230/ 782 :                            L_146:
 1231/ 782 :                            ;	?debug	L 475
 1232/ 782 : B8 06 1B                   	mov	ax,_ibuf
 1233/ 785 : 50                         	push	ax
 1234/ 786 : E8 7A FF                   	call	_getlineno
 1235/ 789 : 59                         	pop	cx
 1236/ 78A : 50                         	push	ax
 1237/ 78B : E8 99 FF                   	call	_getlp
 1238/ 78E : 59                         	pop	cx
 1239/ 78F : 89 46 FC                   	mov	word ptr [bp-4],ax
 1240/ 792 :                            ;	?debug	L 477
 1241/ 792 : FF 76 FC                   	push	word ptr [bp-4]
 1242/ 795 : E8 6B FF                   	call	_getlineno
 1243/ 798 : 59                         	pop	cx
 1244/ 799 : 50                         	push	ax
 1245/ 79A : B8 06 1B                   	mov	ax,_ibuf
 1246/ 79D : 50                         	push	ax
 1247/ 79E : E8 62 FF                   	call	_getlineno
 1248/ 7A1 : 59                         	pop	cx
 1249/ 7A2 : 5A                         	pop	dx
 1250/ 7A3 : 3B D0                      	cmp	dx,ax
 1251/ 7A5 : 75 2D                      	jne	L_147
 1252/ 7A7 :                            ;	?debug	L 478
 1253/ 7A7 : 8B 76 FC                   	mov	si,word ptr [bp-4]
 1254/ 7AA :                            ;	?debug	L 479
 1255/ 7AA : 8A 04                      	mov	al,byte ptr [si]
 1256/ 7AC : B4 00                      	mov	ah,0
 1257/ 7AE : 8B F8                      	mov	di,ax
 1258/ 7B0 : 03 FE                      	add	di,si
 1259/ 7B2 : EB 12                      	jmp	L_148
 1260/ 7B4 :                            L_150:
 1261/ 7B4 : EB 06                      	jmp	L_151
 1262/ 7B6 :                            L_153:
 1263/ 7B6 :                            ;	?debug	L 482
 1264/ 7B6 : 8A 05                      	mov	al,byte ptr [di]
 1265/ 7B8 : 88 04                      	mov	byte ptr [si],al
 1266/ 7BA : 47                         	inc	di
 1267/ 7BB : 46                         	inc	si
 1268/ 7BC :                            L_151:
 1269/ 7BC :                            ;	?debug	L 481
 1270/ 7BC : 8B 46 FE                   	mov	ax,word ptr [bp-2]
 1271/ 7BF : FF 4E FE                   	dec	word ptr [bp-2]
 1272/ 7C2 : 0B C0                      	or	ax,ax
 1273/ 7C4 : 75 F0                      	jne	L_153
 1274/ 7C6 :                            L_152:
 1275/ 7C6 :                            L_148:
 1276/ 7C6 :                            ;	?debug	L 480
 1277/ 7C6 : 8A 05                      	mov	al,byte ptr [di]
 1278/ 7C8 : B4 00                      	mov	ah,0
 1279/ 7CA : 89 46 FE                   	mov	word ptr [bp-2],ax
 1280/ 7CD : 0B C0                      	or	ax,ax
 1281/ 7CF : 75 E3                      	jne	L_150
 1282/ 7D1 :                            L_149:
 1283/ 7D1 :                            ;	?debug	L 485
 1284/ 7D1 : C6 04 00                   	mov	byte ptr [si],0
 1285/ 7D4 :                            L_147:
 1286/ 7D4 :                            ;	?debug	L 489
 1287/ 7D4 : 80 3E 06 1B 04             	cmp	byte ptr _ibuf,4
 1288/ 7D9 : 75 02                      	jne	L_154
 1289/ 7DB : EB 54                      	jmp	L_145
 1290/ 7DD :                            L_154:
 1291/ 7DD :                            ;	?debug	L 493
 1292/ 7DD : 8B 76 FC                   	mov	si,word ptr [bp-4]
 1293/ 7E0 : EB 06                      	jmp	L_158
 1294/ 7E2 :                            L_157:
 1295/ 7E2 :                            L_156:
 1296/ 7E2 : 8A 04                      	mov	al,byte ptr [si]
 1297/ 7E4 : B4 00                      	mov	ah,0
 1298/ 7E6 : 03 F0                      	add	si,ax
 1299/ 7E8 :                            L_158:
 1300/ 7E8 : 80 3C 00                   	cmp	byte ptr [si],0
 1301/ 7EB : 75 F5                      	jne	L_157
 1302/ 7ED :                            L_155:
 1303/ 7ED :                            ;	?debug	L 494
 1304/ 7ED : 8B C6                      	mov	ax,si
 1305/ 7EF : 2B 46 FC                   	sub	ax,word ptr [bp-4]
 1306/ 7F2 : 40                         	inc	ax
 1307/ 7F3 : 89 46 FE                   	mov	word ptr [bp-2],ax
 1308/ 7F6 :                            ;	?debug	L 495
 1309/ 7F6 : A0 06 1B                   	mov	al,byte ptr _ibuf
 1310/ 7F9 : B4 00                      	mov	ah,0
 1311/ 7FB : 8B F8                      	mov	di,ax
 1312/ 7FD : 03 FE                      	add	di,si
 1313/ 7FF : EB 06                      	jmp	L_159
 1314/ 801 :                            L_161:
 1315/ 801 :                            ;	?debug	L 497
 1316/ 801 : 8A 04                      	mov	al,byte ptr [si]
 1317/ 803 : 88 05                      	mov	byte ptr [di],al
 1318/ 805 : 4E                         	dec	si
 1319/ 806 : 4F                         	dec	di
 1320/ 807 :                            L_159:
 1321/ 807 :                            ;	?debug	L 496
 1322/ 807 : 8B 46 FE                   	mov	ax,word ptr [bp-2]
 1323/ 80A : FF 4E FE                   	dec	word ptr [bp-2]
 1324/ 80D : 0B C0                      	or	ax,ax
 1325/ 80F : 75 F0                      	jne	L_161
 1326/ 811 :                            L_160:
 1327/ 811 :                            ;	?debug	L 500
 1328/ 811 : A0 06 1B                   	mov	al,byte ptr _ibuf
 1329/ 814 : B4 00                      	mov	ah,0
 1330/ 816 : 89 46 FE                   	mov	word ptr [bp-2],ax
 1331/ 819 :                            ;	?debug	L 501
 1332/ 819 : 8B 76 FC                   	mov	si,word ptr [bp-4]
 1333/ 81C :                            ;	?debug	L 502
 1334/ 81C : BF 06 1B                   	mov	di,_ibuf
 1335/ 81F : EB 06                      	jmp	L_162
 1336/ 821 :                            L_164:
 1337/ 821 :                            ;	?debug	L 504
 1338/ 821 : 8A 05                      	mov	al,byte ptr [di]
 1339/ 823 : 88 04                      	mov	byte ptr [si],al
 1340/ 825 : 47                         	inc	di
 1341/ 826 : 46                         	inc	si
 1342/ 827 :                            L_162:
 1343/ 827 :                            ;	?debug	L 503
 1344/ 827 : 8B 46 FE                   	mov	ax,word ptr [bp-2]
 1345/ 82A : FF 4E FE                   	dec	word ptr [bp-2]
 1346/ 82D : 0B C0                      	or	ax,ax
 1347/ 82F : 75 F0                      	jne	L_164
 1348/ 831 :                            L_163:
 1349/ 831 :                            L_145:
 1350/ 831 :                            ;	?debug	L 505
 1351/ 831 : 5F                         	pop	di
 1352/ 832 : 5E                         	pop	si
 1353/ 833 : 8B E5                      	mov	sp,bp
 1354/ 835 : 5D                         	pop	bp
 1355/ 836 : C3                         	ret	
 1356/ 837 :                            
 1357/ 837 :                            ;	?debug	L 508
 1358/ 837 :                            _putlist:
 1359/ 837 : 55                         	push	bp
 1360/ 838 : 8B EC                      	mov	bp,sp
 1361/ 83A : 83 EC 02                   	sub	sp,2
 1362/ 83D : 56                         	push	si
 1363/ 83E : 8B 76 04                   	mov	si,word ptr [bp+4]
 1364/ 841 : E9 2D 01                   	jmp	L_166
 1365/ 844 :                            L_168:
 1366/ 844 :                            ;	?debug	L 513
 1367/ 844 : 80 3C 23                   	cmp	byte ptr [si],35
 1368/ 847 : 73 53                      	jae	L_169
 1369/ 849 :                            ;	?debug	L 514
 1370/ 849 : 8A 04                      	mov	al,byte ptr [si]
 1371/ 84B : B4 00                      	mov	ah,0
 1372/ 84D : 8B D8                      	mov	bx,ax
 1373/ 84F : D1 E3                      	shl	bx,1
 1374/ 851 : 2E FF B7 C6 16             	push	word ptr _kwtbl[bx]
 1375/ 856 : E8 51 F9                   	call	_c_puts
 1376/ 859 : 59                         	pop	cx
 1377/ 85A :                            ;	?debug	L 515
 1378/ 85A : B0 13                      	mov	al,19
 1379/ 85C : 50                         	push	ax
 1380/ 85D : B8 A4 16                   	mov	ax,_i_nsa
 1381/ 860 : 50                         	push	ax
 1382/ 861 : FF 34                      	push	word ptr [si]
 1383/ 863 : E8 8F F8                   	call	_sstyle
 1384/ 866 : 83 C4 06                   	add	sp,6
 1385/ 869 : 0A C0                      	or	al,al
 1386/ 86B : 75 07                      	jne	L_170
 1387/ 86D :                            ;	?debug	L 516
 1388/ 86D : B0 20                      	mov	al,32
 1389/ 86F : 50                         	push	ax
 1390/ 870 : E8 ED F7                   	call	_c_putch
 1391/ 873 : 59                         	pop	cx
 1392/ 874 :                            L_170:
 1393/ 874 :                            ;	?debug	L 517
 1394/ 874 : 80 3C 08                   	cmp	byte ptr [si],8
 1395/ 877 : 75 1F                      	jne	L_171
 1396/ 879 :                            ;	?debug	L 518
 1397/ 879 : 46                         	inc	si
 1398/ 87A :                            ;	?debug	L 519
 1399/ 87A : 8A 04                      	mov	al,byte ptr [si]
 1400/ 87C : 88 46 FF                   	mov	byte ptr [bp-1],al
 1401/ 87F : 46                         	inc	si
 1402/ 880 : EB 09                      	jmp	L_172
 1403/ 882 :                            L_174:
 1404/ 882 :                            ;	?debug	L 521
 1405/ 882 : 8B DE                      	mov	bx,si
 1406/ 884 : 46                         	inc	si
 1407/ 885 : FF 37                      	push	word ptr [bx]
 1408/ 887 : E8 D6 F7                   	call	_c_putch
 1409/ 88A : 59                         	pop	cx
 1410/ 88B :                            L_172:
 1411/ 88B :                            ;	?debug	L 520
 1412/ 88B : 8A 46 FF                   	mov	al,byte ptr [bp-1]
 1413/ 88E : FE 4E FF                   	dec	byte ptr [bp-1]
 1414/ 891 : 0A C0                      	or	al,al
 1415/ 893 : 75 ED                      	jne	L_174
 1416/ 895 :                            L_173:
 1417/ 895 : E9 E1 00                   	jmp	L_165
 1418/ 898 :                            L_171:
 1419/ 898 :                            ;	?debug	L 525
 1420/ 898 : 46                         	inc	si
 1421/ 899 :                            ;	?debug	L 526
 1422/ 899 : E9 D5 00                   	jmp	L_175
 1423/ 89C :                            L_169:
 1424/ 89C :                            ;	?debug	L 530
 1425/ 89C : 80 3C 23                   	cmp	byte ptr [si],35
 1426/ 89F : 75 38                      	jne	L_176
 1427/ 8A1 :                            ;	?debug	L 531
 1428/ 8A1 : 46                         	inc	si
 1429/ 8A2 :                            ;	?debug	L 532
 1430/ 8A2 : 33 C0                      	xor	ax,ax
 1431/ 8A4 : 50                         	push	ax
 1432/ 8A5 : 8A 44 01                   	mov	al,byte ptr [si+1]
 1433/ 8A8 : B4 00                      	mov	ah,0
 1434/ 8AA : B1 08                      	mov	cl,8
 1435/ 8AC : D3 E0                      	shl	ax,cl
 1436/ 8AE : 8A 14                      	mov	dl,byte ptr [si]
 1437/ 8B0 : B6 00                      	mov	dh,0
 1438/ 8B2 : 0B C2                      	or	ax,dx
 1439/ 8B4 : 50                         	push	ax
 1440/ 8B5 : E8 C2 F9                   	call	_putnum
 1441/ 8B8 : 59                         	pop	cx
 1442/ 8B9 : 59                         	pop	cx
 1443/ 8BA :                            ;	?debug	L 533
 1444/ 8BA : 46                         	inc	si
 1445/ 8BB : 46                         	inc	si
 1446/ 8BC :                            ;	?debug	L 534
 1447/ 8BC : B0 0F                      	mov	al,15
 1448/ 8BE : 50                         	push	ax
 1449/ 8BF : B8 B7 16                   	mov	ax,_i_nsb
 1450/ 8C2 : 50                         	push	ax
 1451/ 8C3 : FF 34                      	push	word ptr [si]
 1452/ 8C5 : E8 2D F8                   	call	_sstyle
 1453/ 8C8 : 83 C4 06                   	add	sp,6
 1454/ 8CB : 0A C0                      	or	al,al
 1455/ 8CD : 75 07                      	jne	L_177
 1456/ 8CF : B0 20                      	mov	al,32
 1457/ 8D1 : 50                         	push	ax
 1458/ 8D2 : E8 8B F7                   	call	_c_putch
 1459/ 8D5 : 59                         	pop	cx
 1460/ 8D6 :                            L_177:
 1461/ 8D6 :                            ;	?debug	L 535
 1462/ 8D6 : E9 98 00                   	jmp	L_178
 1463/ 8D9 :                            L_176:
 1464/ 8D9 :                            ;	?debug	L 539
 1465/ 8D9 : 80 3C 24                   	cmp	byte ptr [si],36
 1466/ 8DC : 75 29                      	jne	L_179
 1467/ 8DE :                            ;	?debug	L 540
 1468/ 8DE : 46                         	inc	si
 1469/ 8DF :                            ;	?debug	L 541
 1470/ 8DF : 8B DE                      	mov	bx,si
 1471/ 8E1 : 46                         	inc	si
 1472/ 8E2 : 8A 07                      	mov	al,byte ptr [bx]
 1473/ 8E4 : 04 41                      	add	al,65
 1474/ 8E6 : 50                         	push	ax
 1475/ 8E7 : E8 76 F7                   	call	_c_putch
 1476/ 8EA : 59                         	pop	cx
 1477/ 8EB :                            ;	?debug	L 542
 1478/ 8EB : B0 0F                      	mov	al,15
 1479/ 8ED : 50                         	push	ax
 1480/ 8EE : B8 B7 16                   	mov	ax,_i_nsb
 1481/ 8F1 : 50                         	push	ax
 1482/ 8F2 : FF 34                      	push	word ptr [si]
 1483/ 8F4 : E8 FE F7                   	call	_sstyle
 1484/ 8F7 : 83 C4 06                   	add	sp,6
 1485/ 8FA : 0A C0                      	or	al,al
 1486/ 8FC : 75 07                      	jne	L_180
 1487/ 8FE : B0 20                      	mov	al,32
 1488/ 900 : 50                         	push	ax
 1489/ 901 : E8 5C F7                   	call	_c_putch
 1490/ 904 : 59                         	pop	cx
 1491/ 905 :                            L_180:
 1492/ 905 :                            ;	?debug	L 543
 1493/ 905 : EB 6A                      	jmp	L_181
 1494/ 907 :                            L_179:
 1495/ 907 :                            ;	?debug	L 547
 1496/ 907 : 80 3C 25                   	cmp	byte ptr [si],37
 1497/ 90A : 75 5E                      	jne	L_182
 1498/ 90C :                            ;	?debug	L 550
 1499/ 90C : C6 46 FE 22                	mov	byte ptr [bp-2],34
 1500/ 910 :                            ;	?debug	L 551
 1501/ 910 : 46                         	inc	si
 1502/ 911 :                            ;	?debug	L 552
 1503/ 911 : 8A 04                      	mov	al,byte ptr [si]
 1504/ 913 : 88 46 FF                   	mov	byte ptr [bp-1],al
 1505/ 916 : EB 15                      	jmp	L_186
 1506/ 918 :                            L_185:
 1507/ 918 :                            ;	?debug	L 553
 1508/ 918 : 8A 46 FF                   	mov	al,byte ptr [bp-1]
 1509/ 91B : B4 00                      	mov	ah,0
 1510/ 91D : 8B D8                      	mov	bx,ax
 1511/ 91F : 80 38 22                   	cmp	byte ptr [bx+si],34
 1512/ 922 : 75 06                      	jne	L_187
 1513/ 924 :                            ;	?debug	L 554
 1514/ 924 : C6 46 FE 27                	mov	byte ptr [bp-2],39
 1515/ 928 :                            ;	?debug	L 555
 1516/ 928 : EB 09                      	jmp	L_183
 1517/ 92A :                            L_187:
 1518/ 92A :                            L_184:
 1519/ 92A : FE 4E FF                   	dec	byte ptr [bp-1]
 1520/ 92D :                            L_186:
 1521/ 92D : 80 7E FF 00                	cmp	byte ptr [bp-1],0
 1522/ 931 : 75 E5                      	jne	L_185
 1523/ 933 :                            L_183:
 1524/ 933 :                            ;	?debug	L 558
 1525/ 933 : FF 76 FE                   	push	word ptr [bp-2]
 1526/ 936 : E8 27 F7                   	call	_c_putch
 1527/ 939 : 59                         	pop	cx
 1528/ 93A :                            ;	?debug	L 559
 1529/ 93A : 8A 04                      	mov	al,byte ptr [si]
 1530/ 93C : 88 46 FF                   	mov	byte ptr [bp-1],al
 1531/ 93F : 46                         	inc	si
 1532/ 940 : EB 09                      	jmp	L_188
 1533/ 942 :                            L_190:
 1534/ 942 :                            ;	?debug	L 561
 1535/ 942 : 8B DE                      	mov	bx,si
 1536/ 944 : 46                         	inc	si
 1537/ 945 : FF 37                      	push	word ptr [bx]
 1538/ 947 : E8 16 F7                   	call	_c_putch
 1539/ 94A : 59                         	pop	cx
 1540/ 94B :                            L_188:
 1541/ 94B :                            ;	?debug	L 560
 1542/ 94B : 8A 46 FF                   	mov	al,byte ptr [bp-1]
 1543/ 94E : FE 4E FF                   	dec	byte ptr [bp-1]
 1544/ 951 : 0A C0                      	or	al,al
 1545/ 953 : 75 ED                      	jne	L_190
 1546/ 955 :                            L_189:
 1547/ 955 :                            ;	?debug	L 563
 1548/ 955 : FF 76 FE                   	push	word ptr [bp-2]
 1549/ 958 : E8 05 F7                   	call	_c_putch
 1550/ 95B : 59                         	pop	cx
 1551/ 95C :                            ;	?debug	L 564
 1552/ 95C : 80 3C 24                   	cmp	byte ptr [si],36
 1553/ 95F : 75 07                      	jne	L_191
 1554/ 961 :                            ;	?debug	L 565
 1555/ 961 : B0 20                      	mov	al,32
 1556/ 963 : 50                         	push	ax
 1557/ 964 : E8 F9 F6                   	call	_c_putch
 1558/ 967 : 59                         	pop	cx
 1559/ 968 :                            L_191:
 1560/ 968 :                            ;	?debug	L 566
 1561/ 968 : EB 07                      	jmp	L_192
 1562/ 96A :                            L_182:
 1563/ 96A :                            ;	?debug	L 570
 1564/ 96A : C6 06 CA 1C 15             	mov	byte ptr _err,21
 1565/ 96F : EB 08                      	jmp	L_165
 1566/ 971 :                            L_192:
 1567/ 971 :                            L_181:
 1568/ 971 :                            L_178:
 1569/ 971 :                            L_175:
 1570/ 971 :                            L_166:
 1571/ 971 :                            ;	?debug	L 511
 1572/ 971 : 80 3C 26                   	cmp	byte ptr [si],38
 1573/ 974 : 74 03                      	je	L_193
 1574/ 976 : E9 CB FE                   	jmp	L_168
 1575/ 979 :                            L_193:
 1576/ 979 :                            L_167:
 1577/ 979 :                            L_165:
 1578/ 979 :                            ;	?debug	L 574
 1579/ 979 : 5E                         	pop	si
 1580/ 97A : 8B E5                      	mov	sp,bp
 1581/ 97C : 5D                         	pop	bp
 1582/ 97D : C3                         	ret	
 1583/ 97E :                            
 1584/ 97E :                            ;	?debug	L 577
 1585/ 97E :                            _getparam:
 1586/ 97E : 55                         	push	bp
 1587/ 97F : 8B EC                      	mov	bp,sp
 1588/ 981 : 83 EC 02                   	sub	sp,2
 1589/ 984 :                            ;	?debug	L 580
 1590/ 984 : 8B 1E A8 1B                	mov	bx,word ptr _cip
 1591/ 988 : 80 3F 13                   	cmp	byte ptr [bx],19
 1592/ 98B : 74 09                      	je	L_195
 1593/ 98D :                            ;	?debug	L 581
 1594/ 98D : C6 06 CA 1C 11             	mov	byte ptr _err,17
 1595/ 992 :                            ;	?debug	L 582
 1596/ 992 : 33 C0                      	xor	ax,ax
 1597/ 994 : EB 2E                      	jmp	L_194
 1598/ 996 :                            L_195:
 1599/ 996 :                            ;	?debug	L 584
 1600/ 996 : FF 06 A8 1B                	inc	word ptr _cip
 1601/ 99A :                            ;	?debug	L 585
 1602/ 99A : E8 61 02                   	call	_iexp
 1603/ 99D : 89 46 FE                   	mov	word ptr [bp-2],ax
 1604/ 9A0 :                            ;	?debug	L 586
 1605/ 9A0 : 80 3E CA 1C 00             	cmp	byte ptr _err,0
 1606/ 9A5 : 74 04                      	je	L_196
 1607/ 9A7 : 33 C0                      	xor	ax,ax
 1608/ 9A9 : EB 19                      	jmp	L_194
 1609/ 9AB :                            L_196:
 1610/ 9AB :                            ;	?debug	L 588
 1611/ 9AB : 8B 1E A8 1B                	mov	bx,word ptr _cip
 1612/ 9AF : 80 3F 14                   	cmp	byte ptr [bx],20
 1613/ 9B2 : 74 09                      	je	L_197
 1614/ 9B4 :                            ;	?debug	L 589
 1615/ 9B4 : C6 06 CA 1C 11             	mov	byte ptr _err,17
 1616/ 9B9 :                            ;	?debug	L 590
 1617/ 9B9 : 33 C0                      	xor	ax,ax
 1618/ 9BB : EB 07                      	jmp	L_194
 1619/ 9BD :                            L_197:
 1620/ 9BD :                            ;	?debug	L 592
 1621/ 9BD : FF 06 A8 1B                	inc	word ptr _cip
 1622/ 9C1 :                            ;	?debug	L 594
 1623/ 9C1 : 8B 46 FE                   	mov	ax,word ptr [bp-2]
 1624/ 9C4 :                            L_194:
 1625/ 9C4 :                            ;	?debug	L 595
 1626/ 9C4 : 8B E5                      	mov	sp,bp
 1627/ 9C6 : 5D                         	pop	bp
 1628/ 9C7 : C3                         	ret	
 1629/ 9C8 :                            
 1630/ 9C8 :                            ;	?debug	L 598
 1631/ 9C8 :                            _ivalue:
 1632/ 9C8 : 55                         	push	bp
 1633/ 9C9 : 8B EC                      	mov	bp,sp
 1634/ 9CB : 83 EC 02                   	sub	sp,2
 1635/ 9CE :                            ;	?debug	L 601
 1636/ 9CE : 8B 1E A8 1B                	mov	bx,word ptr _cip
 1637/ 9D2 : 8A 07                      	mov	al,byte ptr [bx]
 1638/ 9D4 : B4 00                      	mov	ah,0
 1639/ 9D6 : 2D 0F 00                   	sub	ax,15
 1640/ 9D9 : 3D 15 00                   	cmp	ax,21
 1641/ 9DC : 76 03                      	jbe	L_218
 1642/ 9DE : E9 40 01                   	jmp	L_216
 1643/ 9E1 :                            L_218:
 1644/ 9E1 : 8B D8                      	mov	bx,ax
 1645/ 9E3 : D1 E3                      	shl	bx,1
 1646/ 9E5 : 2E FF A7 EA 09             	jmp	word ptr cs:L_217[bx]
 1647/ 9EA :                            
 1648/ 9EA :                            L_217:
 1649/ 9EA : 49 0A                      	dw	L_202
 1650/ 9EC : 3C 0A                      	dw	L_201
 1651/ 9EE : 21 0B                      	dw	L_216
 1652/ 9F0 : 21 0B                      	dw	L_216
 1653/ 9F2 : 78 0A                      	dw	L_204
 1654/ 9F4 : 21 0B                      	dw	L_216
 1655/ 9F6 : 21 0B                      	dw	L_216
 1656/ 9F8 : 21 0B                      	dw	L_216
 1657/ 9FA : 21 0B                      	dw	L_216
 1658/ 9FC : 21 0B                      	dw	L_216
 1659/ 9FE : 21 0B                      	dw	L_216
 1660/ A00 : 21 0B                      	dw	L_216
 1661/ A02 : 81 0A                      	dw	L_205
 1662/ A04 : B1 0A                      	dw	L_208
 1663/ A06 : D0 0A                      	dw	L_210
 1664/ A08 : F6 0A                      	dw	L_213
 1665/ A0A : 21 0B                      	dw	L_216
 1666/ A0C : 21 0B                      	dw	L_216
 1667/ A0E : 21 0B                      	dw	L_216
 1668/ A10 : 21 0B                      	dw	L_216
 1669/ A12 : 16 0A                      	dw	L_200
 1670/ A14 : 5A 0A                      	dw	L_203
 1671/ A16 :                            L_200:
 1672/ A16 :                            ;	?debug	L 603
 1673/ A16 : FF 06 A8 1B                	inc	word ptr _cip
 1674/ A1A :                            ;	?debug	L 604
 1675/ A1A : 8B 1E A8 1B                	mov	bx,word ptr _cip
 1676/ A1E : 8A 47 01                   	mov	al,byte ptr [bx+1]
 1677/ A21 : B4 00                      	mov	ah,0
 1678/ A23 : B1 08                      	mov	cl,8
 1679/ A25 : D3 E0                      	shl	ax,cl
 1680/ A27 : 8B 1E A8 1B                	mov	bx,word ptr _cip
 1681/ A2B : 8A 17                      	mov	dl,byte ptr [bx]
 1682/ A2D : B6 00                      	mov	dh,0
 1683/ A2F : 0B C2                      	or	ax,dx
 1684/ A31 : 89 46 FE                   	mov	word ptr [bp-2],ax
 1685/ A34 :                            ;	?debug	L 605
 1686/ A34 : 83 06 A8 1B 02             	add	word ptr _cip,2
 1687/ A39 :                            ;	?debug	L 606
 1688/ A39 : E9 EA 00                   	jmp	L_199
 1689/ A3C :                            L_201:
 1690/ A3C :                            ;	?debug	L 608
 1691/ A3C : FF 06 A8 1B                	inc	word ptr _cip
 1692/ A40 :                            ;	?debug	L 609
 1693/ A40 : E8 85 FF                   	call	_ivalue
 1694/ A43 : 89 46 FE                   	mov	word ptr [bp-2],ax
 1695/ A46 :                            ;	?debug	L 610
 1696/ A46 : E9 DD 00                   	jmp	L_199
 1697/ A49 :                            L_202:
 1698/ A49 :                            ;	?debug	L 612
 1699/ A49 : FF 06 A8 1B                	inc	word ptr _cip
 1700/ A4D :                            ;	?debug	L 613
 1701/ A4D : E8 78 FF                   	call	_ivalue
 1702/ A50 : 33 D2                      	xor	dx,dx
 1703/ A52 : 2B D0                      	sub	dx,ax
 1704/ A54 : 89 56 FE                   	mov	word ptr [bp-2],dx
 1705/ A57 :                            ;	?debug	L 614
 1706/ A57 : E9 CC 00                   	jmp	L_199
 1707/ A5A :                            L_203:
 1708/ A5A :                            ;	?debug	L 616
 1709/ A5A : FF 06 A8 1B                	inc	word ptr _cip
 1710/ A5E :                            ;	?debug	L 617
 1711/ A5E : 8B 1E A8 1B                	mov	bx,word ptr _cip
 1712/ A62 : 8A 07                      	mov	al,byte ptr [bx]
 1713/ A64 : B4 00                      	mov	ah,0
 1714/ A66 : 8B D8                      	mov	bx,ax
 1715/ A68 : D1 E3                      	shl	bx,1
 1716/ A6A : 8B 87 FB 1C                	mov	ax,word ptr _var[bx]
 1717/ A6E : 89 46 FE                   	mov	word ptr [bp-2],ax
 1718/ A71 : FF 06 A8 1B                	inc	word ptr _cip
 1719/ A75 :                            ;	?debug	L 618
 1720/ A75 : E9 AE 00                   	jmp	L_199
 1721/ A78 :                            L_204:
 1722/ A78 :                            ;	?debug	L 620
 1723/ A78 : E8 03 FF                   	call	_getparam
 1724/ A7B : 89 46 FE                   	mov	word ptr [bp-2],ax
 1725/ A7E :                            ;	?debug	L 621
 1726/ A7E : E9 A5 00                   	jmp	L_199
 1727/ A81 :                            L_205:
 1728/ A81 :                            ;	?debug	L 623
 1729/ A81 : FF 06 A8 1B                	inc	word ptr _cip
 1730/ A85 :                            ;	?debug	L 624
 1731/ A85 : E8 F6 FE                   	call	_getparam
 1732/ A88 : 89 46 FE                   	mov	word ptr [bp-2],ax
 1733/ A8B :                            ;	?debug	L 625
 1734/ A8B : 80 3E CA 1C 00             	cmp	byte ptr _err,0
 1735/ A90 : 74 03                      	je	L_206
 1736/ A92 :                            ;	?debug	L 626
 1737/ A92 : E9 91 00                   	jmp	L_199
 1738/ A95 :                            L_206:
 1739/ A95 :                            ;	?debug	L 627
 1740/ A95 : 83 7E FE 40                	cmp	word ptr [bp-2],64
 1741/ A99 : 7C 08                      	jl	L_207
 1742/ A9B :                            ;	?debug	L 628
 1743/ A9B : C6 06 CA 1C 03             	mov	byte ptr _err,3
 1744/ AA0 :                            ;	?debug	L 629
 1745/ AA0 : E9 83 00                   	jmp	L_199
 1746/ AA3 :                            L_207:
 1747/ AA3 :                            ;	?debug	L 631
 1748/ AA3 : 8B 5E FE                   	mov	bx,word ptr [bp-2]
 1749/ AA6 : D1 E3                      	shl	bx,1
 1750/ AA8 : 8B 87 4A 1C                	mov	ax,word ptr _arr[bx]
 1751/ AAC : 89 46 FE                   	mov	word ptr [bp-2],ax
 1752/ AAF :                            ;	?debug	L 632
 1753/ AAF : EB 75                      	jmp	L_199
 1754/ AB1 :                            L_208:
 1755/ AB1 :                            ;	?debug	L 634
 1756/ AB1 : FF 06 A8 1B                	inc	word ptr _cip
 1757/ AB5 :                            ;	?debug	L 635
 1758/ AB5 : E8 C6 FE                   	call	_getparam
 1759/ AB8 : 89 46 FE                   	mov	word ptr [bp-2],ax
 1760/ ABB :                            ;	?debug	L 636
 1761/ ABB : 80 3E CA 1C 00             	cmp	byte ptr _err,0
 1762/ AC0 : 74 02                      	je	L_209
 1763/ AC2 :                            ;	?debug	L 637
 1764/ AC2 : EB 62                      	jmp	L_199
 1765/ AC4 :                            L_209:
 1766/ AC4 :                            ;	?debug	L 638
 1767/ AC4 : FF 76 FE                   	push	word ptr [bp-2]
 1768/ AC7 : E8 1C F6                   	call	_getrnd
 1769/ ACA : 59                         	pop	cx
 1770/ ACB : 89 46 FE                   	mov	word ptr [bp-2],ax
 1771/ ACE :                            ;	?debug	L 639
 1772/ ACE : EB 56                      	jmp	L_199
 1773/ AD0 :                            L_210:
 1774/ AD0 :                            ;	?debug	L 641
 1775/ AD0 : FF 06 A8 1B                	inc	word ptr _cip
 1776/ AD4 :                            ;	?debug	L 642
 1777/ AD4 : E8 A7 FE                   	call	_getparam
 1778/ AD7 : 89 46 FE                   	mov	word ptr [bp-2],ax
 1779/ ADA :                            ;	?debug	L 643
 1780/ ADA : 80 3E CA 1C 00             	cmp	byte ptr _err,0
 1781/ ADF : 74 02                      	je	L_211
 1782/ AE1 :                            ;	?debug	L 644
 1783/ AE1 : EB 43                      	jmp	L_199
 1784/ AE3 :                            L_211:
 1785/ AE3 :                            ;	?debug	L 645
 1786/ AE3 : 83 7E FE 00                	cmp	word ptr [bp-2],0
 1787/ AE7 : 7D 0B                      	jge	L_212
 1788/ AE9 :                            ;	?debug	L 646
 1789/ AE9 : 8B 46 FE                   	mov	ax,word ptr [bp-2]
 1790/ AEC : BA FF FF                   	mov	dx,-1
 1791/ AEF : F7 E2                      	mul	dx
 1792/ AF1 : 89 46 FE                   	mov	word ptr [bp-2],ax
 1793/ AF4 :                            L_212:
 1794/ AF4 :                            ;	?debug	L 647
 1795/ AF4 : EB 30                      	jmp	L_199
 1796/ AF6 :                            L_213:
 1797/ AF6 :                            ;	?debug	L 649
 1798/ AF6 : FF 06 A8 1B                	inc	word ptr _cip
 1799/ AFA :                            ;	?debug	L 650
 1800/ AFA : 8B 1E A8 1B                	mov	bx,word ptr _cip
 1801/ AFE : 80 3F 13                   	cmp	byte ptr [bx],19
 1802/ B01 : 75 0A                      	jne	L_215
 1803/ B03 : 8B 1E A8 1B                	mov	bx,word ptr _cip
 1804/ B07 : 80 7F 01 14                	cmp	byte ptr [bx+1],20
 1805/ B0B : 74 07                      	je	L_214
 1806/ B0D :                            L_215:
 1807/ B0D :                            ;	?debug	L 651
 1808/ B0D : C6 06 CA 1C 11             	mov	byte ptr _err,17
 1809/ B12 :                            ;	?debug	L 652
 1810/ B12 : EB 12                      	jmp	L_199
 1811/ B14 :                            L_214:
 1812/ B14 :                            ;	?debug	L 654
 1813/ B14 : 83 06 A8 1B 02             	add	word ptr _cip,2
 1814/ B19 :                            ;	?debug	L 655
 1815/ B19 : E8 30 FC                   	call	_getsize
 1816/ B1C : 89 46 FE                   	mov	word ptr [bp-2],ax
 1817/ B1F :                            ;	?debug	L 656
 1818/ B1F : EB 05                      	jmp	L_199
 1819/ B21 :                            L_216:
 1820/ B21 :                            ;	?debug	L 659
 1821/ B21 : C6 06 CA 1C 14             	mov	byte ptr _err,20
 1822/ B26 :                            ;	?debug	L 660
 1823/ B26 :                            L_199:
 1824/ B26 :                            ;	?debug	L 662
 1825/ B26 : 8B 46 FE                   	mov	ax,word ptr [bp-2]
 1826/ B29 :                            L_198:
 1827/ B29 :                            ;	?debug	L 663
 1828/ B29 : 8B E5                      	mov	sp,bp
 1829/ B2B : 5D                         	pop	bp
 1830/ B2C : C3                         	ret	
 1831/ B2D :                            
 1832/ B2D :                            ;	?debug	L 666
 1833/ B2D :                            _imul:
 1834/ B2D : 55                         	push	bp
 1835/ B2E : 8B EC                      	mov	bp,sp
 1836/ B30 : 83 EC 04                   	sub	sp,4
 1837/ B33 :                            ;	?debug	L 669
 1838/ B33 : E8 92 FE                   	call	_ivalue
 1839/ B36 : 89 46 FC                   	mov	word ptr [bp-4],ax
 1840/ B39 :                            ;	?debug	L 670
 1841/ B39 : 80 3E CA 1C 00             	cmp	byte ptr _err,0
 1842/ B3E : 74 05                      	je	L_220
 1843/ B40 :                            ;	?debug	L 671
 1844/ B40 : B8 FF FF                   	mov	ax,-1
 1845/ B43 : EB 58                      	jmp	L_219
 1846/ B45 :                            L_220:
 1847/ B45 : EB 54                      	jmp	L_221
 1848/ B47 :                            L_223:
 1849/ B47 :                            ;	?debug	L 674
 1850/ B47 : 8B 1E A8 1B                	mov	bx,word ptr _cip
 1851/ B4B : 8A 07                      	mov	al,byte ptr [bx]
 1852/ B4D : B4 00                      	mov	ah,0
 1853/ B4F : 3D 11 00                   	cmp	ax,17
 1854/ B52 : 74 07                      	je	L_225
 1855/ B54 : 3D 12 00                   	cmp	ax,18
 1856/ B57 : 74 17                      	je	L_226
 1857/ B59 : EB 3B                      	jmp	L_228
 1858/ B5B :                            L_225:
 1859/ B5B :                            ;	?debug	L 676
 1860/ B5B : FF 06 A8 1B                	inc	word ptr _cip
 1861/ B5F :                            ;	?debug	L 677
 1862/ B5F : E8 66 FE                   	call	_ivalue
 1863/ B62 : 89 46 FE                   	mov	word ptr [bp-2],ax
 1864/ B65 :                            ;	?debug	L 678
 1865/ B65 : 8B 46 FC                   	mov	ax,word ptr [bp-4]
 1866/ B68 : F7 66 FE                   	mul	word ptr [bp-2]
 1867/ B6B : 89 46 FC                   	mov	word ptr [bp-4],ax
 1868/ B6E :                            ;	?debug	L 679
 1869/ B6E : EB 2B                      	jmp	L_224
 1870/ B70 :                            L_226:
 1871/ B70 :                            ;	?debug	L 681
 1872/ B70 : FF 06 A8 1B                	inc	word ptr _cip
 1873/ B74 :                            ;	?debug	L 682
 1874/ B74 : E8 51 FE                   	call	_ivalue
 1875/ B77 : 89 46 FE                   	mov	word ptr [bp-2],ax
 1876/ B7A :                            ;	?debug	L 683
 1877/ B7A : 83 7E FE 00                	cmp	word ptr [bp-2],0
 1878/ B7E : 75 0A                      	jne	L_227
 1879/ B80 :                            ;	?debug	L 684
 1880/ B80 : C6 06 CA 1C 01             	mov	byte ptr _err,1
 1881/ B85 :                            ;	?debug	L 685
 1882/ B85 : B8 FF FF                   	mov	ax,-1
 1883/ B88 : EB 13                      	jmp	L_219
 1884/ B8A :                            L_227:
 1885/ B8A :                            ;	?debug	L 687
 1886/ B8A : 8B 46 FC                   	mov	ax,word ptr [bp-4]
 1887/ B8D : 99                         	cwd	
 1888/ B8E : F7 7E FE                   	idiv	word ptr [bp-2]
 1889/ B91 : 89 46 FC                   	mov	word ptr [bp-4],ax
 1890/ B94 :                            ;	?debug	L 688
 1891/ B94 : EB 05                      	jmp	L_224
 1892/ B96 :                            L_228:
 1893/ B96 :                            ;	?debug	L 690
 1894/ B96 : 8B 46 FC                   	mov	ax,word ptr [bp-4]
 1895/ B99 : EB 02                      	jmp	L_219
 1896/ B9B :                            L_224:
 1897/ B9B :                            L_221:
 1898/ B9B :                            ;	?debug	L 673
 1899/ B9B : EB AA                      	jmp	L_223
 1900/ B9D :                            L_222:
 1901/ B9D :                            L_219:
 1902/ B9D :                            ;	?debug	L 692
 1903/ B9D : 8B E5                      	mov	sp,bp
 1904/ B9F : 5D                         	pop	bp
 1905/ BA0 : C3                         	ret	
 1906/ BA1 :                            
 1907/ BA1 :                            ;	?debug	L 695
 1908/ BA1 :                            _iplus:
 1909/ BA1 : 55                         	push	bp
 1910/ BA2 : 8B EC                      	mov	bp,sp
 1911/ BA4 : 83 EC 04                   	sub	sp,4
 1912/ BA7 :                            ;	?debug	L 698
 1913/ BA7 : E8 83 FF                   	call	_imul
 1914/ BAA : 89 46 FC                   	mov	word ptr [bp-4],ax
 1915/ BAD :                            ;	?debug	L 699
 1916/ BAD : 80 3E CA 1C 00             	cmp	byte ptr _err,0
 1917/ BB2 : 74 05                      	je	L_230
 1918/ BB4 :                            ;	?debug	L 700
 1919/ BB4 : B8 FF FF                   	mov	ax,-1
 1920/ BB7 : EB 41                      	jmp	L_229
 1921/ BB9 :                            L_230:
 1922/ BB9 : EB 3D                      	jmp	L_231
 1923/ BBB :                            L_233:
 1924/ BBB :                            ;	?debug	L 703
 1925/ BBB : 8B 1E A8 1B                	mov	bx,word ptr _cip
 1926/ BBF : 8A 07                      	mov	al,byte ptr [bx]
 1927/ BC1 : B4 00                      	mov	ah,0
 1928/ BC3 : 3D 0F 00                   	cmp	ax,15
 1929/ BC6 : 74 19                      	je	L_236
 1930/ BC8 : 3D 10 00                   	cmp	ax,16
 1931/ BCB : 74 02                      	je	L_235
 1932/ BCD : EB 24                      	jmp	L_237
 1933/ BCF :                            L_235:
 1934/ BCF :                            ;	?debug	L 705
 1935/ BCF : FF 06 A8 1B                	inc	word ptr _cip
 1936/ BD3 :                            ;	?debug	L 706
 1937/ BD3 : E8 57 FF                   	call	_imul
 1938/ BD6 : 89 46 FE                   	mov	word ptr [bp-2],ax
 1939/ BD9 :                            ;	?debug	L 707
 1940/ BD9 : 8B 46 FE                   	mov	ax,word ptr [bp-2]
 1941/ BDC : 01 46 FC                   	add	word ptr [bp-4],ax
 1942/ BDF :                            ;	?debug	L 708
 1943/ BDF : EB 17                      	jmp	L_234
 1944/ BE1 :                            L_236:
 1945/ BE1 :                            ;	?debug	L 710
 1946/ BE1 : FF 06 A8 1B                	inc	word ptr _cip
 1947/ BE5 :                            ;	?debug	L 711
 1948/ BE5 : E8 45 FF                   	call	_imul
 1949/ BE8 : 89 46 FE                   	mov	word ptr [bp-2],ax
 1950/ BEB :                            ;	?debug	L 712
 1951/ BEB : 8B 46 FE                   	mov	ax,word ptr [bp-2]
 1952/ BEE : 29 46 FC                   	sub	word ptr [bp-4],ax
 1953/ BF1 :                            ;	?debug	L 713
 1954/ BF1 : EB 05                      	jmp	L_234
 1955/ BF3 :                            L_237:
 1956/ BF3 :                            ;	?debug	L 715
 1957/ BF3 : 8B 46 FC                   	mov	ax,word ptr [bp-4]
 1958/ BF6 : EB 02                      	jmp	L_229
 1959/ BF8 :                            L_234:
 1960/ BF8 :                            L_231:
 1961/ BF8 :                            ;	?debug	L 702
 1962/ BF8 : EB C1                      	jmp	L_233
 1963/ BFA :                            L_232:
 1964/ BFA :                            L_229:
 1965/ BFA :                            ;	?debug	L 717
 1966/ BFA : 8B E5                      	mov	sp,bp
 1967/ BFC : 5D                         	pop	bp
 1968/ BFD : C3                         	ret	
 1969/ BFE :                            
 1970/ BFE :                            ;	?debug	L 720
 1971/ BFE :                            _iexp:
 1972/ BFE : 55                         	push	bp
 1973/ BFF : 8B EC                      	mov	bp,sp
 1974/ C01 : 83 EC 04                   	sub	sp,4
 1975/ C04 :                            ;	?debug	L 723
 1976/ C04 : E8 9A FF                   	call	_iplus
 1977/ C07 : 89 46 FC                   	mov	word ptr [bp-4],ax
 1978/ C0A :                            ;	?debug	L 724
 1979/ C0A : 80 3E CA 1C 00             	cmp	byte ptr _err,0
 1980/ C0F : 74 06                      	je	L_239
 1981/ C11 :                            ;	?debug	L 725
 1982/ C11 : B8 FF FF                   	mov	ax,-1
 1983/ C14 : E9 E8 00                   	jmp	L_238
 1984/ C17 :                            L_239:
 1985/ C17 : E9 E2 00                   	jmp	L_240
 1986/ C1A :                            L_242:
 1987/ C1A :                            ;	?debug	L 729
 1988/ C1A : 8B 1E A8 1B                	mov	bx,word ptr _cip
 1989/ C1E : 8A 07                      	mov	al,byte ptr [bx]
 1990/ C20 : B4 00                      	mov	ah,0
 1991/ C22 : 2D 15 00                   	sub	ax,21
 1992/ C25 : 3D 05 00                   	cmp	ax,5
 1993/ C28 : 76 03                      	jbe	L_264
 1994/ C2A : E9 CA 00                   	jmp	L_250
 1995/ C2D :                            L_264:
 1996/ C2D : 8B D8                      	mov	bx,ax
 1997/ C2F : D1 E3                      	shl	bx,1
 1998/ C31 : 2E FF A7 36 0C             	jmp	word ptr cs:L_251[bx]
 1999/ C36 :                            
 2000/ C36 : D9 0C                      L_251:	dw	L_249
 2001/ C38 : 61 0C                      	dw	L_245
 2002/ C3A : BB 0C                      	dw	L_248
 2003/ C3C : 42 0C                      	dw	L_244
 2004/ C3E : 9D 0C                      	dw	L_247
 2005/ C40 : 7F 0C                      	dw	L_246
 2006/ C42 :                            
 2007/ C42 :                            L_244:
 2008/ C42 :                            ;	?debug	L 731
 2009/ C42 : FF 06 A8 1B                	inc	word ptr _cip
 2010/ C46 :                            ;	?debug	L 732
 2011/ C46 : E8 58 FF                   	call	_iplus
 2012/ C49 : 89 46 FE                   	mov	word ptr [bp-2],ax
 2013/ C4C :                            ;	?debug	L 733
 2014/ C4C : 8B 46 FC                   	mov	ax,word ptr [bp-4]
 2015/ C4F : 3B 46 FE                   	cmp	ax,word ptr [bp-2]
 2016/ C52 : 75 05                      	jne	L_253
 2017/ C54 : B8 01 00                   	mov	ax,1
 2018/ C57 : EB 02                      	jmp	L_252
 2019/ C59 :                            L_253:
 2020/ C59 : 33 C0                      	xor	ax,ax
 2021/ C5B :                            L_252:
 2022/ C5B : 89 46 FC                   	mov	word ptr [bp-4],ax
 2023/ C5E :                            ;	?debug	L 734
 2024/ C5E : E9 9B 00                   	jmp	L_243
 2025/ C61 :                            L_245:
 2026/ C61 :                            ;	?debug	L 736
 2027/ C61 : FF 06 A8 1B                	inc	word ptr _cip
 2028/ C65 :                            ;	?debug	L 737
 2029/ C65 : E8 39 FF                   	call	_iplus
 2030/ C68 : 89 46 FE                   	mov	word ptr [bp-2],ax
 2031/ C6B :                            ;	?debug	L 738
 2032/ C6B : 8B 46 FC                   	mov	ax,word ptr [bp-4]
 2033/ C6E : 3B 46 FE                   	cmp	ax,word ptr [bp-2]
 2034/ C71 : 74 05                      	je	L_255
 2035/ C73 : B8 01 00                   	mov	ax,1
 2036/ C76 : EB 02                      	jmp	L_254
 2037/ C78 :                            L_255:
 2038/ C78 : 33 C0                      	xor	ax,ax
 2039/ C7A :                            L_254:
 2040/ C7A : 89 46 FC                   	mov	word ptr [bp-4],ax
 2041/ C7D :                            ;	?debug	L 739
 2042/ C7D : EB 7D                      	jmp	L_243
 2043/ C7F :                            L_246:
 2044/ C7F :                            ;	?debug	L 741
 2045/ C7F : FF 06 A8 1B                	inc	word ptr _cip
 2046/ C83 :                            ;	?debug	L 742
 2047/ C83 : E8 1B FF                   	call	_iplus
 2048/ C86 : 89 46 FE                   	mov	word ptr [bp-2],ax
 2049/ C89 :                            ;	?debug	L 743
 2050/ C89 : 8B 46 FC                   	mov	ax,word ptr [bp-4]
 2051/ C8C : 3B 46 FE                   	cmp	ax,word ptr [bp-2]
 2052/ C8F : 7D 05                      	jge	L_257
 2053/ C91 : B8 01 00                   	mov	ax,1
 2054/ C94 : EB 02                      	jmp	L_256
 2055/ C96 :                            L_257:
 2056/ C96 : 33 C0                      	xor	ax,ax
 2057/ C98 :                            L_256:
 2058/ C98 : 89 46 FC                   	mov	word ptr [bp-4],ax
 2059/ C9B :                            ;	?debug	L 744
 2060/ C9B : EB 5F                      	jmp	L_243
 2061/ C9D :                            L_247:
 2062/ C9D :                            ;	?debug	L 746
 2063/ C9D : FF 06 A8 1B                	inc	word ptr _cip
 2064/ CA1 :                            ;	?debug	L 747
 2065/ CA1 : E8 FD FE                   	call	_iplus
 2066/ CA4 : 89 46 FE                   	mov	word ptr [bp-2],ax
 2067/ CA7 :                            ;	?debug	L 748
 2068/ CA7 : 8B 46 FC                   	mov	ax,word ptr [bp-4]
 2069/ CAA : 3B 46 FE                   	cmp	ax,word ptr [bp-2]
 2070/ CAD : 7F 05                      	jg	L_259
 2071/ CAF : B8 01 00                   	mov	ax,1
 2072/ CB2 : EB 02                      	jmp	L_258
 2073/ CB4 :                            L_259:
 2074/ CB4 : 33 C0                      	xor	ax,ax
 2075/ CB6 :                            L_258:
 2076/ CB6 : 89 46 FC                   	mov	word ptr [bp-4],ax
 2077/ CB9 :                            ;	?debug	L 749
 2078/ CB9 : EB 41                      	jmp	L_243
 2079/ CBB :                            L_248:
 2080/ CBB :                            ;	?debug	L 751
 2081/ CBB : FF 06 A8 1B                	inc	word ptr _cip
 2082/ CBF :                            ;	?debug	L 752
 2083/ CBF : E8 DF FE                   	call	_iplus
 2084/ CC2 : 89 46 FE                   	mov	word ptr [bp-2],ax
 2085/ CC5 :                            ;	?debug	L 753
 2086/ CC5 : 8B 46 FC                   	mov	ax,word ptr [bp-4]
 2087/ CC8 : 3B 46 FE                   	cmp	ax,word ptr [bp-2]
 2088/ CCB : 7E 05                      	jle	L_261
 2089/ CCD : B8 01 00                   	mov	ax,1
 2090/ CD0 : EB 02                      	jmp	L_260
 2091/ CD2 :                            L_261:
 2092/ CD2 : 33 C0                      	xor	ax,ax
 2093/ CD4 :                            L_260:
 2094/ CD4 : 89 46 FC                   	mov	word ptr [bp-4],ax
 2095/ CD7 :                            ;	?debug	L 754
 2096/ CD7 : EB 23                      	jmp	L_243
 2097/ CD9 :                            L_249:
 2098/ CD9 :                            ;	?debug	L 756
 2099/ CD9 : FF 06 A8 1B                	inc	word ptr _cip
 2100/ CDD :                            ;	?debug	L 757
 2101/ CDD : E8 C1 FE                   	call	_iplus
 2102/ CE0 : 89 46 FE                   	mov	word ptr [bp-2],ax
 2103/ CE3 :                            ;	?debug	L 758
 2104/ CE3 : 8B 46 FC                   	mov	ax,word ptr [bp-4]
 2105/ CE6 : 3B 46 FE                   	cmp	ax,word ptr [bp-2]
 2106/ CE9 : 7C 05                      	jl	L_263
 2107/ CEB : B8 01 00                   	mov	ax,1
 2108/ CEE : EB 02                      	jmp	L_262
 2109/ CF0 :                            L_263:
 2110/ CF0 : 33 C0                      	xor	ax,ax
 2111/ CF2 :                            L_262:
 2112/ CF2 : 89 46 FC                   	mov	word ptr [bp-4],ax
 2113/ CF5 :                            ;	?debug	L 759
 2114/ CF5 : EB 05                      	jmp	L_243
 2115/ CF7 :                            L_250:
 2116/ CF7 :                            ;	?debug	L 761
 2117/ CF7 : 8B 46 FC                   	mov	ax,word ptr [bp-4]
 2118/ CFA : EB 03                      	jmp	L_238
 2119/ CFC :                            L_243:
 2120/ CFC :                            L_240:
 2121/ CFC :                            ;	?debug	L 728
 2122/ CFC : E9 1B FF                   	jmp	L_242
 2123/ CFF :                            L_241:
 2124/ CFF :                            L_238:
 2125/ CFF :                            ;	?debug	L 763
 2126/ CFF : 8B E5                      	mov	sp,bp
 2127/ D01 : 5D                         	pop	bp
 2128/ D02 : C3                         	ret	
 2129/ D03 :                            
 2130/ D03 :                            ;	?debug	L 766
 2131/ D03 :                            _iprint:
 2132/ D03 : 55                         	push	bp
 2133/ D04 : 8B EC                      	mov	bp,sp
 2134/ D06 : 83 EC 06                   	sub	sp,6
 2135/ D09 :                            ;	?debug	L 771
 2136/ D09 : C7 46 FC 00 00             	mov	word ptr [bp-4],0
 2137/ D0E : E9 AC 00                   	jmp	L_266
 2138/ D11 :                            L_268:
 2139/ D11 :                            ;	?debug	L 773
 2140/ D11 : 8B 1E A8 1B                	mov	bx,word ptr _cip
 2141/ D15 : 8A 07                      	mov	al,byte ptr [bx]
 2142/ D17 : B4 00                      	mov	ah,0
 2143/ D19 : 3D 16 00                   	cmp	ax,22
 2144/ D1C : 74 34                      	je	L_274
 2145/ D1E : 3D 25 00                   	cmp	ax,37
 2146/ D21 : 74 02                      	je	L_270
 2147/ D23 : EB 42                      	jmp	L_276
 2148/ D25 :                            L_270:
 2149/ D25 :                            ;	?debug	L 775
 2150/ D25 : FF 06 A8 1B                	inc	word ptr _cip
 2151/ D29 :                            ;	?debug	L 776
 2152/ D29 : 8B 1E A8 1B                	mov	bx,word ptr _cip
 2153/ D2D : 8A 07                      	mov	al,byte ptr [bx]
 2154/ D2F : 88 46 FF                   	mov	byte ptr [bp-1],al
 2155/ D32 : FF 06 A8 1B                	inc	word ptr _cip
 2156/ D36 : EB 0E                      	jmp	L_271
 2157/ D38 :                            L_273:
 2158/ D38 :                            ;	?debug	L 778
 2159/ D38 : 8B 1E A8 1B                	mov	bx,word ptr _cip
 2160/ D3C : FF 06 A8 1B                	inc	word ptr _cip
 2161/ D40 : FF 37                      	push	word ptr [bx]
 2162/ D42 : E8 1B F3                   	call	_c_putch
 2163/ D45 : 59                         	pop	cx
 2164/ D46 :                            L_271:
 2165/ D46 :                            ;	?debug	L 777
 2166/ D46 : 8A 46 FF                   	mov	al,byte ptr [bp-1]
 2167/ D49 : FE 4E FF                   	dec	byte ptr [bp-1]
 2168/ D4C : 0A C0                      	or	al,al
 2169/ D4E : 75 E8                      	jne	L_273
 2170/ D50 :                            L_272:
 2171/ D50 :                            ;	?debug	L 779
 2172/ D50 : EB 2F                      	jmp	L_269
 2173/ D52 :                            L_274:
 2174/ D52 :                            ;	?debug	L 781
 2175/ D52 : FF 06 A8 1B                	inc	word ptr _cip
 2176/ D56 :                            ;	?debug	L 782
 2177/ D56 : E8 A5 FE                   	call	_iexp
 2178/ D59 : 89 46 FC                   	mov	word ptr [bp-4],ax
 2179/ D5C :                            ;	?debug	L 783
 2180/ D5C : 80 3E CA 1C 00             	cmp	byte ptr _err,0
 2181/ D61 : 74 02                      	je	L_275
 2182/ D63 : EB 70                      	jmp	L_265
 2183/ D65 :                            L_275:
 2184/ D65 :                            ;	?debug	L 785
 2185/ D65 : EB 1A                      	jmp	L_269
 2186/ D67 :                            L_276:
 2187/ D67 :                            ;	?debug	L 787
 2188/ D67 : E8 94 FE                   	call	_iexp
 2189/ D6A : 89 46 FA                   	mov	word ptr [bp-6],ax
 2190/ D6D :                            ;	?debug	L 788
 2191/ D6D : 80 3E CA 1C 00             	cmp	byte ptr _err,0
 2192/ D72 : 74 02                      	je	L_277
 2193/ D74 : EB 5F                      	jmp	L_265
 2194/ D76 :                            L_277:
 2195/ D76 :                            ;	?debug	L 790
 2196/ D76 : FF 76 FC                   	push	word ptr [bp-4]
 2197/ D79 : FF 76 FA                   	push	word ptr [bp-6]
 2198/ D7C : E8 FB F4                   	call	_putnum
 2199/ D7F : 59                         	pop	cx
 2200/ D80 : 59                         	pop	cx
 2201/ D81 :                            ;	?debug	L 791
 2202/ D81 :                            L_269:
 2203/ D81 :                            ;	?debug	L 794
 2204/ D81 : 8B 1E A8 1B                	mov	bx,word ptr _cip
 2205/ D85 : 80 3F 0D                   	cmp	byte ptr [bx],13
 2206/ D88 : 75 1A                      	jne	L_278
 2207/ D8A :                            ;	?debug	L 795
 2208/ D8A : FF 06 A8 1B                	inc	word ptr _cip
 2209/ D8E :                            ;	?debug	L 796
 2210/ D8E : 8B 1E A8 1B                	mov	bx,word ptr _cip
 2211/ D92 : 80 3F 0E                   	cmp	byte ptr [bx],14
 2212/ D95 : 74 09                      	je	L_280
 2213/ D97 : 8B 1E A8 1B                	mov	bx,word ptr _cip
 2214/ D9B : 80 3F 26                   	cmp	byte ptr [bx],38
 2215/ D9E : 75 02                      	jne	L_279
 2216/ DA0 :                            L_280:
 2217/ DA0 : EB 33                      	jmp	L_265
 2218/ DA2 :                            L_279:
 2219/ DA2 :                            ;	?debug	L 798
 2220/ DA2 : EB 19                      	jmp	L_281
 2221/ DA4 :                            L_278:
 2222/ DA4 :                            ;	?debug	L 800
 2223/ DA4 : 8B 1E A8 1B                	mov	bx,word ptr _cip
 2224/ DA8 : 80 3F 0E                   	cmp	byte ptr [bx],14
 2225/ DAB : 74 10                      	je	L_282
 2226/ DAD : 8B 1E A8 1B                	mov	bx,word ptr _cip
 2227/ DB1 : 80 3F 26                   	cmp	byte ptr [bx],38
 2228/ DB4 : 74 07                      	je	L_282
 2229/ DB6 :                            ;	?debug	L 801
 2230/ DB6 : C6 06 CA 1C 14             	mov	byte ptr _err,20
 2231/ DBB : EB 18                      	jmp	L_265
 2232/ DBD :                            L_282:
 2233/ DBD :                            L_281:
 2234/ DBD :                            L_266:
 2235/ DBD :                            ;	?debug	L 772
 2236/ DBD : 8B 1E A8 1B                	mov	bx,word ptr _cip
 2237/ DC1 : 80 3F 0E                   	cmp	byte ptr [bx],14
 2238/ DC4 : 74 0C                      	je	L_283
 2239/ DC6 : 8B 1E A8 1B                	mov	bx,word ptr _cip
 2240/ DCA : 80 3F 26                   	cmp	byte ptr [bx],38
 2241/ DCD : 74 03                      	je	L_284
 2242/ DCF : E9 3F FF                   	jmp	L_268
 2243/ DD2 :                            L_284:
 2244/ DD2 :                            L_283:
 2245/ DD2 :                            L_267:
 2246/ DD2 :                            ;	?debug	L 806
 2247/ DD2 : E8 02 F3                   	call	_newline
 2248/ DD5 :                            L_265:
 2249/ DD5 :                            ;	?debug	L 807
 2250/ DD5 : 8B E5                      	mov	sp,bp
 2251/ DD7 : 5D                         	pop	bp
 2252/ DD8 : C3                         	ret	
 2253/ DD9 :                            
 2254/ DD9 :                            
 2255/ DD9 :                            ;	?debug	L 810
 2256/ DD9 :                            _iinput:
 2257/ DD9 : 55                         	push	bp
 2258/ DDA : 8B EC                      	mov	bp,sp
 2259/ DDC : 83 EC 06                   	sub	sp,6
 2260/ DDF : E9 25 01                   	jmp	L_286
 2261/ DE2 :                            L_288:
 2262/ DE2 :                            ;	?debug	L 817
 2263/ DE2 : C6 46 FF 01                	mov	byte ptr [bp-1],1
 2264/ DE6 :                            ;	?debug	L 819
 2265/ DE6 : 8B 1E A8 1B                	mov	bx,word ptr _cip
 2266/ DEA : 80 3F 25                   	cmp	byte ptr [bx],37
 2267/ DED : 75 2F                      	jne	L_289
 2268/ DEF :                            ;	?debug	L 820
 2269/ DEF : FF 06 A8 1B                	inc	word ptr _cip
 2270/ DF3 :                            ;	?debug	L 821
 2271/ DF3 : 8B 1E A8 1B                	mov	bx,word ptr _cip
 2272/ DF7 : 8A 07                      	mov	al,byte ptr [bx]
 2273/ DF9 : 88 46 FE                   	mov	byte ptr [bp-2],al
 2274/ DFC : FF 06 A8 1B                	inc	word ptr _cip
 2275/ E00 : EB 0E                      	jmp	L_290
 2276/ E02 :                            L_292:
 2277/ E02 :                            ;	?debug	L 823
 2278/ E02 : 8B 1E A8 1B                	mov	bx,word ptr _cip
 2279/ E06 : FF 06 A8 1B                	inc	word ptr _cip
 2280/ E0A : FF 37                      	push	word ptr [bx]
 2281/ E0C : E8 51 F2                   	call	_c_putch
 2282/ E0F : 59                         	pop	cx
 2283/ E10 :                            L_290:
 2284/ E10 :                            ;	?debug	L 822
 2285/ E10 : 8A 46 FE                   	mov	al,byte ptr [bp-2]
 2286/ E13 : FE 4E FE                   	dec	byte ptr [bp-2]
 2287/ E16 : 0A C0                      	or	al,al
 2288/ E18 : 75 E8                      	jne	L_292
 2289/ E1A :                            L_291:
 2290/ E1A :                            ;	?debug	L 824
 2291/ E1A : C6 46 FF 00                	mov	byte ptr [bp-1],0
 2292/ E1E :                            L_289:
 2293/ E1E :                            ;	?debug	L 827
 2294/ E1E : 8B 1E A8 1B                	mov	bx,word ptr _cip
 2295/ E22 : 8A 07                      	mov	al,byte ptr [bx]
 2296/ E24 : B4 00                      	mov	ah,0
 2297/ E26 : 3D 1B 00                   	cmp	ax,27
 2298/ E29 : 74 4F                      	je	L_297
 2299/ E2B : 3D 24 00                   	cmp	ax,36
 2300/ E2E : 74 03                      	je	L_294
 2301/ E30 : E9 A5 00                   	jmp	L_302
 2302/ E33 :                            L_294:
 2303/ E33 :                            ;	?debug	L 829
 2304/ E33 : FF 06 A8 1B                	inc	word ptr _cip
 2305/ E37 :                            ;	?debug	L 830
 2306/ E37 : 80 7E FF 00                	cmp	byte ptr [bp-1],0
 2307/ E3B : 74 14                      	je	L_295
 2308/ E3D :                            ;	?debug	L 831
 2309/ E3D : 8B 1E A8 1B                	mov	bx,word ptr _cip
 2310/ E41 : 8A 07                      	mov	al,byte ptr [bx]
 2311/ E43 : 04 41                      	add	al,65
 2312/ E45 : 50                         	push	ax
 2313/ E46 : E8 17 F2                   	call	_c_putch
 2314/ E49 : 59                         	pop	cx
 2315/ E4A :                            ;	?debug	L 832
 2316/ E4A : B0 3A                      	mov	al,58
 2317/ E4C : 50                         	push	ax
 2318/ E4D : E8 10 F2                   	call	_c_putch
 2319/ E50 : 59                         	pop	cx
 2320/ E51 :                            L_295:
 2321/ E51 :                            ;	?debug	L 834
 2322/ E51 : E8 BA F4                   	call	_getnum
 2323/ E54 : 89 46 FA                   	mov	word ptr [bp-6],ax
 2324/ E57 :                            ;	?debug	L 835
 2325/ E57 : 80 3E CA 1C 00             	cmp	byte ptr _err,0
 2326/ E5C : 74 03                      	je	L_296
 2327/ E5E : E9 A9 00                   	jmp	L_285
 2328/ E61 :                            L_296:
 2329/ E61 :                            ;	?debug	L 837
 2330/ E61 : 8B 46 FA                   	mov	ax,word ptr [bp-6]
 2331/ E64 : 8B 1E A8 1B                	mov	bx,word ptr _cip
 2332/ E68 : 8A 17                      	mov	dl,byte ptr [bx]
 2333/ E6A : B6 00                      	mov	dh,0
 2334/ E6C : 8B DA                      	mov	bx,dx
 2335/ E6E : D1 E3                      	shl	bx,1
 2336/ E70 : 89 87 FB 1C                	mov	word ptr _var[bx],ax
 2337/ E74 : FF 06 A8 1B                	inc	word ptr _cip
 2338/ E78 :                            ;	?debug	L 838
 2339/ E78 : EB 65                      	jmp	L_293
 2340/ E7A :                            L_297:
 2341/ E7A :                            ;	?debug	L 840
 2342/ E7A : FF 06 A8 1B                	inc	word ptr _cip
 2343/ E7E :                            ;	?debug	L 841
 2344/ E7E : E8 FD FA                   	call	_getparam
 2345/ E81 : 89 46 FC                   	mov	word ptr [bp-4],ax
 2346/ E84 :                            ;	?debug	L 842
 2347/ E84 : 80 3E CA 1C 00             	cmp	byte ptr _err,0
 2348/ E89 : 74 02                      	je	L_298
 2349/ E8B : EB 7D                      	jmp	L_285
 2350/ E8D :                            L_298:
 2351/ E8D :                            ;	?debug	L 844
 2352/ E8D : 83 7E FC 40                	cmp	word ptr [bp-4],64
 2353/ E91 : 7C 07                      	jl	L_299
 2354/ E93 :                            ;	?debug	L 845
 2355/ E93 : C6 06 CA 1C 03             	mov	byte ptr _err,3
 2356/ E98 : EB 70                      	jmp	L_285
 2357/ E9A :                            L_299:
 2358/ E9A :                            ;	?debug	L 848
 2359/ E9A : 80 7E FF 00                	cmp	byte ptr [bp-1],0
 2360/ E9E : 74 1B                      	je	L_300
 2361/ EA0 :                            ;	?debug	L 849
 2362/ EA0 : B8 43 19                   	mov	ax,kw_body+521
 2363/ EA3 : 50                         	push	ax
 2364/ EA4 : E8 03 F3                   	call	_c_puts
 2365/ EA7 : 59                         	pop	cx
 2366/ EA8 :                            ;	?debug	L 850
 2367/ EA8 : 33 C0                      	xor	ax,ax
 2368/ EAA : 50                         	push	ax
 2369/ EAB : FF 76 FC                   	push	word ptr [bp-4]
 2370/ EAE : E8 C9 F3                   	call	_putnum
 2371/ EB1 : 59                         	pop	cx
 2372/ EB2 : 59                         	pop	cx
 2373/ EB3 :                            ;	?debug	L 851
 2374/ EB3 : B8 46 19                   	mov	ax,kw_body+524
 2375/ EB6 : 50                         	push	ax
 2376/ EB7 : E8 F0 F2                   	call	_c_puts
 2377/ EBA : 59                         	pop	cx
 2378/ EBB :                            L_300:
 2379/ EBB :                            ;	?debug	L 853
 2380/ EBB : E8 50 F4                   	call	_getnum
 2381/ EBE : 89 46 FA                   	mov	word ptr [bp-6],ax
 2382/ EC1 :                            ;	?debug	L 854
 2383/ EC1 : 80 3E CA 1C 00             	cmp	byte ptr _err,0
 2384/ EC6 : 74 02                      	je	L_301
 2385/ EC8 : EB 40                      	jmp	L_285
 2386/ ECA :                            L_301:
 2387/ ECA :                            ;	?debug	L 856
 2388/ ECA : 8B 46 FA                   	mov	ax,word ptr [bp-6]
 2389/ ECD : 8B 5E FC                   	mov	bx,word ptr [bp-4]
 2390/ ED0 : D1 E3                      	shl	bx,1
 2391/ ED2 : 89 87 4A 1C                	mov	word ptr _arr[bx],ax
 2392/ ED6 :                            ;	?debug	L 857
 2393/ ED6 : EB 07                      	jmp	L_293
 2394/ ED8 :                            L_302:
 2395/ ED8 :                            ;	?debug	L 859
 2396/ ED8 : C6 06 CA 1C 14             	mov	byte ptr _err,20
 2397/ EDD : EB 2B                      	jmp	L_285
 2398/ EDF :                            L_293:
 2399/ EDF :                            ;	?debug	L 863
 2400/ EDF : 8B 1E A8 1B                	mov	bx,word ptr _cip
 2401/ EE3 : 8A 07                      	mov	al,byte ptr [bx]
 2402/ EE5 : B4 00                      	mov	ah,0
 2403/ EE7 : 3D 0D 00                   	cmp	ax,13
 2404/ EEA : 74 0C                      	je	L_304
 2405/ EEC : 3D 0E 00                   	cmp	ax,14
 2406/ EEF : 74 0D                      	je	L_305
 2407/ EF1 : 3D 26 00                   	cmp	ax,38
 2408/ EF4 : 74 08                      	je	L_306
 2409/ EF6 : EB 08                      	jmp	L_307
 2410/ EF8 :                            L_304:
 2411/ EF8 :                            ;	?debug	L 865
 2412/ EF8 : FF 06 A8 1B                	inc	word ptr _cip
 2413/ EFC :                            ;	?debug	L 866
 2414/ EFC : EB 09                      	jmp	L_303
 2415/ EFE :                            L_305:
 2416/ EFE :                            L_306:
 2417/ EFE : EB 0A                      	jmp	L_285
 2418/ F00 :                            L_307:
 2419/ F00 :                            ;	?debug	L 871
 2420/ F00 : C6 06 CA 1C 14             	mov	byte ptr _err,20
 2421/ F05 : EB 03                      	jmp	L_285
 2422/ F07 :                            L_303:
 2423/ F07 :                            L_286:
 2424/ F07 :                            ;	?debug	L 816
 2425/ F07 : E9 D8 FE                   	jmp	L_288
 2426/ F0A :                            L_287:
 2427/ F0A :                            L_285:
 2428/ F0A :                            ;	?debug	L 875
 2429/ F0A : 8B E5                      	mov	sp,bp
 2430/ F0C : 5D                         	pop	bp
 2431/ F0D : C3                         	ret	
 2432/ F0E :                            
 2433/ F0E :                            ;	?debug	L 878
 2434/ F0E :                            _ivar:
 2435/ F0E : 55                         	push	bp
 2436/ F0F : 8B EC                      	mov	bp,sp
 2437/ F11 : 83 EC 04                   	sub	sp,4
 2438/ F14 :                            ;	?debug	L 882
 2439/ F14 : 8B 1E A8 1B                	mov	bx,word ptr _cip
 2440/ F18 : 8A 07                      	mov	al,byte ptr [bx]
 2441/ F1A : B4 00                      	mov	ah,0
 2442/ F1C : 89 46 FE                   	mov	word ptr [bp-2],ax
 2443/ F1F : FF 06 A8 1B                	inc	word ptr _cip
 2444/ F23 :                            ;	?debug	L 883
 2445/ F23 : 8B 1E A8 1B                	mov	bx,word ptr _cip
 2446/ F27 : 80 3F 18                   	cmp	byte ptr [bx],24
 2447/ F2A : 74 07                      	je	L_309
 2448/ F2C :                            ;	?debug	L 884
 2449/ F2C : C6 06 CA 1C 12             	mov	byte ptr _err,18
 2450/ F31 : EB 1F                      	jmp	L_308
 2451/ F33 :                            L_309:
 2452/ F33 :                            ;	?debug	L 887
 2453/ F33 : FF 06 A8 1B                	inc	word ptr _cip
 2454/ F37 :                            ;	?debug	L 889
 2455/ F37 : E8 C4 FC                   	call	_iexp
 2456/ F3A : 89 46 FC                   	mov	word ptr [bp-4],ax
 2457/ F3D :                            ;	?debug	L 890
 2458/ F3D : 80 3E CA 1C 00             	cmp	byte ptr _err,0
 2459/ F42 : 74 02                      	je	L_310
 2460/ F44 : EB 0C                      	jmp	L_308
 2461/ F46 :                            L_310:
 2462/ F46 :                            ;	?debug	L 893
 2463/ F46 : 8B 46 FC                   	mov	ax,word ptr [bp-4]
 2464/ F49 : 8B 5E FE                   	mov	bx,word ptr [bp-2]
 2465/ F4C : D1 E3                      	shl	bx,1
 2466/ F4E : 89 87 FB 1C                	mov	word ptr _var[bx],ax
 2467/ F52 :                            L_308:
 2468/ F52 :                            ;	?debug	L 894
 2469/ F52 : 8B E5                      	mov	sp,bp
 2470/ F54 : 5D                         	pop	bp
 2471/ F55 : C3                         	ret	
 2472/ F56 :                            
 2473/ F56 :                            ;	?debug	L 897
 2474/ F56 :                            _iarray:
 2475/ F56 : 55                         	push	bp
 2476/ F57 : 8B EC                      	mov	bp,sp
 2477/ F59 : 83 EC 04                   	sub	sp,4
 2478/ F5C :                            ;	?debug	L 901
 2479/ F5C : E8 1F FA                   	call	_getparam
 2480/ F5F : 89 46 FE                   	mov	word ptr [bp-2],ax
 2481/ F62 :                            ;	?debug	L 902
 2482/ F62 : 80 3E CA 1C 00             	cmp	byte ptr _err,0
 2483/ F67 : 74 02                      	je	L_312
 2484/ F69 : EB 3C                      	jmp	L_311
 2485/ F6B :                            L_312:
 2486/ F6B :                            ;	?debug	L 905
 2487/ F6B : 83 7E FE 40                	cmp	word ptr [bp-2],64
 2488/ F6F : 7C 07                      	jl	L_313
 2489/ F71 :                            ;	?debug	L 906
 2490/ F71 : C6 06 CA 1C 03             	mov	byte ptr _err,3
 2491/ F76 : EB 2F                      	jmp	L_311
 2492/ F78 :                            L_313:
 2493/ F78 :                            ;	?debug	L 910
 2494/ F78 : 8B 1E A8 1B                	mov	bx,word ptr _cip
 2495/ F7C : 80 3F 18                   	cmp	byte ptr [bx],24
 2496/ F7F : 74 07                      	je	L_314
 2497/ F81 :                            ;	?debug	L 911
 2498/ F81 : C6 06 CA 1C 12             	mov	byte ptr _err,18
 2499/ F86 : EB 1F                      	jmp	L_311
 2500/ F88 :                            L_314:
 2501/ F88 :                            ;	?debug	L 914
 2502/ F88 : FF 06 A8 1B                	inc	word ptr _cip
 2503/ F8C :                            ;	?debug	L 916
 2504/ F8C : E8 6F FC                   	call	_iexp
 2505/ F8F : 89 46 FC                   	mov	word ptr [bp-4],ax
 2506/ F92 :                            ;	?debug	L 917
 2507/ F92 : 80 3E CA 1C 00             	cmp	byte ptr _err,0
 2508/ F97 : 74 02                      	je	L_315
 2509/ F99 : EB 0C                      	jmp	L_311
 2510/ F9B :                            L_315:
 2511/ F9B :                            ;	?debug	L 920
 2512/ F9B : 8B 46 FC                   	mov	ax,word ptr [bp-4]
 2513/ F9E : 8B 5E FE                   	mov	bx,word ptr [bp-2]
 2514/ FA1 : D1 E3                      	shl	bx,1
 2515/ FA3 : 89 87 4A 1C                	mov	word ptr _arr[bx],ax
 2516/ FA7 :                            L_311:
 2517/ FA7 :                            ;	?debug	L 921
 2518/ FA7 : 8B E5                      	mov	sp,bp
 2519/ FA9 : 5D                         	pop	bp
 2520/ FAA : C3                         	ret	
 2521/ FAB :                            
 2522/ FAB :                            ;	?debug	L 924
 2523/ FAB :                            _ilet:
 2524/ FAB :                            ;	?debug	L 925
 2525/ FAB : 8B 1E A8 1B                	mov	bx,word ptr _cip
 2526/ FAF : 8A 07                      	mov	al,byte ptr [bx]
 2527/ FB1 : B4 00                      	mov	ah,0
 2528/ FB3 : 3D 1B 00                   	cmp	ax,27
 2529/ FB6 : 74 10                      	je	L_319
 2530/ FB8 : 3D 24 00                   	cmp	ax,36
 2531/ FBB : 74 02                      	je	L_318
 2532/ FBD : EB 12                      	jmp	L_320
 2533/ FBF :                            L_318:
 2534/ FBF :                            ;	?debug	L 927
 2535/ FBF : FF 06 A8 1B                	inc	word ptr _cip
 2536/ FC3 :                            ;	?debug	L 928
 2537/ FC3 : E8 48 FF                   	call	_ivar
 2538/ FC6 :                            ;	?debug	L 929
 2539/ FC6 : EB 0E                      	jmp	L_317
 2540/ FC8 :                            L_319:
 2541/ FC8 :                            ;	?debug	L 931
 2542/ FC8 : FF 06 A8 1B                	inc	word ptr _cip
 2543/ FCC :                            ;	?debug	L 932
 2544/ FCC : E8 87 FF                   	call	_iarray
 2545/ FCF :                            ;	?debug	L 933
 2546/ FCF : EB 05                      	jmp	L_317
 2547/ FD1 :                            L_320:
 2548/ FD1 :                            ;	?debug	L 935
 2549/ FD1 : C6 06 CA 1C 0E             	mov	byte ptr _err,14
 2550/ FD6 :                            ;	?debug	L 936
 2551/ FD6 :                            L_317:
 2552/ FD6 :                            L_316:
 2553/ FD6 :                            ;	?debug	L 938
 2554/ FD6 : C3                         	ret	
 2555/ FD7 :                            
 2556/ FD7 :                            ;	?debug	L 941
 2557/ FD7 :                            _iexe:
 2558/ FD7 : 55                         	push	bp
 2559/ FD8 : 8B EC                      	mov	bp,sp
 2560/ FDA : 83 EC 0A                   	sub	sp,10
 2561/ FDD : 56                         	push	si
 2562/ FDE : E9 18 04                   	jmp	L_322
 2563/ FE1 :                            L_324:
 2564/ FE1 :                            ;	?debug	L 949
 2565/ FE1 : E8 94 F0                   	call	_c_kbhit
 2566/ FE4 : 0A C0                      	or	al,al
 2567/ FE6 : 74 11                      	je	L_325
 2568/ FE8 :                            ;	?debug	L 950
 2569/ FE8 : E8 83 F0                   	call	_c_getch
 2570/ FEB : 3C 1B                      	cmp	al,27
 2571/ FED : 75 0A                      	jne	L_326
 2572/ FEF :                            ;	?debug	L 951
 2573/ FEF : C6 06 CA 1C 16             	mov	byte ptr _err,22
 2574/ FF4 :                            ;	?debug	L 952
 2575/ FF4 : 33 C0                      	xor	ax,ax
 2576/ FF6 : E9 18 04                   	jmp	L_321
 2577/ FF9 :                            L_326:
 2578/ FF9 :                            L_325:
 2579/ FF9 :                            ;	?debug	L 955
 2580/ FF9 : 8B 1E A8 1B                	mov	bx,word ptr _cip
 2581/ FFD : 8A 07                      	mov	al,byte ptr [bx]
 2582/ FFF : B4 00                      	mov	ah,0
 2583/1001 : 3D 24 00                   	cmp	ax,36
 2584/1004 : 76 03                      	jbe	L_378
 2585/1006 : E9 E0 03                   	jmp	L_375
 2586/1009 :                            L_378:
 2587/1009 : 8B D8                      	mov	bx,ax
 2588/100B : D1 E3                      	shl	bx,1
 2589/100D : 2E FF A7 12 10             	jmp	word ptr cs:L_377[bx]
 2590/1012 :                            
 2591/1012 :                            L_377:
 2592/1012 : 5C 10                      	dw	L_328
 2593/1014 : 9B 10                      	dw	L_331
 2594/1016 : 2A 11                      	dw	L_335
 2595/1018 : 78 11                      	dw	L_337
 2596/101A : E9 13                      	dw	L_375
 2597/101C : E9 13                      	dw	L_375
 2598/101E : 85 12                      	dw	L_348
 2599/1020 : 62 13                      	dw	L_355
 2600/1022 : 82 13                      	dw	L_358
 2601/1024 : 93 13                      	dw	L_362
 2602/1026 : D3 13                      	dw	L_370
 2603/1028 : CA 13                      	dw	L_369
 2604/102A : C1 13                      	dw	L_368
 2605/102C : E9 13                      	dw	L_375
 2606/102E : DC 13                      	dw	L_371
 2607/1030 : E9 13                      	dw	L_375
 2608/1032 : E9 13                      	dw	L_375
 2609/1034 : E9 13                      	dw	L_375
 2610/1036 : E9 13                      	dw	L_375
 2611/1038 : E9 13                      	dw	L_375
 2612/103A : E9 13                      	dw	L_375
 2613/103C : E9 13                      	dw	L_375
 2614/103E : E9 13                      	dw	L_375
 2615/1040 : E9 13                      	dw	L_375
 2616/1042 : E9 13                      	dw	L_375
 2617/1044 : E9 13                      	dw	L_375
 2618/1046 : E9 13                      	dw	L_375
 2619/1048 : B8 13                      	dw	L_367
 2620/104A : E9 13                      	dw	L_375
 2621/104C : E9 13                      	dw	L_375
 2622/104E : E9 13                      	dw	L_375
 2623/1050 : E2 13                      	dw	L_372
 2624/1052 : E2 13                      	dw	L_374
 2625/1054 : E2 13                      	dw	L_373
 2626/1056 : E9 13                      	dw	L_375
 2627/1058 : E9 13                      	dw	L_375
 2628/105A : AF 13                      	dw	L_366
 2629/105C :                            L_328:
 2630/105C :                            ;	?debug	L 958
 2631/105C : FF 06 A8 1B                	inc	word ptr _cip
 2632/1060 :                            ;	?debug	L 959
 2633/1060 : E8 9B FB                   	call	_iexp
 2634/1063 : 89 46 F6                   	mov	word ptr [bp-10],ax
 2635/1066 :                            ;	?debug	L 960
 2636/1066 : 80 3E CA 1C 00             	cmp	byte ptr _err,0
 2637/106B : 74 03                      	je	L_329
 2638/106D :                            ;	?debug	L 961
 2639/106D : E9 7E 03                   	jmp	L_327
 2640/1070 :                            L_329:
 2641/1070 :                            ;	?debug	L 962
 2642/1070 : FF 76 F6                   	push	word ptr [bp-10]
 2643/1073 : E8 B1 F6                   	call	_getlp
 2644/1076 : 59                         	pop	cx
 2645/1077 : 8B F0                      	mov	si,ax
 2646/1079 :                            ;	?debug	L 963
 2647/1079 : 56                         	push	si
 2648/107A : E8 86 F6                   	call	_getlineno
 2649/107D : 59                         	pop	cx
 2650/107E : 3B 46 F6                   	cmp	ax,word ptr [bp-10]
 2651/1081 : 74 08                      	je	L_330
 2652/1083 :                            ;	?debug	L 964
 2653/1083 : C6 06 CA 1C 10             	mov	byte ptr _err,16
 2654/1088 :                            ;	?debug	L 965
 2655/1088 : E9 63 03                   	jmp	L_327
 2656/108B :                            L_330:
 2657/108B :                            ;	?debug	L 968
 2658/108B : 89 36 A6 1B                	mov	word ptr _clp,si
 2659/108F :                            ;	?debug	L 969
 2660/108F : A1 A6 1B                   	mov	ax,word ptr _clp
 2661/1092 : 05 03 00                   	add	ax,3
 2662/1095 : A3 A8 1B                   	mov	word ptr _cip,ax
 2663/1098 :                            ;	?debug	L 970
 2664/1098 : E9 53 03                   	jmp	L_327
 2665/109B :                            L_331:
 2666/109B :                            ;	?debug	L 973
 2667/109B : FF 06 A8 1B                	inc	word ptr _cip
 2668/109F :                            ;	?debug	L 974
 2669/109F : E8 5C FB                   	call	_iexp
 2670/10A2 : 89 46 F6                   	mov	word ptr [bp-10],ax
 2671/10A5 :                            ;	?debug	L 975
 2672/10A5 : 80 3E CA 1C 00             	cmp	byte ptr _err,0
 2673/10AA : 74 03                      	je	L_332
 2674/10AC :                            ;	?debug	L 976
 2675/10AC : E9 3F 03                   	jmp	L_327
 2676/10AF :                            L_332:
 2677/10AF :                            ;	?debug	L 977
 2678/10AF : FF 76 F6                   	push	word ptr [bp-10]
 2679/10B2 : E8 72 F6                   	call	_getlp
 2680/10B5 : 59                         	pop	cx
 2681/10B6 : 8B F0                      	mov	si,ax
 2682/10B8 :                            ;	?debug	L 978
 2683/10B8 : 56                         	push	si
 2684/10B9 : E8 47 F6                   	call	_getlineno
 2685/10BC : 59                         	pop	cx
 2686/10BD : 3B 46 F6                   	cmp	ax,word ptr [bp-10]
 2687/10C0 : 74 08                      	je	L_333
 2688/10C2 :                            ;	?debug	L 979
 2689/10C2 : C6 06 CA 1C 10             	mov	byte ptr _err,16
 2690/10C7 :                            ;	?debug	L 980
 2691/10C7 : E9 24 03                   	jmp	L_327
 2692/10CA :                            L_333:
 2693/10CA :                            ;	?debug	L 985
 2694/10CA : 80 3E 2F 1D 06             	cmp	byte ptr _gstki,6
 2695/10CF : 72 08                      	jb	L_334
 2696/10D1 :                            ;	?debug	L 986
 2697/10D1 : C6 06 CA 1C 06             	mov	byte ptr _err,6
 2698/10D6 :                            ;	?debug	L 987
 2699/10D6 : E9 15 03                   	jmp	L_327
 2700/10D9 :                            L_334:
 2701/10D9 :                            ;	?debug	L 989
 2702/10D9 : A1 A6 1B                   	mov	ax,word ptr _clp
 2703/10DC : 8A 16 2F 1D                	mov	dl,byte ptr _gstki
 2704/10E0 : B6 00                      	mov	dh,0
 2705/10E2 : 8B DA                      	mov	bx,dx
 2706/10E4 : D1 E3                      	shl	bx,1
 2707/10E6 : 89 87 CB 1C                	mov	word ptr _gstk[bx],ax
 2708/10EA : FE 06 2F 1D                	inc	byte ptr _gstki
 2709/10EE :                            ;	?debug	L 990
 2710/10EE : A1 A8 1B                   	mov	ax,word ptr _cip
 2711/10F1 : 8A 16 2F 1D                	mov	dl,byte ptr _gstki
 2712/10F5 : B6 00                      	mov	dh,0
 2713/10F7 : 8B DA                      	mov	bx,dx
 2714/10F9 : D1 E3                      	shl	bx,1
 2715/10FB : 89 87 CB 1C                	mov	word ptr _gstk[bx],ax
 2716/10FF : FE 06 2F 1D                	inc	byte ptr _gstki
 2717/1103 :                            ;	?debug	L 992
 2718/1103 : A0 30 1D                   	mov	al,byte ptr _lstki
 2719/1106 : B4 00                      	mov	ah,0
 2720/1108 : 8A 16 2F 1D                	mov	dl,byte ptr _gstki
 2721/110C : B6 00                      	mov	dh,0
 2722/110E : 8B DA                      	mov	bx,dx
 2723/1110 : D1 E3                      	shl	bx,1
 2724/1112 : 89 87 CB 1C                	mov	word ptr _gstk[bx],ax
 2725/1116 : FE 06 2F 1D                	inc	byte ptr _gstki
 2726/111A :                            ;	?debug	L 994
 2727/111A : 89 36 A6 1B                	mov	word ptr _clp,si
 2728/111E :                            ;	?debug	L 995
 2729/111E : A1 A6 1B                   	mov	ax,word ptr _clp
 2730/1121 : 05 03 00                   	add	ax,3
 2731/1124 : A3 A8 1B                   	mov	word ptr _cip,ax
 2732/1127 :                            ;	?debug	L 996
 2733/1127 : E9 C4 02                   	jmp	L_327
 2734/112A :                            L_335:
 2735/112A :                            ;	?debug	L 1000
 2736/112A : 80 3E 2F 1D 03             	cmp	byte ptr _gstki,3
 2737/112F : 73 08                      	jae	L_336
 2738/1131 :                            ;	?debug	L 1001
 2739/1131 : C6 06 CA 1C 07             	mov	byte ptr _err,7
 2740/1136 :                            ;	?debug	L 1002
 2741/1136 : E9 B5 02                   	jmp	L_327
 2742/1139 :                            L_336:
 2743/1139 :                            ;	?debug	L 1005
 2744/1139 : FE 0E 2F 1D                	dec	byte ptr _gstki
 2745/113D : A0 2F 1D                   	mov	al,byte ptr _gstki
 2746/1140 : B4 00                      	mov	ah,0
 2747/1142 : 8B D8                      	mov	bx,ax
 2748/1144 : D1 E3                      	shl	bx,1
 2749/1146 : 8A 87 CB 1C                	mov	al,byte ptr _gstk[bx]
 2750/114A : A2 30 1D                   	mov	byte ptr _lstki,al
 2751/114D :                            ;	?debug	L 1007
 2752/114D : FE 0E 2F 1D                	dec	byte ptr _gstki
 2753/1151 : A0 2F 1D                   	mov	al,byte ptr _gstki
 2754/1154 : B4 00                      	mov	ah,0
 2755/1156 : 8B D8                      	mov	bx,ax
 2756/1158 : D1 E3                      	shl	bx,1
 2757/115A : 8B 87 CB 1C                	mov	ax,word ptr _gstk[bx]
 2758/115E : A3 A8 1B                   	mov	word ptr _cip,ax
 2759/1161 :                            ;	?debug	L 1008
 2760/1161 : FE 0E 2F 1D                	dec	byte ptr _gstki
 2761/1165 : A0 2F 1D                   	mov	al,byte ptr _gstki
 2762/1168 : B4 00                      	mov	ah,0
 2763/116A : 8B D8                      	mov	bx,ax
 2764/116C : D1 E3                      	shl	bx,1
 2765/116E : 8B 87 CB 1C                	mov	ax,word ptr _gstk[bx]
 2766/1172 : A3 A6 1B                   	mov	word ptr _clp,ax
 2767/1175 :                            ;	?debug	L 1009
 2768/1175 : E9 76 02                   	jmp	L_327
 2769/1178 :                            L_337:
 2770/1178 :                            ;	?debug	L 1012
 2771/1178 : FF 06 A8 1B                	inc	word ptr _cip
 2772/117C :                            ;	?debug	L 1014
 2773/117C : 8B 1E A8 1B                	mov	bx,word ptr _cip
 2774/1180 : FF 06 A8 1B                	inc	word ptr _cip
 2775/1184 : 80 3F 24                   	cmp	byte ptr [bx],36
 2776/1187 : 74 08                      	je	L_338
 2777/1189 :                            ;	?debug	L 1015
 2778/1189 : C6 06 CA 1C 0C             	mov	byte ptr _err,12
 2779/118E :                            ;	?debug	L 1016
 2780/118E : E9 5D 02                   	jmp	L_327
 2781/1191 :                            L_338:
 2782/1191 :                            ;	?debug	L 1019
 2783/1191 : 8B 1E A8 1B                	mov	bx,word ptr _cip
 2784/1195 : 8A 07                      	mov	al,byte ptr [bx]
 2785/1197 : B4 00                      	mov	ah,0
 2786/1199 : 89 46 F8                   	mov	word ptr [bp-8],ax
 2787/119C :                            ;	?debug	L 1020
 2788/119C : E8 6F FD                   	call	_ivar
 2789/119F :                            ;	?debug	L 1021
 2790/119F : 80 3E CA 1C 00             	cmp	byte ptr _err,0
 2791/11A4 : 74 03                      	je	L_339
 2792/11A6 :                            ;	?debug	L 1022
 2793/11A6 : E9 45 02                   	jmp	L_327
 2794/11A9 :                            L_339:
 2795/11A9 :                            ;	?debug	L 1024
 2796/11A9 : 8B 1E A8 1B                	mov	bx,word ptr _cip
 2797/11AD : 80 3F 04                   	cmp	byte ptr [bx],4
 2798/11B0 : 75 0C                      	jne	L_340
 2799/11B2 :                            ;	?debug	L 1025
 2800/11B2 : FF 06 A8 1B                	inc	word ptr _cip
 2801/11B6 :                            ;	?debug	L 1026
 2802/11B6 : E8 45 FA                   	call	_iexp
 2803/11B9 : 89 46 FA                   	mov	word ptr [bp-6],ax
 2804/11BC :                            ;	?debug	L 1027
 2805/11BC : EB 08                      	jmp	L_341
 2806/11BE :                            L_340:
 2807/11BE :                            ;	?debug	L 1029
 2808/11BE : C6 06 CA 1C 0D             	mov	byte ptr _err,13
 2809/11C3 :                            ;	?debug	L 1030
 2810/11C3 : E9 28 02                   	jmp	L_327
 2811/11C6 :                            L_341:
 2812/11C6 :                            ;	?debug	L 1033
 2813/11C6 : 8B 1E A8 1B                	mov	bx,word ptr _cip
 2814/11CA : 80 3F 05                   	cmp	byte ptr [bx],5
 2815/11CD : 75 0C                      	jne	L_342
 2816/11CF :                            ;	?debug	L 1034
 2817/11CF : FF 06 A8 1B                	inc	word ptr _cip
 2818/11D3 :                            ;	?debug	L 1035
 2819/11D3 : E8 28 FA                   	call	_iexp
 2820/11D6 : 89 46 FC                   	mov	word ptr [bp-4],ax
 2821/11D9 :                            ;	?debug	L 1036
 2822/11D9 : EB 05                      	jmp	L_343
 2823/11DB :                            L_342:
 2824/11DB :                            ;	?debug	L 1038
 2825/11DB : C7 46 FC 01 00             	mov	word ptr [bp-4],1
 2826/11E0 :                            L_343:
 2827/11E0 :                            ;	?debug	L 1041
 2828/11E0 :                            ;	?debug	L 1042
 2829/11E0 : 83 7E FC 00                	cmp	word ptr [bp-4],0
 2830/11E4 : 7D 0B                      	jge	L_346
 2831/11E6 : B8 01 80                   	mov	ax,-32767
 2832/11E9 : 2B 46 FC                   	sub	ax,word ptr [bp-4]
 2833/11EC : 3B 46 FA                   	cmp	ax,word ptr [bp-6]
 2834/11EF : 7F 11                      	jg	L_345
 2835/11F1 :                            L_346:
 2836/11F1 : 83 7E FC 00                	cmp	word ptr [bp-4],0
 2837/11F5 : 7E 13                      	jle	L_344
 2838/11F7 : B8 FF 7F                   	mov	ax,32767
 2839/11FA : 2B 46 FC                   	sub	ax,word ptr [bp-4]
 2840/11FD : 3B 46 FA                   	cmp	ax,word ptr [bp-6]
 2841/1200 : 7D 08                      	jge	L_344
 2842/1202 :                            L_345:
 2843/1202 :                            ;	?debug	L 1043
 2844/1202 : C6 06 CA 1C 02             	mov	byte ptr _err,2
 2845/1207 :                            ;	?debug	L 1044
 2846/1207 : E9 E4 01                   	jmp	L_327
 2847/120A :                            L_344:
 2848/120A :                            ;	?debug	L 1048
 2849/120A : 80 3E 30 1D 0A             	cmp	byte ptr _lstki,10
 2850/120F : 72 08                      	jb	L_347
 2851/1211 :                            ;	?debug	L 1049
 2852/1211 : C6 06 CA 1C 08             	mov	byte ptr _err,8
 2853/1216 :                            ;	?debug	L 1050
 2854/1216 : E9 D5 01                   	jmp	L_327
 2855/1219 :                            L_347:
 2856/1219 :                            ;	?debug	L 1052
 2857/1219 : A1 A6 1B                   	mov	ax,word ptr _clp
 2858/121C : 8A 16 30 1D                	mov	dl,byte ptr _lstki
 2859/1220 : B6 00                      	mov	dh,0
 2860/1222 : 8B DA                      	mov	bx,dx
 2861/1224 : D1 E3                      	shl	bx,1
 2862/1226 : 89 87 DD 1C                	mov	word ptr _lstk[bx],ax
 2863/122A : FE 06 30 1D                	inc	byte ptr _lstki
 2864/122E :                            ;	?debug	L 1053
 2865/122E : A1 A8 1B                   	mov	ax,word ptr _cip
 2866/1231 : 8A 16 30 1D                	mov	dl,byte ptr _lstki
 2867/1235 : B6 00                      	mov	dh,0
 2868/1237 : 8B DA                      	mov	bx,dx
 2869/1239 : D1 E3                      	shl	bx,1
 2870/123B : 89 87 DD 1C                	mov	word ptr _lstk[bx],ax
 2871/123F : FE 06 30 1D                	inc	byte ptr _lstki
 2872/1243 :                            ;	?debug	L 1055
 2873/1243 : 8B 46 FA                   	mov	ax,word ptr [bp-6]
 2874/1246 : 8A 16 30 1D                	mov	dl,byte ptr _lstki
 2875/124A : B6 00                      	mov	dh,0
 2876/124C : 8B DA                      	mov	bx,dx
 2877/124E : D1 E3                      	shl	bx,1
 2878/1250 : 89 87 DD 1C                	mov	word ptr _lstk[bx],ax
 2879/1254 : FE 06 30 1D                	inc	byte ptr _lstki
 2880/1258 :                            ;	?debug	L 1056
 2881/1258 : 8B 46 FC                   	mov	ax,word ptr [bp-4]
 2882/125B : 8A 16 30 1D                	mov	dl,byte ptr _lstki
 2883/125F : B6 00                      	mov	dh,0
 2884/1261 : 8B DA                      	mov	bx,dx
 2885/1263 : D1 E3                      	shl	bx,1
 2886/1265 : 89 87 DD 1C                	mov	word ptr _lstk[bx],ax
 2887/1269 : FE 06 30 1D                	inc	byte ptr _lstki
 2888/126D :                            ;	?debug	L 1057
 2889/126D : 8B 46 F8                   	mov	ax,word ptr [bp-8]
 2890/1270 : 8A 16 30 1D                	mov	dl,byte ptr _lstki
 2891/1274 : B6 00                      	mov	dh,0
 2892/1276 : 8B DA                      	mov	bx,dx
 2893/1278 : D1 E3                      	shl	bx,1
 2894/127A : 89 87 DD 1C                	mov	word ptr _lstk[bx],ax
 2895/127E : FE 06 30 1D                	inc	byte ptr _lstki
 2896/1282 :                            ;	?debug	L 1058
 2897/1282 : E9 69 01                   	jmp	L_327
 2898/1285 :                            L_348:
 2899/1285 :                            ;	?debug	L 1061
 2900/1285 : FF 06 A8 1B                	inc	word ptr _cip
 2901/1289 :                            ;	?debug	L 1063
 2902/1289 : 80 3E 30 1D 05             	cmp	byte ptr _lstki,5
 2903/128E : 73 08                      	jae	L_349
 2904/1290 :                            ;	?debug	L 1064
 2905/1290 : C6 06 CA 1C 09             	mov	byte ptr _err,9
 2906/1295 :                            ;	?debug	L 1065
 2907/1295 : E9 56 01                   	jmp	L_327
 2908/1298 :                            L_349:
 2909/1298 :                            ;	?debug	L 1068
 2910/1298 : A0 30 1D                   	mov	al,byte ptr _lstki
 2911/129B : B4 00                      	mov	ah,0
 2912/129D : 8B D8                      	mov	bx,ax
 2913/129F : 4B                         	dec	bx
 2914/12A0 : D1 E3                      	shl	bx,1
 2915/12A2 : 8B 87 DD 1C                	mov	ax,word ptr _lstk[bx]
 2916/12A6 : 89 46 F8                   	mov	word ptr [bp-8],ax
 2917/12A9 :                            ;	?debug	L 1069
 2918/12A9 : 8B 1E A8 1B                	mov	bx,word ptr _cip
 2919/12AD : FF 06 A8 1B                	inc	word ptr _cip
 2920/12B1 : 80 3F 24                   	cmp	byte ptr [bx],36
 2921/12B4 : 74 08                      	je	L_350
 2922/12B6 :                            ;	?debug	L 1070
 2923/12B6 : C6 06 CA 1C 0A             	mov	byte ptr _err,10
 2924/12BB :                            ;	?debug	L 1071
 2925/12BB : E9 30 01                   	jmp	L_327
 2926/12BE :                            L_350:
 2927/12BE :                            ;	?debug	L 1073
 2928/12BE : 8B 1E A8 1B                	mov	bx,word ptr _cip
 2929/12C2 : FF 06 A8 1B                	inc	word ptr _cip
 2930/12C6 : 8A 07                      	mov	al,byte ptr [bx]
 2931/12C8 : B4 00                      	mov	ah,0
 2932/12CA : 3B 46 F8                   	cmp	ax,word ptr [bp-8]
 2933/12CD : 74 08                      	je	L_351
 2934/12CF :                            ;	?debug	L 1074
 2935/12CF : C6 06 CA 1C 0B             	mov	byte ptr _err,11
 2936/12D4 :                            ;	?debug	L 1075
 2937/12D4 : E9 17 01                   	jmp	L_327
 2938/12D7 :                            L_351:
 2939/12D7 :                            ;	?debug	L 1078
 2940/12D7 : A0 30 1D                   	mov	al,byte ptr _lstki
 2941/12DA : B4 00                      	mov	ah,0
 2942/12DC : 8B D8                      	mov	bx,ax
 2943/12DE : 83 C3 FE                   	add	bx,-2
 2944/12E1 : D1 E3                      	shl	bx,1
 2945/12E3 : 8B 87 DD 1C                	mov	ax,word ptr _lstk[bx]
 2946/12E7 : 89 46 FC                   	mov	word ptr [bp-4],ax
 2947/12EA :                            ;	?debug	L 1079
 2948/12EA : 8B 46 FC                   	mov	ax,word ptr [bp-4]
 2949/12ED : 8B 5E F8                   	mov	bx,word ptr [bp-8]
 2950/12F0 : D1 E3                      	shl	bx,1
 2951/12F2 : 01 87 FB 1C                	add	word ptr _var[bx],ax
 2952/12F6 :                            ;	?debug	L 1080
 2953/12F6 : A0 30 1D                   	mov	al,byte ptr _lstki
 2954/12F9 : B4 00                      	mov	ah,0
 2955/12FB : 8B D8                      	mov	bx,ax
 2956/12FD : 83 C3 FD                   	add	bx,-3
 2957/1300 : D1 E3                      	shl	bx,1
 2958/1302 : 8B 87 DD 1C                	mov	ax,word ptr _lstk[bx]
 2959/1306 : 89 46 FA                   	mov	word ptr [bp-6],ax
 2960/1309 :                            ;	?debug	L 1083
 2961/1309 :                            ;	?debug	L 1084
 2962/1309 : 83 7E FC 00                	cmp	word ptr [bp-4],0
 2963/130D : 7D 0E                      	jge	L_354
 2964/130F : 8B 5E F8                   	mov	bx,word ptr [bp-8]
 2965/1312 : D1 E3                      	shl	bx,1
 2966/1314 : 8B 87 FB 1C                	mov	ax,word ptr _var[bx]
 2967/1318 : 3B 46 FA                   	cmp	ax,word ptr [bp-6]
 2968/131B : 7C 14                      	jl	L_353
 2969/131D :                            L_354:
 2970/131D : 83 7E FC 00                	cmp	word ptr [bp-4],0
 2971/1321 : 7E 16                      	jle	L_352
 2972/1323 : 8B 5E F8                   	mov	bx,word ptr [bp-8]
 2973/1326 : D1 E3                      	shl	bx,1
 2974/1328 : 8B 87 FB 1C                	mov	ax,word ptr _var[bx]
 2975/132C : 3B 46 FA                   	cmp	ax,word ptr [bp-6]
 2976/132F : 7E 08                      	jle	L_352
 2977/1331 :                            L_353:
 2978/1331 :                            ;	?debug	L 1085
 2979/1331 : 80 2E 30 1D 05             	sub	byte ptr _lstki,5
 2980/1336 :                            ;	?debug	L 1086
 2981/1336 : E9 B5 00                   	jmp	L_327
 2982/1339 :                            L_352:
 2983/1339 :                            ;	?debug	L 1090
 2984/1339 : A0 30 1D                   	mov	al,byte ptr _lstki
 2985/133C : B4 00                      	mov	ah,0
 2986/133E : 8B D8                      	mov	bx,ax
 2987/1340 : 83 C3 FC                   	add	bx,-4
 2988/1343 : D1 E3                      	shl	bx,1
 2989/1345 : 8B 87 DD 1C                	mov	ax,word ptr _lstk[bx]
 2990/1349 : A3 A8 1B                   	mov	word ptr _cip,ax
 2991/134C :                            ;	?debug	L 1091
 2992/134C : A0 30 1D                   	mov	al,byte ptr _lstki
 2993/134F : B4 00                      	mov	ah,0
 2994/1351 : 8B D8                      	mov	bx,ax
 2995/1353 : 83 C3 FB                   	add	bx,-5
 2996/1356 : D1 E3                      	shl	bx,1
 2997/1358 : 8B 87 DD 1C                	mov	ax,word ptr _lstk[bx]
 2998/135C : A3 A6 1B                   	mov	word ptr _clp,ax
 2999/135F :                            ;	?debug	L 1092
 3000/135F : E9 8C 00                   	jmp	L_327
 3001/1362 :                            L_355:
 3002/1362 :                            ;	?debug	L 1095
 3003/1362 : FF 06 A8 1B                	inc	word ptr _cip
 3004/1366 :                            ;	?debug	L 1096
 3005/1366 : E8 95 F8                   	call	_iexp
 3006/1369 : 89 46 FE                   	mov	word ptr [bp-2],ax
 3007/136C :                            ;	?debug	L 1097
 3008/136C : 80 3E CA 1C 00             	cmp	byte ptr _err,0
 3009/1371 : 74 07                      	je	L_356
 3010/1373 :                            ;	?debug	L 1098
 3011/1373 : C6 06 CA 1C 0F             	mov	byte ptr _err,15
 3012/1378 :                            ;	?debug	L 1099
 3013/1378 : EB 74                      	jmp	L_327
 3014/137A :                            L_356:
 3015/137A :                            ;	?debug	L 1101
 3016/137A : 83 7E FE 00                	cmp	word ptr [bp-2],0
 3017/137E : 74 02                      	je	L_357
 3018/1380 :                            ;	?debug	L 1102
 3019/1380 : EB 6C                      	jmp	L_327
 3020/1382 :                            L_357:
 3021/1382 :                            L_358:
 3022/1382 : EB 04                      	jmp	L_359
 3023/1384 :                            L_361:
 3024/1384 :                            ;	?debug	L 1109
 3025/1384 : FF 06 A8 1B                	inc	word ptr _cip
 3026/1388 :                            L_359:
 3027/1388 :                            ;	?debug	L 1108
 3028/1388 : 8B 1E A8 1B                	mov	bx,word ptr _cip
 3029/138C : 80 3F 26                   	cmp	byte ptr [bx],38
 3030/138F : 75 F3                      	jne	L_361
 3031/1391 :                            L_360:
 3032/1391 :                            ;	?debug	L 1110
 3033/1391 : EB 5B                      	jmp	L_327
 3034/1393 :                            L_362:
 3035/1393 : EB 0C                      	jmp	L_363
 3036/1395 :                            L_365:
 3037/1395 :                            ;	?debug	L 1114
 3038/1395 : 8B 1E A6 1B                	mov	bx,word ptr _clp
 3039/1399 : 8A 07                      	mov	al,byte ptr [bx]
 3040/139B : B4 00                      	mov	ah,0
 3041/139D : 01 06 A6 1B                	add	word ptr _clp,ax
 3042/13A1 :                            L_363:
 3043/13A1 :                            ;	?debug	L 1113
 3044/13A1 : 8B 1E A6 1B                	mov	bx,word ptr _clp
 3045/13A5 : 80 3F 00                   	cmp	byte ptr [bx],0
 3046/13A8 : 75 EB                      	jne	L_365
 3047/13AA :                            L_364:
 3048/13AA :                            ;	?debug	L 1115
 3049/13AA : A1 A6 1B                   	mov	ax,word ptr _clp
 3050/13AD : EB 62                      	jmp	L_321
 3051/13AF :                            L_366:
 3052/13AF :                            ;	?debug	L 1118
 3053/13AF : FF 06 A8 1B                	inc	word ptr _cip
 3054/13B3 :                            ;	?debug	L 1119
 3055/13B3 : E8 58 FB                   	call	_ivar
 3056/13B6 :                            ;	?debug	L 1120
 3057/13B6 : EB 36                      	jmp	L_327
 3058/13B8 :                            L_367:
 3059/13B8 :                            ;	?debug	L 1122
 3060/13B8 : FF 06 A8 1B                	inc	word ptr _cip
 3061/13BC :                            ;	?debug	L 1123
 3062/13BC : E8 97 FB                   	call	_iarray
 3063/13BF :                            ;	?debug	L 1124
 3064/13BF : EB 2D                      	jmp	L_327
 3065/13C1 :                            L_368:
 3066/13C1 :                            ;	?debug	L 1126
 3067/13C1 : FF 06 A8 1B                	inc	word ptr _cip
 3068/13C5 :                            ;	?debug	L 1127
 3069/13C5 : E8 E3 FB                   	call	_ilet
 3070/13C8 :                            ;	?debug	L 1128
 3071/13C8 : EB 24                      	jmp	L_327
 3072/13CA :                            L_369:
 3073/13CA :                            ;	?debug	L 1130
 3074/13CA : FF 06 A8 1B                	inc	word ptr _cip
 3075/13CE :                            ;	?debug	L 1131
 3076/13CE : E8 32 F9                   	call	_iprint
 3077/13D1 :                            ;	?debug	L 1132
 3078/13D1 : EB 1B                      	jmp	L_327
 3079/13D3 :                            L_370:
 3080/13D3 :                            ;	?debug	L 1134
 3081/13D3 : FF 06 A8 1B                	inc	word ptr _cip
 3082/13D7 :                            ;	?debug	L 1135
 3083/13D7 : E8 FF F9                   	call	_iinput
 3084/13DA :                            ;	?debug	L 1136
 3085/13DA : EB 12                      	jmp	L_327
 3086/13DC :                            L_371:
 3087/13DC :                            ;	?debug	L 1139
 3088/13DC : FF 06 A8 1B                	inc	word ptr _cip
 3089/13E0 :                            ;	?debug	L 1140
 3090/13E0 : EB 0C                      	jmp	L_327
 3091/13E2 :                            L_372:
 3092/13E2 :                            L_373:
 3093/13E2 :                            L_374:
 3094/13E2 :                            ;	?debug	L 1145
 3095/13E2 : C6 06 CA 1C 13             	mov	byte ptr _err,19
 3096/13E7 :                            ;	?debug	L 1146
 3097/13E7 : EB 05                      	jmp	L_327
 3098/13E9 :                            L_375:
 3099/13E9 :                            ;	?debug	L 1149
 3100/13E9 : C6 06 CA 1C 14             	mov	byte ptr _err,20
 3101/13EE :                            ;	?debug	L 1150
 3102/13EE :                            L_327:
 3103/13EE :                            ;	?debug	L 1153
 3104/13EE : 80 3E CA 1C 00             	cmp	byte ptr _err,0
 3105/13F3 : 74 04                      	je	L_376
 3106/13F5 :                            ;	?debug	L 1154
 3107/13F5 : 33 C0                      	xor	ax,ax
 3108/13F7 : EB 18                      	jmp	L_321
 3109/13F9 :                            L_376:
 3110/13F9 :                            L_322:
 3111/13F9 :                            ;	?debug	L 947
 3112/13F9 : 8B 1E A8 1B                	mov	bx,word ptr _cip
 3113/13FD : 80 3F 26                   	cmp	byte ptr [bx],38
 3114/1400 : 74 03                      	je	L_379
 3115/1402 : E9 DC FB                   	jmp	L_324
 3116/1405 :                            L_379:
 3117/1405 :                            L_323:
 3118/1405 :                            ;	?debug	L 1156
 3119/1405 : 8B 1E A6 1B                	mov	bx,word ptr _clp
 3120/1409 : 8A 07                      	mov	al,byte ptr [bx]
 3121/140B : B4 00                      	mov	ah,0
 3122/140D : 03 06 A6 1B                	add	ax,word ptr _clp
 3123/1411 :                            L_321:
 3124/1411 :                            ;	?debug	L 1157
 3125/1411 : 5E                         	pop	si
 3126/1412 : 8B E5                      	mov	sp,bp
 3127/1414 : 5D                         	pop	bp
 3128/1415 : C3                         	ret	
 3129/1416 :                            
 3130/1416 :                            ;	?debug	L 1160
 3131/1416 :                            _irun:
 3132/1416 : 56                         	push	si
 3133/1417 :                            ;	?debug	L 1163
 3134/1417 : C6 06 2F 1D 00             	mov	byte ptr _gstki,0
 3135/141C :                            ;	?debug	L 1164
 3136/141C : C6 06 30 1D 00             	mov	byte ptr _lstki,0
 3137/1421 :                            ;	?debug	L 1165
 3138/1421 : C7 06 A6 1B 32 1D          	mov	word ptr _clp,_listbuf
 3139/1427 : EB 1B                      	jmp	L_381
 3140/1429 :                            L_383:
 3141/1429 :                            ;	?debug	L 1168
 3142/1429 : A1 A6 1B                   	mov	ax,word ptr _clp
 3143/142C : 05 03 00                   	add	ax,3
 3144/142F : A3 A8 1B                   	mov	word ptr _cip,ax
 3145/1432 :                            ;	?debug	L 1169
 3146/1432 : E8 A2 FB                   	call	_iexe
 3147/1435 : 8B F0                      	mov	si,ax
 3148/1437 :                            ;	?debug	L 1170
 3149/1437 : 80 3E CA 1C 00             	cmp	byte ptr _err,0
 3150/143C : 74 02                      	je	L_384
 3151/143E : EB 0D                      	jmp	L_380
 3152/1440 :                            L_384:
 3153/1440 :                            ;	?debug	L 1172
 3154/1440 : 89 36 A6 1B                	mov	word ptr _clp,si
 3155/1444 :                            L_381:
 3156/1444 :                            ;	?debug	L 1167
 3157/1444 : 8B 1E A6 1B                	mov	bx,word ptr _clp
 3158/1448 : 80 3F 00                   	cmp	byte ptr [bx],0
 3159/144B : 75 DC                      	jne	L_383
 3160/144D :                            L_382:
 3161/144D :                            L_380:
 3162/144D :                            ;	?debug	L 1174
 3163/144D : 5E                         	pop	si
 3164/144E : C3                         	ret	
 3165/144F :                            
 3166/144F :                            ;	?debug	L 1177
 3167/144F :                            _ilist:
 3168/144F : 55                         	push	bp
 3169/1450 : 8B EC                      	mov	bp,sp
 3170/1452 : 83 EC 02                   	sub	sp,2
 3171/1455 :                            ;	?debug	L 1180
 3172/1455 : 8B 1E A8 1B                	mov	bx,word ptr _cip
 3173/1459 : 80 3F 23                   	cmp	byte ptr [bx],35
 3174/145C : 75 0A                      	jne	L_396
 3175/145E : FF 36 A8 1B                	push	word ptr _cip
 3176/1462 : E8 9E F2                   	call	_getlineno
 3177/1465 : 59                         	pop	cx
 3178/1466 : EB 02                      	jmp	L_395
 3179/1468 :                            L_396:
 3180/1468 : 33 C0                      	xor	ax,ax
 3181/146A :                            L_395:
 3182/146A : 89 46 FE                   	mov	word ptr [bp-2],ax
 3183/146D :                            ;	?debug	L 1182
 3184/146D : C7 06 A6 1B 32 1D          	mov	word ptr _clp,_listbuf
 3185/1473 : EB 0C                      	jmp	L_389
 3186/1475 :                            L_388:
 3187/1475 :                            L_387:
 3188/1475 :                            ;	?debug	L 1184
 3189/1475 : 8B 1E A6 1B                	mov	bx,word ptr _clp
 3190/1479 : 8A 07                      	mov	al,byte ptr [bx]
 3191/147B : B4 00                      	mov	ah,0
 3192/147D : 01 06 A6 1B                	add	word ptr _clp,ax
 3193/1481 :                            L_389:
 3194/1481 :                            ;	?debug	L 1183
 3195/1481 : 8B 1E A6 1B                	mov	bx,word ptr _clp
 3196/1485 : 80 3F 00                   	cmp	byte ptr [bx],0
 3197/1488 : 74 0D                      	je	L_390
 3198/148A : FF 36 A6 1B                	push	word ptr _clp
 3199/148E : E8 72 F2                   	call	_getlineno
 3200/1491 : 59                         	pop	cx
 3201/1492 : 3B 46 FE                   	cmp	ax,word ptr [bp-2]
 3202/1495 : 7C DE                      	jl	L_388
 3203/1497 :                            L_390:
 3204/1497 :                            L_386:
 3205/1497 : EB 3B                      	jmp	L_391
 3206/1499 :                            L_393:
 3207/1499 :                            ;	?debug	L 1187
 3208/1499 : 33 C0                      	xor	ax,ax
 3209/149B : 50                         	push	ax
 3210/149C : FF 36 A6 1B                	push	word ptr _clp
 3211/14A0 : E8 60 F2                   	call	_getlineno
 3212/14A3 : 59                         	pop	cx
 3213/14A4 : 50                         	push	ax
 3214/14A5 : E8 D2 ED                   	call	_putnum
 3215/14A8 : 59                         	pop	cx
 3216/14A9 : 59                         	pop	cx
 3217/14AA :                            ;	?debug	L 1188
 3218/14AA : B0 20                      	mov	al,32
 3219/14AC : 50                         	push	ax
 3220/14AD : E8 B0 EB                   	call	_c_putch
 3221/14B0 : 59                         	pop	cx
 3222/14B1 :                            ;	?debug	L 1189
 3223/14B1 : A1 A6 1B                   	mov	ax,word ptr _clp
 3224/14B4 : 05 03 00                   	add	ax,3
 3225/14B7 : 50                         	push	ax
 3226/14B8 : E8 7C F3                   	call	_putlist
 3227/14BB : 59                         	pop	cx
 3228/14BC :                            ;	?debug	L 1190
 3229/14BC : 80 3E CA 1C 00             	cmp	byte ptr _err,0
 3230/14C1 : 74 02                      	je	L_394
 3231/14C3 :                            ;	?debug	L 1191
 3232/14C3 : EB 18                      	jmp	L_392
 3233/14C5 :                            L_394:
 3234/14C5 :                            ;	?debug	L 1192
 3235/14C5 : E8 0F EC                   	call	_newline
 3236/14C8 :                            ;	?debug	L 1193
 3237/14C8 : 8B 1E A6 1B                	mov	bx,word ptr _clp
 3238/14CC : 8A 07                      	mov	al,byte ptr [bx]
 3239/14CE : B4 00                      	mov	ah,0
 3240/14D0 : 01 06 A6 1B                	add	word ptr _clp,ax
 3241/14D4 :                            L_391:
 3242/14D4 :                            ;	?debug	L 1186
 3243/14D4 : 8B 1E A6 1B                	mov	bx,word ptr _clp
 3244/14D8 : 80 3F 00                   	cmp	byte ptr [bx],0
 3245/14DB : 75 BC                      	jne	L_393
 3246/14DD :                            L_392:
 3247/14DD :                            L_385:
 3248/14DD :                            ;	?debug	L 1195
 3249/14DD : 8B E5                      	mov	sp,bp
 3250/14DF : 5D                         	pop	bp
 3251/14E0 : C3                         	ret	
 3252/14E1 :                            
 3253/14E1 :                            ;	?debug	L 1198
 3254/14E1 :                            _inew:
 3255/14E1 : 55                         	push	bp
 3256/14E2 : 8B EC                      	mov	bp,sp
 3257/14E4 : 83 EC 02                   	sub	sp,2
 3258/14E7 :                            ;	?debug	L 1201
 3259/14E7 : C6 46 FF 00                	mov	byte ptr [bp-1],0
 3260/14EB : EB 12                      	jmp	L_401
 3261/14ED :                            L_400:
 3262/14ED :                            ;	?debug	L 1202
 3263/14ED : 8A 46 FF                   	mov	al,byte ptr [bp-1]
 3264/14F0 : B4 00                      	mov	ah,0
 3265/14F2 : 8B D8                      	mov	bx,ax
 3266/14F4 : D1 E3                      	shl	bx,1
 3267/14F6 : C7 87 FB 1C 00 00          	mov	word ptr _var[bx],0
 3268/14FC :                            L_399:
 3269/14FC : FE 46 FF                   	inc	byte ptr [bp-1]
 3270/14FF :                            L_401:
 3271/14FF : 80 7E FF 1A                	cmp	byte ptr [bp-1],26
 3272/1503 : 72 E8                      	jb	L_400
 3273/1505 :                            L_398:
 3274/1505 :                            ;	?debug	L 1203
 3275/1505 : C6 46 FF 00                	mov	byte ptr [bp-1],0
 3276/1509 : EB 12                      	jmp	L_405
 3277/150B :                            L_404:
 3278/150B :                            ;	?debug	L 1204
 3279/150B : 8A 46 FF                   	mov	al,byte ptr [bp-1]
 3280/150E : B4 00                      	mov	ah,0
 3281/1510 : 8B D8                      	mov	bx,ax
 3282/1512 : D1 E3                      	shl	bx,1
 3283/1514 : C7 87 4A 1C 00 00          	mov	word ptr _arr[bx],0
 3284/151A :                            L_403:
 3285/151A : FE 46 FF                   	inc	byte ptr [bp-1]
 3286/151D :                            L_405:
 3287/151D : 80 7E FF 40                	cmp	byte ptr [bp-1],64
 3288/1521 : 72 E8                      	jb	L_404
 3289/1523 :                            L_402:
 3290/1523 :                            ;	?debug	L 1205
 3291/1523 : C6 06 2F 1D 00             	mov	byte ptr _gstki,0
 3292/1528 :                            ;	?debug	L 1206
 3293/1528 : C6 06 30 1D 00             	mov	byte ptr _lstki,0
 3294/152D :                            ;	?debug	L 1207
 3295/152D : C6 06 32 1D 00             	mov	byte ptr _listbuf,0
 3296/1532 :                            ;	?debug	L 1208
 3297/1532 : C7 06 A6 1B 32 1D          	mov	word ptr _clp,_listbuf
 3298/1538 :                            L_397:
 3299/1538 :                            ;	?debug	L 1209
 3300/1538 : 8B E5                      	mov	sp,bp
 3301/153A : 5D                         	pop	bp
 3302/153B : C3                         	ret	
 3303/153C :                            
 3304/153C :                            ;	?debug	L 1212
 3305/153C :                            _icom:
 3306/153C :                            ;	?debug	L 1213
 3307/153C : C7 06 A8 1B 06 1B          	mov	word ptr _cip,_ibuf
 3308/1542 :                            ;	?debug	L 1214
 3309/1542 : 8B 1E A8 1B                	mov	bx,word ptr _cip
 3310/1546 : 8A 07                      	mov	al,byte ptr [bx]
 3311/1548 : B4 00                      	mov	ah,0
 3312/154A : 3D 1F 00                   	cmp	ax,31
 3313/154D : 74 25                      	je	L_411
 3314/154F : 3D 20 00                   	cmp	ax,32
 3315/1552 : 74 43                      	je	L_415
 3316/1554 : 3D 21 00                   	cmp	ax,33
 3317/1557 : 74 02                      	je	L_408
 3318/1559 : EB 45                      	jmp	L_416
 3319/155B :                            L_408:
 3320/155B :                            ;	?debug	L 1216
 3321/155B : FF 06 A8 1B                	inc	word ptr _cip
 3322/155F :                            ;	?debug	L 1217
 3323/155F : 8B 1E A8 1B                	mov	bx,word ptr _cip
 3324/1563 : 80 3F 26                   	cmp	byte ptr [bx],38
 3325/1566 : 75 05                      	jne	L_409
 3326/1568 :                            ;	?debug	L 1218
 3327/1568 : E8 76 FF                   	call	_inew
 3328/156B : EB 05                      	jmp	L_410
 3329/156D :                            L_409:
 3330/156D :                            ;	?debug	L 1220
 3331/156D : C6 06 CA 1C 14             	mov	byte ptr _err,20
 3332/1572 :                            L_410:
 3333/1572 :                            ;	?debug	L 1221
 3334/1572 : EB 2F                      	jmp	L_407
 3335/1574 :                            L_411:
 3336/1574 :                            ;	?debug	L 1223
 3337/1574 : FF 06 A8 1B                	inc	word ptr _cip
 3338/1578 :                            ;	?debug	L 1224
 3339/1578 : 8B 1E A8 1B                	mov	bx,word ptr _cip
 3340/157C : 80 3F 26                   	cmp	byte ptr [bx],38
 3341/157F : 74 0A                      	je	L_413
 3342/1581 : 8B 1E A8 1B                	mov	bx,word ptr _cip
 3343/1585 : 80 7F 03 26                	cmp	byte ptr [bx+3],38
 3344/1589 : 75 05                      	jne	L_412
 3345/158B :                            L_413:
 3346/158B :                            ;	?debug	L 1225
 3347/158B : E8 C1 FE                   	call	_ilist
 3348/158E : EB 05                      	jmp	L_414
 3349/1590 :                            L_412:
 3350/1590 :                            ;	?debug	L 1227
 3351/1590 : C6 06 CA 1C 14             	mov	byte ptr _err,20
 3352/1595 :                            L_414:
 3353/1595 :                            ;	?debug	L 1228
 3354/1595 : EB 0C                      	jmp	L_407
 3355/1597 :                            L_415:
 3356/1597 :                            ;	?debug	L 1230
 3357/1597 : FF 06 A8 1B                	inc	word ptr _cip
 3358/159B :                            ;	?debug	L 1231
 3359/159B : E8 78 FE                   	call	_irun
 3360/159E :                            ;	?debug	L 1232
 3361/159E : EB 03                      	jmp	L_407
 3362/15A0 :                            L_416:
 3363/15A0 :                            ;	?debug	L 1234
 3364/15A0 : E8 34 FA                   	call	_iexe
 3365/15A3 :                            ;	?debug	L 1235
 3366/15A3 :                            L_407:
 3367/15A3 :                            L_406:
 3368/15A3 :                            ;	?debug	L 1237
 3369/15A3 : C3                         	ret	
 3370/15A4 :                            
 3371/15A4 :                            
 3372/15A4 :                            ;	?debug	L 1240
 3373/15A4 :                            _error:
 3374/15A4 :                            ;	?debug	L 1241
 3375/15A4 : 80 3E CA 1C 00             	cmp	byte ptr _err,0
 3376/15A9 : 74 5C                      	je	L_418
 3377/15AB :                            ;	?debug	L 1242
 3378/15AB : 81 3E A8 1B 32 1D          	cmp	word ptr _cip,_listbuf
 3379/15B1 : 72 41                      	jb	L_419
 3380/15B3 : 81 3E A8 1B FF 7F          	cmp	word ptr _cip,_listbuf+list_bufs-1
 3381/15B9 : 73 39                      	jae	L_419
 3382/15BB : 8B 1E A6 1B                	mov	bx,word ptr _clp
 3383/15BF : 80 3F 00                   	cmp	byte ptr [bx],0
 3384/15C2 : 74 30                      	je	L_419
 3385/15C4 :                            ;	?debug	L 1244
 3386/15C4 : E8 10 EB                   	call	_newline
 3387/15C7 :                            ;	?debug	L 1245
 3388/15C7 : B8 49 19                   	mov	ax,kw_body+527
 3389/15CA : 50                         	push	ax
 3390/15CB : E8 DC EB                   	call	_c_puts
 3391/15CE : 59                         	pop	cx
 3392/15CF :                            ;	?debug	L 1246
 3393/15CF : 33 C0                      	xor	ax,ax
 3394/15D1 : 50                         	push	ax
 3395/15D2 : FF 36 A6 1B                	push	word ptr _clp
 3396/15D6 : E8 2A F1                   	call	_getlineno
 3397/15D9 : 59                         	pop	cx
 3398/15DA : 50                         	push	ax
 3399/15DB : E8 9C EC                   	call	_putnum
 3400/15DE : 59                         	pop	cx
 3401/15DF : 59                         	pop	cx
 3402/15E0 :                            ;	?debug	L 1247
 3403/15E0 : B0 20                      	mov	al,32
 3404/15E2 : 50                         	push	ax
 3405/15E3 : E8 7A EA                   	call	_c_putch
 3406/15E6 : 59                         	pop	cx
 3407/15E7 :                            ;	?debug	L 1248
 3408/15E7 : A1 A6 1B                   	mov	ax,word ptr _clp
 3409/15EA : 05 03 00                   	add	ax,3
 3410/15ED : 50                         	push	ax
 3411/15EE : E8 46 F2                   	call	_putlist
 3412/15F1 : 59                         	pop	cx
 3413/15F2 :                            ;	?debug	L 1249
 3414/15F2 : EB 13                      	jmp	L_420
 3415/15F4 :                            L_419:
 3416/15F4 :                            ;	?debug	L 1252
 3417/15F4 : E8 E0 EA                   	call	_newline
 3418/15F7 :                            ;	?debug	L 1253
 3419/15F7 : B8 4F 19                   	mov	ax,kw_body+533
 3420/15FA : 50                         	push	ax
 3421/15FB : E8 AC EB                   	call	_c_puts
 3422/15FE : 59                         	pop	cx
 3423/15FF :                            ;	?debug	L 1254
 3424/15FF : B8 AA 1B                   	mov	ax,_lbuf
 3425/1602 : 50                         	push	ax
 3426/1603 : E8 A4 EB                   	call	_c_puts
 3427/1606 : 59                         	pop	cx
 3428/1607 :                            L_420:
 3429/1607 :                            L_418:
 3430/1607 :                            ;	?debug	L 1258
 3431/1607 : E8 CD EA                   	call	_newline
 3432/160A :                            ;	?debug	L 1259
 3433/160A : A0 CA 1C                   	mov	al,byte ptr _err
 3434/160D : B4 00                      	mov	ah,0
 3435/160F : 8B D8                      	mov	bx,ax
 3436/1611 : D1 E3                      	shl	bx,1
 3437/1613 : 2E FF B7 0C 17             	push	word ptr _errmsg[bx]
 3438/1618 : E8 8F EB                   	call	_c_puts
 3439/161B : 59                         	pop	cx
 3440/161C :                            ;	?debug	L 1260
 3441/161C : E8 B8 EA                   	call	_newline
 3442/161F :                            ;	?debug	L 1261
 3443/161F : C6 06 CA 1C 00             	mov	byte ptr _err,0
 3444/1624 :                            L_417:
 3445/1624 :                            ;	?debug	L 1262
 3446/1624 : C3                         	ret	
 3447/1625 :                            
 3448/1625 :                            ;	?debug	L 1268
 3449/1625 :                            _basic:
 3450/1625 : 55                         	push	bp
 3451/1626 : 8B EC                      	mov	bp,sp
 3452/1628 : 83 EC 02                   	sub	sp,2
 3453/162B :                            ;	?debug	L 1271
 3454/162B : E8 B3 FE                   	call	_inew
 3455/162E :                            ;	?debug	L 1272
 3456/162E :                            ;	mov	ax,kw_body+544
 3457/162E : B8 5A 19                   	mov	ax,ttb_msg
 3458/1631 : 50                         	push	ax
 3459/1632 : E8 75 EB                   	call	_c_puts
 3460/1635 : 59                         	pop	cx
 3461/1636 : E8 9E EA                   	call	_newline
 3462/1639 :                            ;	?debug	L 1273
 3463/1639 :                            ;	mov	ax,kw_body+565
 3464/1639 : B8 6F 19                   	mov	ax,mez_msg
 3465/163C : 50                         	push	ax
 3466/163D : E8 6A EB                   	call	_c_puts
 3467/1640 : 59                         	pop	cx
 3468/1641 :                            ;	?debug	L 1274
 3469/1641 :                            ;	mov	ax,kw_body+577
 3470/1641 : B8 79 19                   	mov	ax,ed_msg
 3471/1644 : 50                         	push	ax
 3472/1645 : E8 62 EB                   	call	_c_puts
 3473/1648 : 59                         	pop	cx
 3474/1649 : E8 8B EA                   	call	_newline
 3475/164C :                            ;	?debug	L 1275
 3476/164C : E8 55 FF                   	call	_error
 3477/164F : EB 47                      	jmp	basic_2
 3478/1651 :                            basic_4:
 3479/1651 :                            ;	?debug	L 1279
 3480/1651 : B0 3E                      	mov	al,62
 3481/1653 : 50                         	push	ax
 3482/1654 : E8 09 EA                   	call	_c_putch
 3483/1657 : 59                         	pop	cx
 3484/1658 :                            ;	?debug	L 1280
 3485/1658 : E8 6A EB                   	call	_c_gets
 3486/165B :                            ;	?debug	L 1281
 3487/165B : E8 D0 ED                   	call	_toktoi
 3488/165E : 88 46 FF                   	mov	byte ptr [bp-1],al
 3489/1661 :                            ;	?debug	L 1282
 3490/1661 : 80 3E CA 1C 00             	cmp	byte ptr _err,0
 3491/1666 : 74 05                      	je	basic_5
 3492/1668 :                            ;	?debug	L 1283
 3493/1668 : E8 39 FF                   	call	_error
 3494/166B :                            ;	?debug	L 1284
 3495/166B : EB 2B                      	jmp	basic_2
 3496/166D :                            basic_5:
 3497/166D :                            ;	?debug	L 1287
 3498/166D : 80 3E 06 1B 22             	cmp	byte ptr _ibuf,34
 3499/1672 : 75 02                      	jne	basic_6
 3500/1674 : EB 24                      	jmp	basic_1
 3501/1676 :                            basic_6:
 3502/1676 :                            ;	?debug	L 1291
 3503/1676 : 80 3E 06 1B 23             	cmp	byte ptr _ibuf,35
 3504/167B : 75 15                      	jne	basic_7
 3505/167D :                            ;	?debug	L 1292
 3506/167D : 8A 46 FF                   	mov	al,byte ptr [bp-1]
 3507/1680 : A2 06 1B                   	mov	byte ptr _ibuf,al
 3508/1683 :                            ;	?debug	L 1293
 3509/1683 : E8 DF F0                   	call	_inslist
 3510/1686 :                            ;	?debug	L 1294
 3511/1686 : 80 3E CA 1C 00             	cmp	byte ptr _err,0
 3512/168B : 74 03                      	je	basic_8
 3513/168D :                            ;	?debug	L 1295
 3514/168D : E8 14 FF                   	call	_error
 3515/1690 :                            basic_8:
 3516/1690 :                            ;	?debug	L 1296
 3517/1690 : EB 06                      	jmp	basic_2
 3518/1692 :                            basic_7:
 3519/1692 :                            ;	?debug	L 1299
 3520/1692 : E8 A7 FE                   	call	_icom
 3521/1695 :                            ;	?debug	L 1300
 3522/1695 : E8 0C FF                   	call	_error
 3523/1698 :                            basic_2:
 3524/1698 :                            ;	?debug	L 1278
 3525/1698 : EB B7                      	jmp	basic_4
 3526/169A :                            basic_1:
 3527/169A :                            ;	?debug	L 1302
 3528/169A : 8B E5                      	mov	sp,bp
 3529/169C : 5D                         	pop	bp
 3530/169D : C3                         	ret	
 3531/169E :                            
 3532/169E : E9 65 E9                   CSTART:	jmp	start_tb
 3533/16A1 : E9 A5 E9                   WSTART:	jmp	w_start
 3534/16A4 :                            
 3535/16A4 :                            _i_nsa:
 3536/16A4 : 02                         	db	2
 3537/16A5 : 09                         	db	9
 3538/16A6 : 0D                         	db	13
 3539/16A7 : 0F                         	db	15
 3540/16A8 : 10                         	db	16
 3541/16A9 : 11                         	db	17
 3542/16AA : 12                         	db	18
 3543/16AB : 13                         	db	19
 3544/16AC : 14                         	db	20
 3545/16AD : 15                         	db	21
 3546/16AE : 16                         	db	22
 3547/16AF : 17                         	db	23
 3548/16B0 : 18                         	db	24
 3549/16B1 : 19                         	db	25
 3550/16B2 : 1A                         	db	26
 3551/16B3 : 1B                         	db	27
 3552/16B4 : 1C                         	db	28
 3553/16B5 : 1D                         	db	29
 3554/16B6 : 1E                         	db	30
 3555/16B7 :                            _i_nsb:
 3556/16B7 : 0F                         	db	15
 3557/16B8 : 10                         	db	16
 3558/16B9 : 11                         	db	17
 3559/16BA : 12                         	db	18
 3560/16BB : 13                         	db	19
 3561/16BC : 14                         	db	20
 3562/16BD : 15                         	db	21
 3563/16BE : 16                         	db	22
 3564/16BF : 17                         	db	23
 3565/16C0 : 18                         	db	24
 3566/16C1 : 19                         	db	25
 3567/16C2 : 1A                         	db	26
 3568/16C3 : 0D                         	db	13
 3569/16C4 : 0E                         	db	14
 3570/16C5 : 26                         	db	38
 3571/16C6 :                            
 3572/16C6 :                            _kwtbl:
 3573/16C6 : 3A 17                      	dw	kw_body
 3574/16C8 : 3F 17                      	dw	kw_body+5
 3575/16CA : 45 17                      	dw	kw_body+11
 3576/16CC : 4C 17                      	dw	kw_body+18
 3577/16CE : 50 17                      	dw	kw_body+22
 3578/16D0 : 53 17                      	dw	kw_body+25
 3579/16D2 : 58 17                      	dw	kw_body+30
 3580/16D4 : 5D 17                      	dw	kw_body+35
 3581/16D6 : 60 17                      	dw	kw_body+38
 3582/16D8 : 64 17                      	dw	kw_body+42
 3583/16DA : 69 17                      	dw	kw_body+47
 3584/16DC : 6F 17                      	dw	kw_body+53
 3585/16DE : 75 17                      	dw	kw_body+59
 3586/16E0 : 79 17                      	dw	kw_body+63
 3587/16E2 : 7B 17                      	dw	kw_body+65
 3588/16E4 : 7D 17                      	dw	kw_body+67
 3589/16E6 : 7F 17                      	dw	kw_body+69
 3590/16E8 : 81 17                      	dw	kw_body+71
 3591/16EA : 83 17                      	dw	kw_body+73
 3592/16EC : 85 17                      	dw	kw_body+75
 3593/16EE : 87 17                      	dw	kw_body+77
 3594/16F0 : 89 17                      	dw	kw_body+79
 3595/16F2 : 8C 17                      	dw	kw_body+82
 3596/16F4 : 8E 17                      	dw	kw_body+84
 3597/16F6 : 90 17                      	dw	kw_body+86
 3598/16F8 : 92 17                      	dw	kw_body+88
 3599/16FA : 95 17                      	dw	kw_body+91
 3600/16FC : 97 17                      	dw	kw_body+93
 3601/16FE : 99 17                      	dw	kw_body+95
 3602/1700 : 9D 17                      	dw	kw_body+99
 3603/1702 : A1 17                      	dw	kw_body+103
 3604/1704 : A6 17                      	dw	kw_body+108
 3605/1706 : AB 17                      	dw	kw_body+113
 3606/1708 : AF 17                      	dw	kw_body+117
 3607/170A : B3 17                      	dw	kw_body+121
 3608/170C :                            
 3609/170C :                            _errmsg:
 3610/170C : BA 17                      	dw	kw_body+128
 3611/170E : BD 17                      	dw	kw_body+131
 3612/1710 : CE 17                      	dw	kw_body+148
 3613/1712 : D7 17                      	dw	kw_body+157
 3614/1714 : EE 17                      	dw	kw_body+180
 3615/1716 : 00 18                      	dw	kw_body+198
 3616/1718 : 0A 18                      	dw	kw_body+208
 3617/171A : 20 18                      	dw	kw_body+230
 3618/171C : 37 18                      	dw	kw_body+253
 3619/171E : 4B 18                      	dw	kw_body+273
 3620/1720 : 5C 18                      	dw	kw_body+290
 3621/1722 : 71 18                      	dw	kw_body+311
 3622/1724 : 83 18                      	dw	kw_body+329
 3623/1726 : 98 18                      	dw	kw_body+350
 3624/1728 : A7 18                      	dw	kw_body+365
 3625/172A : BC 18                      	dw	kw_body+386
 3626/172C : D1 18                      	dw	kw_body+407
 3627/172E : E7 18                      	dw	kw_body+429
 3628/1730 : FB 18                      	dw	kw_body+449
 3629/1732 : 08 19                      	dw	kw_body+462
 3630/1734 : 18 19                      	dw	kw_body+478
 3631/1736 : 25 19                      	dw	kw_body+491
 3632/1738 : 34 19                      	dw	kw_body+506
 3633/173A :                            
 3634/173A :                            
 3635/173A :                            kw_body:
 3636/173A : 47                         	db	71
 3637/173B : 4F                         	db	79
 3638/173C : 54                         	db	84
 3639/173D : 4F                         	db	79
 3640/173E : 00                         	db	0
 3641/173F : 47                         	db	71
 3642/1740 : 4F                         	db	79
 3643/1741 : 53                         	db	83
 3644/1742 : 55                         	db	85
 3645/1743 : 42                         	db	66
 3646/1744 : 00                         	db	0
 3647/1745 : 52                         	db	82
 3648/1746 : 45                         	db	69
 3649/1747 : 54                         	db	84
 3650/1748 : 55                         	db	85
 3651/1749 : 52                         	db	82
 3652/174A : 4E                         	db	78
 3653/174B : 00                         	db	0
 3654/174C : 46                         	db	70
 3655/174D : 4F                         	db	79
 3656/174E : 52                         	db	82
 3657/174F : 00                         	db	0
 3658/1750 : 54                         	db	84
 3659/1751 : 4F                         	db	79
 3660/1752 : 00                         	db	0
 3661/1753 : 53                         	db	83
 3662/1754 : 54                         	db	84
 3663/1755 : 45                         	db	69
 3664/1756 : 50                         	db	80
 3665/1757 : 00                         	db	0
 3666/1758 : 4E                         	db	78
 3667/1759 : 45                         	db	69
 3668/175A : 58                         	db	88
 3669/175B : 54                         	db	84
 3670/175C : 00                         	db	0
 3671/175D : 49                         	db	73
 3672/175E : 46                         	db	70
 3673/175F : 00                         	db	0
 3674/1760 : 52                         	db	82
 3675/1761 : 45                         	db	69
 3676/1762 : 4D                         	db	77
 3677/1763 : 00                         	db	0
 3678/1764 : 53                         	db	83
 3679/1765 : 54                         	db	84
 3680/1766 : 4F                         	db	79
 3681/1767 : 50                         	db	80
 3682/1768 : 00                         	db	0
 3683/1769 : 49                         	db	73
 3684/176A : 4E                         	db	78
 3685/176B : 50                         	db	80
 3686/176C : 55                         	db	85
 3687/176D : 54                         	db	84
 3688/176E : 00                         	db	0
 3689/176F : 50                         	db	80
 3690/1770 : 52                         	db	82
 3691/1771 : 49                         	db	73
 3692/1772 : 4E                         	db	78
 3693/1773 : 54                         	db	84
 3694/1774 : 00                         	db	0
 3695/1775 : 4C                         	db	76
 3696/1776 : 45                         	db	69
 3697/1777 : 54                         	db	84
 3698/1778 : 00                         	db	0
 3699/1779 : 2C                         	db	44
 3700/177A : 00                         	db	0
 3701/177B : 3B                         	db	59
 3702/177C : 00                         	db	0
 3703/177D : 2D                         	db	45
 3704/177E : 00                         	db	0
 3705/177F : 2B                         	db	43
 3706/1780 : 00                         	db	0
 3707/1781 : 2A                         	db	42
 3708/1782 : 00                         	db	0
 3709/1783 : 2F                         	db	47
 3710/1784 : 00                         	db	0
 3711/1785 : 28                         	db	40
 3712/1786 : 00                         	db	0
 3713/1787 : 29                         	db	41
 3714/1788 : 00                         	db	0
 3715/1789 : 3E                         	db	62
 3716/178A : 3D                         	db	61
 3717/178B : 00                         	db	0
 3718/178C : 23                         	db	35
 3719/178D : 00                         	db	0
 3720/178E : 3E                         	db	62
 3721/178F : 00                         	db	0
 3722/1790 : 3D                         	db	61
 3723/1791 : 00                         	db	0
 3724/1792 : 3C                         	db	60
 3725/1793 : 3D                         	db	61
 3726/1794 : 00                         	db	0
 3727/1795 : 3C                         	db	60
 3728/1796 : 00                         	db	0
 3729/1797 : 40                         	db	64
 3730/1798 : 00                         	db	0
 3731/1799 : 52                         	db	82
 3732/179A : 4E                         	db	78
 3733/179B : 44                         	db	68
 3734/179C : 00                         	db	0
 3735/179D : 41                         	db	65
 3736/179E : 42                         	db	66
 3737/179F : 53                         	db	83
 3738/17A0 : 00                         	db	0
 3739/17A1 : 53                         	db	83
 3740/17A2 : 49                         	db	73
 3741/17A3 : 5A                         	db	90
 3742/17A4 : 45                         	db	69
 3743/17A5 : 00                         	db	0
 3744/17A6 : 4C                         	db	76
 3745/17A7 : 49                         	db	73
 3746/17A8 : 53                         	db	83
 3747/17A9 : 54                         	db	84
 3748/17AA : 00                         	db	0
 3749/17AB : 52                         	db	82
 3750/17AC : 55                         	db	85
 3751/17AD : 4E                         	db	78
 3752/17AE : 00                         	db	0
 3753/17AF : 4E                         	db	78
 3754/17B0 : 45                         	db	69
 3755/17B1 : 57                         	db	87
 3756/17B2 : 00                         	db	0
 3757/17B3 : 53                         	db	83
 3758/17B4 : 59                         	db	89
 3759/17B5 : 53                         	db	83
 3760/17B6 : 54                         	db	84
 3761/17B7 : 45                         	db	69
 3762/17B8 : 4D                         	db	77
 3763/17B9 : 00                         	db	0
 3764/17BA : 4F                         	db	79
 3765/17BB : 4B                         	db	75
 3766/17BC : 00                         	db	0
 3767/17BD : 44                         	db	68
 3768/17BE : 65                         	db	101
 3769/17BF : 76                         	db	118
 3770/17C0 : 69                         	db	105
 3771/17C1 : 73                         	db	115
 3772/17C2 : 69                         	db	105
 3773/17C3 : 6F                         	db	111
 3774/17C4 : 6E                         	db	110
 3775/17C5 : 20                         	db	32
 3776/17C6 : 62                         	db	98
 3777/17C7 : 79                         	db	121
 3778/17C8 : 20                         	db	32
 3779/17C9 : 7A                         	db	122
 3780/17CA : 65                         	db	101
 3781/17CB : 72                         	db	114
 3782/17CC : 6F                         	db	111
 3783/17CD : 00                         	db	0
 3784/17CE : 4F                         	db	79
 3785/17CF : 76                         	db	118
 3786/17D0 : 65                         	db	101
 3787/17D1 : 72                         	db	114
 3788/17D2 : 66                         	db	102
 3789/17D3 : 6C                         	db	108
 3790/17D4 : 6F                         	db	111
 3791/17D5 : 77                         	db	119
 3792/17D6 : 00                         	db	0
 3793/17D7 : 53                         	db	83
 3794/17D8 : 75                         	db	117
 3795/17D9 : 62                         	db	98
 3796/17DA : 73                         	db	115
 3797/17DB : 63                         	db	99
 3798/17DC : 72                         	db	114
 3799/17DD : 69                         	db	105
 3800/17DE : 70                         	db	112
 3801/17DF : 74                         	db	116
 3802/17E0 : 20                         	db	32
 3803/17E1 : 6F                         	db	111
 3804/17E2 : 75                         	db	117
 3805/17E3 : 74                         	db	116
 3806/17E4 : 20                         	db	32
 3807/17E5 : 6F                         	db	111
 3808/17E6 : 66                         	db	102
 3809/17E7 : 20                         	db	32
 3810/17E8 : 72                         	db	114
 3811/17E9 : 61                         	db	97
 3812/17EA : 6E                         	db	110
 3813/17EB : 67                         	db	103
 3814/17EC : 65                         	db	101
 3815/17ED : 00                         	db	0
 3816/17EE : 49                         	db	73
 3817/17EF : 63                         	db	99
 3818/17F0 : 6F                         	db	111
 3819/17F1 : 64                         	db	100
 3820/17F2 : 65                         	db	101
 3821/17F3 : 20                         	db	32
 3822/17F4 : 62                         	db	98
 3823/17F5 : 75                         	db	117
 3824/17F6 : 66                         	db	102
 3825/17F7 : 66                         	db	102
 3826/17F8 : 65                         	db	101
 3827/17F9 : 72                         	db	114
 3828/17FA : 20                         	db	32
 3829/17FB : 66                         	db	102
 3830/17FC : 75                         	db	117
 3831/17FD : 6C                         	db	108
 3832/17FE : 6C                         	db	108
 3833/17FF : 00                         	db	0
 3834/1800 : 4C                         	db	76
 3835/1801 : 69                         	db	105
 3836/1802 : 73                         	db	115
 3837/1803 : 74                         	db	116
 3838/1804 : 20                         	db	32
 3839/1805 : 66                         	db	102
 3840/1806 : 75                         	db	117
 3841/1807 : 6C                         	db	108
 3842/1808 : 6C                         	db	108
 3843/1809 : 00                         	db	0
 3844/180A : 47                         	db	71
 3845/180B : 4F                         	db	79
 3846/180C : 53                         	db	83
 3847/180D : 55                         	db	85
 3848/180E : 42                         	db	66
 3849/180F : 20                         	db	32
 3850/1810 : 74                         	db	116
 3851/1811 : 6F                         	db	111
 3852/1812 : 6F                         	db	111
 3853/1813 : 20                         	db	32
 3854/1814 : 6D                         	db	109
 3855/1815 : 61                         	db	97
 3856/1816 : 6E                         	db	110
 3857/1817 : 79                         	db	121
 3858/1818 : 20                         	db	32
 3859/1819 : 6E                         	db	110
 3860/181A : 65                         	db	101
 3861/181B : 73                         	db	115
 3862/181C : 74                         	db	116
 3863/181D : 65                         	db	101
 3864/181E : 64                         	db	100
 3865/181F : 00                         	db	0
 3866/1820 : 52                         	db	82
 3867/1821 : 45                         	db	69
 3868/1822 : 54                         	db	84
 3869/1823 : 55                         	db	85
 3870/1824 : 52                         	db	82
 3871/1825 : 4E                         	db	78
 3872/1826 : 20                         	db	32
 3873/1827 : 73                         	db	115
 3874/1828 : 74                         	db	116
 3875/1829 : 61                         	db	97
 3876/182A : 63                         	db	99
 3877/182B : 6B                         	db	107
 3878/182C : 20                         	db	32
 3879/182D : 75                         	db	117
 3880/182E : 6E                         	db	110
 3881/182F : 64                         	db	100
 3882/1830 : 65                         	db	101
 3883/1831 : 72                         	db	114
 3884/1832 : 66                         	db	102
 3885/1833 : 6C                         	db	108
 3886/1834 : 6F                         	db	111
 3887/1835 : 77                         	db	119
 3888/1836 : 00                         	db	0
 3889/1837 : 46                         	db	70
 3890/1838 : 4F                         	db	79
 3891/1839 : 52                         	db	82
 3892/183A : 20                         	db	32
 3893/183B : 74                         	db	116
 3894/183C : 6F                         	db	111
 3895/183D : 6F                         	db	111
 3896/183E : 20                         	db	32
 3897/183F : 6D                         	db	109
 3898/1840 : 61                         	db	97
 3899/1841 : 6E                         	db	110
 3900/1842 : 79                         	db	121
 3901/1843 : 20                         	db	32
 3902/1844 : 6E                         	db	110
 3903/1845 : 65                         	db	101
 3904/1846 : 73                         	db	115
 3905/1847 : 74                         	db	116
 3906/1848 : 65                         	db	101
 3907/1849 : 64                         	db	100
 3908/184A : 00                         	db	0
 3909/184B : 4E                         	db	78
 3910/184C : 45                         	db	69
 3911/184D : 58                         	db	88
 3912/184E : 54                         	db	84
 3913/184F : 20                         	db	32
 3914/1850 : 77                         	db	119
 3915/1851 : 69                         	db	105
 3916/1852 : 74                         	db	116
 3917/1853 : 68                         	db	104
 3918/1854 : 6F                         	db	111
 3919/1855 : 75                         	db	117
 3920/1856 : 74                         	db	116
 3921/1857 : 20                         	db	32
 3922/1858 : 46                         	db	70
 3923/1859 : 4F                         	db	79
 3924/185A : 52                         	db	82
 3925/185B : 00                         	db	0
 3926/185C : 4E                         	db	78
 3927/185D : 45                         	db	69
 3928/185E : 58                         	db	88
 3929/185F : 54                         	db	84
 3930/1860 : 20                         	db	32
 3931/1861 : 77                         	db	119
 3932/1862 : 69                         	db	105
 3933/1863 : 74                         	db	116
 3934/1864 : 68                         	db	104
 3935/1865 : 6F                         	db	111
 3936/1866 : 75                         	db	117
 3937/1867 : 74                         	db	116
 3938/1868 : 20                         	db	32
 3939/1869 : 63                         	db	99
 3940/186A : 6F                         	db	111
 3941/186B : 75                         	db	117
 3942/186C : 6E                         	db	110
 3943/186D : 74                         	db	116
 3944/186E : 65                         	db	101
 3945/186F : 72                         	db	114
 3946/1870 : 00                         	db	0
 3947/1871 : 4E                         	db	78
 3948/1872 : 45                         	db	69
 3949/1873 : 58                         	db	88
 3950/1874 : 54                         	db	84
 3951/1875 : 20                         	db	32
 3952/1876 : 6D                         	db	109
 3953/1877 : 69                         	db	105
 3954/1878 : 73                         	db	115
 3955/1879 : 6D                         	db	109
 3956/187A : 61                         	db	97
 3957/187B : 74                         	db	116
 3958/187C : 63                         	db	99
 3959/187D : 68                         	db	104
 3960/187E : 20                         	db	32
 3961/187F : 46                         	db	70
 3962/1880 : 4F                         	db	79
 3963/1881 : 52                         	db	82
 3964/1882 : 00                         	db	0
 3965/1883 : 46                         	db	70
 3966/1884 : 4F                         	db	79
 3967/1885 : 52                         	db	82
 3968/1886 : 20                         	db	32
 3969/1887 : 77                         	db	119
 3970/1888 : 69                         	db	105
 3971/1889 : 74                         	db	116
 3972/188A : 68                         	db	104
 3973/188B : 6F                         	db	111
 3974/188C : 75                         	db	117
 3975/188D : 74                         	db	116
 3976/188E : 20                         	db	32
 3977/188F : 76                         	db	118
 3978/1890 : 61                         	db	97
 3979/1891 : 72                         	db	114
 3980/1892 : 69                         	db	105
 3981/1893 : 61                         	db	97
 3982/1894 : 62                         	db	98
 3983/1895 : 6C                         	db	108
 3984/1896 : 65                         	db	101
 3985/1897 : 00                         	db	0
 3986/1898 : 46                         	db	70
 3987/1899 : 4F                         	db	79
 3988/189A : 52                         	db	82
 3989/189B : 20                         	db	32
 3990/189C : 77                         	db	119
 3991/189D : 69                         	db	105
 3992/189E : 74                         	db	116
 3993/189F : 68                         	db	104
 3994/18A0 : 6F                         	db	111
 3995/18A1 : 75                         	db	117
 3996/18A2 : 74                         	db	116
 3997/18A3 : 20                         	db	32
 3998/18A4 : 54                         	db	84
 3999/18A5 : 4F                         	db	79
 4000/18A6 : 00                         	db	0
 4001/18A7 : 4C                         	db	76
 4002/18A8 : 45                         	db	69
 4003/18A9 : 54                         	db	84
 4004/18AA : 20                         	db	32
 4005/18AB : 77                         	db	119
 4006/18AC : 69                         	db	105
 4007/18AD : 74                         	db	116
 4008/18AE : 68                         	db	104
 4009/18AF : 6F                         	db	111
 4010/18B0 : 75                         	db	117
 4011/18B1 : 74                         	db	116
 4012/18B2 : 20                         	db	32
 4013/18B3 : 76                         	db	118
 4014/18B4 : 61                         	db	97
 4015/18B5 : 72                         	db	114
 4016/18B6 : 69                         	db	105
 4017/18B7 : 61                         	db	97
 4018/18B8 : 62                         	db	98
 4019/18B9 : 6C                         	db	108
 4020/18BA : 65                         	db	101
 4021/18BB : 00                         	db	0
 4022/18BC : 49                         	db	73
 4023/18BD : 46                         	db	70
 4024/18BE : 20                         	db	32
 4025/18BF : 77                         	db	119
 4026/18C0 : 69                         	db	105
 4027/18C1 : 74                         	db	116
 4028/18C2 : 68                         	db	104
 4029/18C3 : 6F                         	db	111
 4030/18C4 : 75                         	db	117
 4031/18C5 : 74                         	db	116
 4032/18C6 : 20                         	db	32
 4033/18C7 : 63                         	db	99
 4034/18C8 : 6F                         	db	111
 4035/18C9 : 6E                         	db	110
 4036/18CA : 64                         	db	100
 4037/18CB : 69                         	db	105
 4038/18CC : 74                         	db	116
 4039/18CD : 69                         	db	105
 4040/18CE : 6F                         	db	111
 4041/18CF : 6E                         	db	110
 4042/18D0 : 00                         	db	0
 4043/18D1 : 55                         	db	85
 4044/18D2 : 6E                         	db	110
 4045/18D3 : 64                         	db	100
 4046/18D4 : 65                         	db	101
 4047/18D5 : 66                         	db	102
 4048/18D6 : 69                         	db	105
 4049/18D7 : 6E                         	db	110
 4050/18D8 : 65                         	db	101
 4051/18D9 : 64                         	db	100
 4052/18DA : 20                         	db	32
 4053/18DB : 6C                         	db	108
 4054/18DC : 69                         	db	105
 4055/18DD : 6E                         	db	110
 4056/18DE : 65                         	db	101
 4057/18DF : 20                         	db	32
 4058/18E0 : 6E                         	db	110
 4059/18E1 : 75                         	db	117
 4060/18E2 : 6D                         	db	109
 4061/18E3 : 62                         	db	98
 4062/18E4 : 65                         	db	101
 4063/18E5 : 72                         	db	114
 4064/18E6 : 00                         	db	0
 4065/18E7 : 27                         	db	39
 4066/18E8 : 28                         	db	40
 4067/18E9 : 27                         	db	39
 4068/18EA : 20                         	db	32
 4069/18EB : 6F                         	db	111
 4070/18EC : 72                         	db	114
 4071/18ED : 20                         	db	32
 4072/18EE : 27                         	db	39
 4073/18EF : 29                         	db	41
 4074/18F0 : 27                         	db	39
 4075/18F1 : 20                         	db	32
 4076/18F2 : 65                         	db	101
 4077/18F3 : 78                         	db	120
 4078/18F4 : 70                         	db	112
 4079/18F5 : 65                         	db	101
 4080/18F6 : 63                         	db	99
 4081/18F7 : 74                         	db	116
 4082/18F8 : 65                         	db	101
 4083/18F9 : 64                         	db	100
 4084/18FA : 00                         	db	0
 4085/18FB : 27                         	db	39
 4086/18FC : 3D                         	db	61
 4087/18FD : 27                         	db	39
 4088/18FE : 20                         	db	32
 4089/18FF : 65                         	db	101
 4090/1900 : 78                         	db	120
 4091/1901 : 70                         	db	112
 4092/1902 : 65                         	db	101
 4093/1903 : 63                         	db	99
 4094/1904 : 74                         	db	116
 4095/1905 : 65                         	db	101
 4096/1906 : 64                         	db	100
 4097/1907 : 00                         	db	0
 4098/1908 : 49                         	db	73
 4099/1909 : 6C                         	db	108
 4100/190A : 6C                         	db	108
 4101/190B : 65                         	db	101
 4102/190C : 67                         	db	103
 4103/190D : 61                         	db	97
 4104/190E : 6C                         	db	108
 4105/190F : 20                         	db	32
 4106/1910 : 63                         	db	99
 4107/1911 : 6F                         	db	111
 4108/1912 : 6D                         	db	109
 4109/1913 : 6D                         	db	109
 4110/1914 : 61                         	db	97
 4111/1915 : 6E                         	db	110
 4112/1916 : 64                         	db	100
 4113/1917 : 00                         	db	0
 4114/1918 : 53                         	db	83
 4115/1919 : 79                         	db	121
 4116/191A : 6E                         	db	110
 4117/191B : 74                         	db	116
 4118/191C : 61                         	db	97
 4119/191D : 78                         	db	120
 4120/191E : 20                         	db	32
 4121/191F : 65                         	db	101
 4122/1920 : 72                         	db	114
 4123/1921 : 72                         	db	114
 4124/1922 : 6F                         	db	111
 4125/1923 : 72                         	db	114
 4126/1924 : 00                         	db	0
 4127/1925 : 49                         	db	73
 4128/1926 : 6E                         	db	110
 4129/1927 : 74                         	db	116
 4130/1928 : 65                         	db	101
 4131/1929 : 72                         	db	114
 4132/192A : 6E                         	db	110
 4133/192B : 61                         	db	97
 4134/192C : 6C                         	db	108
 4135/192D : 20                         	db	32
 4136/192E : 65                         	db	101
 4137/192F : 72                         	db	114
 4138/1930 : 72                         	db	114
 4139/1931 : 6F                         	db	111
 4140/1932 : 72                         	db	114
 4141/1933 : 00                         	db	0
 4142/1934 : 41                         	db	65
 4143/1935 : 62                         	db	98
 4144/1936 : 6F                         	db	111
 4145/1937 : 72                         	db	114
 4146/1938 : 74                         	db	116
 4147/1939 : 20                         	db	32
 4148/193A : 62                         	db	98
 4149/193B : 79                         	db	121
 4150/193C : 20                         	db	32
 4151/193D : 5B                         	db	91
 4152/193E : 45                         	db	69
 4153/193F : 53                         	db	83
 4154/1940 : 43                         	db	67
 4155/1941 : 5D                         	db	93
 4156/1942 : 00                         	db	0
 4157/1943 : 40                         	db	64
 4158/1944 : 28                         	db	40
 4159/1945 : 00                         	db	0
 4160/1946 : 29                         	db	41
 4161/1947 : 3A                         	db	58
 4162/1948 : 00                         	db	0
 4163/1949 : 4C                         	db	76
 4164/194A : 49                         	db	73
 4165/194B : 4E                         	db	78
 4166/194C : 45                         	db	69
 4167/194D : 3A                         	db	58
 4168/194E : 00                         	db	0
 4169/194F : 59                         	db	89
 4170/1950 : 4F                         	db	79
 4171/1951 : 55                         	db	85
 4172/1952 : 20                         	db	32
 4173/1953 : 54                         	db	84
 4174/1954 : 59                         	db	89
 4175/1955 : 50                         	db	80
 4176/1956 : 45                         	db	69
 4177/1957 : 3A                         	db	58
 4178/1958 : 20                         	db	32
 4179/1959 : 00                         	db	0
 4180/195A :                            ttb_msg:
 4181/195A : 54 4F 59 4F 53 48 49 4B 49 	db	"TOYOSHIKI TINY BASIC",0
      1963 : 20 54 49 4E 59 20 42 41 53
      196C : 49 43 00                  
 4182/196F :                            mez_msg
 4183/196F : 4D 45 5A 38 38 5F 52 41 4D 	db	"MEZ88_RAM",0
      1978 : 00                        
 4184/1979 :                            ed_msg:
 4185/1979 : 20 45 44 49 54 49 4F 4E 00 	db	" EDITION",0
 4186/1982 :                            
 4187/1982 : FF FF FF FF FF FF FF FF FF 	db	($ & 0FF00H)+100H-$ dup(0FFH)
      198B : FF FF FF FF FF FF FF FF FF
      1994 : FF FF FF FF FF FF FF FF FF
      199D : FF FF FF FF FF FF FF FF FF
      19A6 : FF FF FF FF FF FF FF FF FF
      19AF : FF FF FF FF FF FF FF FF FF
      19B8 : FF FF FF FF FF FF FF FF FF
      19C1 : FF FF FF FF FF FF FF FF FF
      19CA : FF FF FF FF FF FF FF FF FF
      19D3 : FF FF FF FF FF FF FF FF FF
      19DC : FF FF FF FF FF FF FF FF FF
      19E5 : FF FF FF FF FF FF FF FF FF
      19EE : FF FF FF FF FF FF FF FF FF
      19F7 : FF FF FF FF FF FF FF FF FF
 4188/1A00 :                            
 4189/1A00 :                            CODE_END:
 4190/1A00 :                            
 4191/1A00 : =1B00H                     TB_STACK	equ	CODE_END + 100h
 4192/1A00 : =1B00H                     TB_WORK		equ	TB_STACK
 4193/1A00 :                            
 4194/   0 :                            	SEGMENT	DATA
 4195/1B00 :                            	org	TB_WORK
 4196/1B00 :                            
 4197/1B00 :                            SEED:		ds	2
 4198/1B02 :                            SEEDX:		ds	2
 4199/1B04 :                            s_val:		ds	2
 4200/1B06 :                            _ibuf:		ds	160
 4201/1BA6 :                            _clp:		ds	2
 4202/1BA8 :                            _cip:		ds	2
 4203/1BAA :                            _lbuf:		ds	160
 4204/1C4A :                            _arr:		ds	128
 4205/1CCA :                            _err:		ds	1
 4206/1CCB :                            _gstk:		ds	18
 4207/1CDD :                            _lstk:		ds	30
 4208/1CFB :                            _var:		ds	52
 4209/1D2F :                            _gstki:		ds	1
 4210/1D30 :                            _lstki:		ds	1
 4211/1D31 :                            
 4212/1D31 :                            	ALIGN	2
 4213/1D32 :                            endw:
 4214/1D32 :                            
 4215/1D32 : =62CEH                     list_bufs	equ	(RAM_END+1)-endw
 4216/1D32 :                            
 4217/1D32 :                            _listbuf:	ds	list_bufs
 4218/8000 :                            
 4219/8000 :                            endram:
 4220/8000 :                            	end
 AS V1.42 Beta [Bld 271] - Source File ttbasic_cnv.asm - Page 2 - 8/11/2025 9:45:24


  Symbol Table (* = unused):
  --------------------------

*ARCHITECTURE :                                        "i386-unknown-win32" - |
 BASIC_1 :                     169A C |  BASIC_2 :                     1698 C |
 BASIC_4 :                     1651 C |  BASIC_5 :                     166D C |
 BASIC_6 :                     1676 C |  BASIC_7 :                     1692 C |
 BASIC_8 :                     1690 C | *CASESENSITIVE :                  0 - |
 CODE_END :                    1A00 C |  CODE_SEG :                      40 - |
*CONSTPI :        3.141592653589793 - |  CSTART :                      169E C |
*C_GETS31 :                     276 C |  C_GETS32 :                     230 C |
*C_GETS33 :                     23A C |  C_GETS34 :                     1D1 C |
 C_GETS35 :                     1DB C |  C_GETS36 :                     207 C |
 C_GETS37 :                     1E7 C |  C_GETS38 :                     230 C |
 C_GETS39 :                     230 C |  C_GETS40 :                     276 C |
 C_GETS41 :                     251 C | *C_GETS42 :                     267 C |
 C_GETS43 :                     251 C |  C_ISALPHA23 :                  1A8 C |
 C_ISALPHA24 :                  1A6 C |  C_ISALPHA25 :                  1A1 C |
 C_ISALPHA26 :                  195 C |  C_ISDIGIT20 :                  184 C |
 C_ISDIGIT21 :                  182 C |  C_ISPRINT13 :                  14E C |
 C_ISPRINT14 :                  14C C |  C_ISSPACE16 :                  16C C |
 C_ISSPACE17 :                  16A C |  C_ISSPACE18 :                  165 C |
 C_PUTS28 :                     1BB C |  C_PUTS30 :                     1AF C |
 C_TOUPPER10 :                  136 C |  C_TOUPPER11 :                  133 C |
*DATE :                 "8/11/2025" - |  DT_SEG :                        40 - |
 ED_MSG :                      1979 C | *ENDRAM :                      8000 D |
 ENDW :                        1D32 D | *FALSE :                          0 - |
*HAS64 :                          0 - | *HASFPU :                         0 - |
 KW_BODY :                     173A C | *LISTON :                         1 - |
 LIST_BUFS :                   62CE - |  L_100 :                        525 C |
*L_101 :                        52F C |  L_102 :                        514 C |
 L_103 :                        53D C |  L_104 :                        5DA C |
*L_105 :                        584 C | *L_106 :                        58E C |
 L_107 :                        556 C |  L_108 :                        57E C |
 L_109 :                        59E C |  L_110 :                        6E3 C |
 L_111 :                        66E C |  L_112 :                        5E7 C |
*L_113 :                        60A C | *L_114 :                        5F6 C |
 L_115 :                        5F5 C |  L_116 :                        5F9 C |
 L_117 :                        60A C |  L_118 :                        627 C |
 L_119 :                        65A C | *L_120 :                        664 C |
 L_121 :                        649 C |  L_122 :                        66C C |
 L_123 :                        6E3 C |  L_124 :                        6DA C |
 L_125 :                        687 C |  L_126 :                        6B2 C |
 L_127 :                        6E3 C |  L_128 :                        4C4 C |
 L_129 :                        54C C |  L_130 :                        5E7 C |
 L_131 :                        6EB C |  L_132 :                        724 C |
 L_133 :                        714 C | *L_134 :                        749 C |
 L_135 :                        747 C | *L_136 :                        73C C |
 L_137 :                        730 C |  L_138 :                        742 C |
 L_139 :                        73C C | *L_140 :                        763 C |
*L_141 :                        75D C | *L_142 :                        752 C |
 L_143 :                        752 C |  L_144 :                        758 C |
 L_145 :                        831 C |  L_146 :                        782 C |
 L_147 :                        7D4 C |  L_148 :                        7C6 C |
*L_149 :                        7D1 C |  L_150 :                        7B4 C |
 L_151 :                        7BC C | *L_152 :                        7C6 C |
 L_153 :                        7B6 C |  L_154 :                        7DD C |
*L_155 :                        7ED C | *L_156 :                        7E2 C |
 L_157 :                        7E2 C |  L_158 :                        7E8 C |
 L_159 :                        807 C | *L_160 :                        811 C |
 L_161 :                        801 C |  L_162 :                        827 C |
*L_163 :                        831 C |  L_164 :                        821 C |
 L_165 :                        979 C |  L_166 :                        971 C |
*L_167 :                        979 C |  L_168 :                        844 C |
 L_169 :                        89C C |  L_170 :                        874 C |
 L_171 :                        898 C |  L_172 :                        88B C |
*L_173 :                        895 C |  L_174 :                        882 C |
 L_175 :                        971 C |  L_176 :                        8D9 C |
 L_177 :                        8D6 C |  L_178 :                        971 C |
 L_179 :                        907 C |  L_180 :                        905 C |
 L_181 :                        971 C |  L_182 :                        96A C |
 L_183 :                        933 C | *L_184 :                        92A C |
 L_185 :                        918 C |  L_186 :                        92D C |
 L_187 :                        92A C |  L_188 :                        94B C |
*L_189 :                        955 C |  L_190 :                        942 C |
 L_191 :                        968 C |  L_192 :                        971 C |
 L_193 :                        979 C |  L_194 :                        9C4 C |
 L_195 :                        996 C |  L_196 :                        9AB C |
 L_197 :                        9BD C | *L_198 :                       0B29 C |
 L_199 :                       0B26 C |  L_200 :                       0A16 C |
 L_201 :                       0A3C C |  L_202 :                       0A49 C |
 L_203 :                       0A5A C |  L_204 :                       0A78 C |
 L_205 :                       0A81 C |  L_206 :                       0A95 C |
 L_207 :                       0AA3 C |  L_208 :                       0AB1 C |
 L_209 :                       0AC4 C |  L_210 :                       0AD0 C |
 L_211 :                       0AE3 C |  L_212 :                       0AF4 C |
 L_213 :                       0AF6 C |  L_214 :                       0B14 C |
 L_215 :                       0B0D C |  L_216 :                       0B21 C |
 L_217 :                        9EA C |  L_218 :                        9E1 C |
 L_219 :                       0B9D C |  L_220 :                       0B45 C |
 L_221 :                       0B9B C | *L_222 :                       0B9D C |
 L_223 :                       0B47 C |  L_224 :                       0B9B C |
 L_225 :                       0B5B C |  L_226 :                       0B70 C |
 L_227 :                       0B8A C |  L_228 :                       0B96 C |
 L_229 :                       0BFA C |  L_230 :                       0BB9 C |
 L_231 :                       0BF8 C | *L_232 :                       0BFA C |
 L_233 :                       0BBB C |  L_234 :                       0BF8 C |
 L_235 :                       0BCF C |  L_236 :                       0BE1 C |
 L_237 :                       0BF3 C |  L_238 :                       0CFF C |
 L_239 :                       0C17 C |  L_240 :                       0CFC C |
*L_241 :                       0CFF C |  L_242 :                       0C1A C |
 L_243 :                       0CFC C |  L_244 :                       0C42 C |
 L_245 :                       0C61 C |  L_246 :                       0C7F C |
 L_247 :                       0C9D C |  L_248 :                       0CBB C |
 L_249 :                       0CD9 C |  L_250 :                       0CF7 C |
 L_251 :                       0C36 C |  L_252 :                       0C5B C |
 L_253 :                       0C59 C |  L_254 :                       0C7A C |
 L_255 :                       0C78 C |  L_256 :                       0C98 C |
 L_257 :                       0C96 C |  L_258 :                       0CB6 C |
 L_259 :                       0CB4 C |  L_260 :                       0CD4 C |
 L_261 :                       0CD2 C |  L_262 :                       0CF2 C |
 L_263 :                       0CF0 C |  L_264 :                       0C2D C |
 L_265 :                       0DD5 C |  L_266 :                       0DBD C |
*L_267 :                       0DD2 C |  L_268 :                       0D11 C |
 L_269 :                       0D81 C |  L_270 :                       0D25 C |
 L_271 :                       0D46 C | *L_272 :                       0D50 C |
 L_273 :                       0D38 C |  L_274 :                       0D52 C |
 L_275 :                       0D65 C |  L_276 :                       0D67 C |
 L_277 :                       0D76 C |  L_278 :                       0DA4 C |
 L_279 :                       0DA2 C |  L_280 :                       0DA0 C |
 L_281 :                       0DBD C |  L_282 :                       0DBD C |
 L_283 :                       0DD2 C |  L_284 :                       0DD2 C |
 L_285 :                       0F0A C |  L_286 :                       0F07 C |
*L_287 :                       0F0A C |  L_288 :                       0DE2 C |
 L_289 :                       0E1E C |  L_290 :                       0E10 C |
*L_291 :                       0E1A C |  L_292 :                       0E02 C |
 L_293 :                       0EDF C |  L_294 :                       0E33 C |
 L_295 :                       0E51 C |  L_296 :                       0E61 C |
 L_297 :                       0E7A C |  L_298 :                       0E8D C |
 L_299 :                       0E9A C |  L_300 :                       0EBB C |
 L_301 :                       0ECA C |  L_302 :                       0ED8 C |
 L_303 :                       0F07 C |  L_304 :                       0EF8 C |
 L_305 :                       0EFE C |  L_306 :                       0EFE C |
 L_307 :                       0F00 C |  L_308 :                       0F52 C |
 L_309 :                       0F33 C |  L_310 :                       0F46 C |
 L_311 :                       0FA7 C |  L_312 :                       0F6B C |
 L_313 :                       0F78 C |  L_314 :                       0F88 C |
 L_315 :                       0F9B C | *L_316 :                       0FD6 C |
 L_317 :                       0FD6 C |  L_318 :                       0FBF C |
 L_319 :                       0FC8 C |  L_320 :                       0FD1 C |
 L_321 :                       1411 C |  L_322 :                       13F9 C |
*L_323 :                       1405 C |  L_324 :                       0FE1 C |
 L_325 :                       0FF9 C |  L_326 :                       0FF9 C |
 L_327 :                       13EE C |  L_328 :                       105C C |
 L_329 :                       1070 C |  L_330 :                       108B C |
 L_331 :                       109B C |  L_332 :                       10AF C |
 L_333 :                       10CA C |  L_334 :                       10D9 C |
 L_335 :                       112A C |  L_336 :                       1139 C |
 L_337 :                       1178 C |  L_338 :                       1191 C |
 L_339 :                       11A9 C |  L_340 :                       11BE C |
 L_341 :                       11C6 C |  L_342 :                       11DB C |
 L_343 :                       11E0 C |  L_344 :                       120A C |
 L_345 :                       1202 C |  L_346 :                       11F1 C |
 L_347 :                       1219 C |  L_348 :                       1285 C |
 L_349 :                       1298 C |  L_350 :                       12BE C |
 L_351 :                       12D7 C |  L_352 :                       1339 C |
 L_353 :                       1331 C |  L_354 :                       131D C |
 L_355 :                       1362 C |  L_356 :                       137A C |
 L_357 :                       1382 C |  L_358 :                       1382 C |
 L_359 :                       1388 C | *L_360 :                       1391 C |
 L_361 :                       1384 C |  L_362 :                       1393 C |
 L_363 :                       13A1 C | *L_364 :                       13AA C |
 L_365 :                       1395 C |  L_366 :                       13AF C |
 L_367 :                       13B8 C |  L_368 :                       13C1 C |
 L_369 :                       13CA C |  L_370 :                       13D3 C |
 L_371 :                       13DC C |  L_372 :                       13E2 C |
 L_373 :                       13E2 C |  L_374 :                       13E2 C |
 L_375 :                       13E9 C |  L_376 :                       13F9 C |
 L_377 :                       1012 C |  L_378 :                       1009 C |
 L_379 :                       1405 C |  L_380 :                       144D C |
 L_381 :                       1444 C | *L_382 :                       144D C |
 L_383 :                       1429 C |  L_384 :                       1440 C |
*L_385 :                       14DD C | *L_386 :                       1497 C |
*L_387 :                       1475 C |  L_388 :                       1475 C |
 L_389 :                       1481 C |  L_390 :                       1497 C |
 L_391 :                       14D4 C |  L_392 :                       14DD C |
 L_393 :                       1499 C |  L_394 :                       14C5 C |
 L_395 :                       146A C |  L_396 :                       1468 C |
*L_397 :                       1538 C | *L_398 :                       1505 C |
*L_399 :                       14FC C |  L_400 :                       14ED C |
 L_401 :                       14FF C | *L_402 :                       1523 C |
*L_403 :                       151A C |  L_404 :                       150B C |
 L_405 :                       151D C | *L_406 :                       15A3 C |
 L_407 :                       15A3 C |  L_408 :                       155B C |
 L_409 :                       156D C |  L_410 :                       1572 C |
 L_411 :                       1574 C |  L_412 :                       1590 C |
 L_413 :                       158B C |  L_414 :                       1595 C |
 L_415 :                       1597 C |  L_416 :                       15A0 C |
*L_417 :                       1624 C |  L_418 :                       1607 C |
 L_419 :                       15F4 C |  L_420 :                       1607 C |
 L_74 :                         6FD C |  L_75 :                         6E3 C |
 L_76 :                         6EB C |  L_77 :                         445 C |
 L_78 :                         448 C | *L_79 :                         452 C |
 L_80 :                         447 C |  L_81 :                         4BC C |
*L_82 :                         4B3 C |  L_83 :                         458 C |
 L_84 :                         4B6 C |  L_85 :                         471 C |
*L_86 :                         486 C |  L_87 :                         46D C |
 L_88 :                         486 C |  L_89 :                         4B3 C |
 L_90 :                         49E C |  L_91 :                         532 C |
 L_92 :                         4C7 C | *L_93 :                         4D1 C |
 L_94 :                         4C6 C | *L_95 :                         4E4 C |
*L_96 :                         4D9 C |  L_97 :                         4D9 C |
 L_98 :                         4DC C |  L_99 :                         501 C |
*MACEXP :                         7 - |  MEM_CLEAR :                     1A C |
 MEZ_MSG :                     196F C | *MOMCPU :                      8086 - |
*MOMCPUNAME :                "8086" - | *NESTMAX :                      100 - |
*PUTNUM44 :                     30A C |  PUTNUM45 :                     294 C |
 PUTNUM46 :                     298 C | *PUTNUM47 :                     2C7 C |
*PUTNUM48 :                     2CD C |  PUTNUM49 :                     2A1 C |
 PUTNUM50 :                     2E2 C |  PUTNUM51 :                     2EE C |
*PUTNUM52 :                     2FD C |  PUTNUM53 :                     2E4 C |
 PUTNUM54 :                     42A C |  PUTNUM55 :                     381 C |
*PUTNUM56 :                     38D C |  PUTNUM57 :                     31A C |
 PUTNUM58 :                     346 C |  PUTNUM59 :                     326 C |
 PUTNUM60 :                     381 C |  PUTNUM61 :                     381 C |
 PUTNUM62 :                     369 C |  PUTNUM63 :                     358 C |
 PUTNUM64 :                     3CA C |  PUTNUM65 :                     3AC C |
 PUTNUM66 :                     3B6 C |  PUTNUM67 :                     3C0 C |
 PUTNUM68 :                     40A C | *PUTNUM69 :                     418 C |
 PUTNUM70 :                     3D6 C |  PUTNUM71 :                     404 C |
 PUTNUM72 :                     425 C |  PUTNUM73 :                     38D C |
 RAM_END :                     7FFF - | *RELAXED :                        0 - |
 RET_MON :                       29 C |  RND3 :                          99 C |
 RND4 :                         0B4 C |  RND_BASE :                       0 - |
 RND_END :                     1A00 - |  SEED :                        1B00 D |
 SEEDX :                       1B02 D |  SSTYLE4 :                      11B C |
 SSTYLE7 :                      0FA C |  SSTYLE8 :                      10F C |
 START_TB :                       6 C |  S_VAL :                       1B04 D |
 TB_OFF :                         0 - |  TB_STACK :                    1B00 - |
 TB_WORK :                     1B00 - | *TIME :                   "9:45:24" - |
*TRUE :                           1 - |  TTB_MSG :                     195A C |
 UPDATE_SEED :                   2D C | *VERSION :                     142F - |
 W1 :                            42 C |  WSTART :                      16A1 C |
 W_START :                       49 C |  _ARR :                        1C4A D |
 _BASIC :                      1625 C |  _CIP :                        1BA8 D |
 _CLP :                        1BA6 D |  _C_GETCH :                      6E C |
 _C_GETS :                      1C5 C |  _C_ISALPHA :                   186 C |
 _C_ISDIGIT :                   16E C |  _C_ISPRINT :                   138 C |
 _C_ISSPACE :                   150 C |  _C_KBHIT :                      78 C |
 _C_PUTCH :                      60 C |  _C_PUTS :                      1AA C |
 _C_TOUPPER :                   11D C |  _ERR :                        1CCA D |
 _ERRMSG :                     170C C |  _ERROR :                      15A4 C |
 _GETLINENO :                   703 C |  _GETLP :                       727 C |
 _GETNUM :                      30E C |  _GETPARAM :                    97E C |
 _GETRND :                      0E6 C |  _GETSIZE :                     74C C |
 _GSTK :                       1CCB D |  _GSTKI :                      1D2F D |
 _IARRAY :                     0F56 C |  _IBUF :                       1B06 D |
 _ICOM :                       153C C |  _IEXE :                       0FD7 C |
 _IEXP :                       0BFE C |  _IINPUT :                     0DD9 C |
 _ILET :                       0FAB C |  _ILIST :                      144F C |
 _IMUL :                       0B2D C |  _INEW :                       14E1 C |
 _INSLIST :                     765 C |  _IPLUS :                      0BA1 C |
 _IPRINT :                     0D03 C |  _IRUN :                       1416 C |
 _IVALUE :                      9C8 C |  _IVAR :                       0F0E C |
 _I_NSA :                      16A4 C |  _I_NSB :                      16B7 C |
 _KWTBL :                      16C6 C |  _LBUF :                       1BAA D |
 _LISTBUF :                    1D32 D |  _LSTK :                       1CDD D |
 _LSTKI :                      1D30 D |  _MAIN :                        0C9 C |
 _NEWLINE :                     0D7 C |  _PUTLIST :                     837 C |
 _PUTNUM :                      27A C |  _RAND :                         8D C |
 _SRAND :                        7F C |  _SSTYLE :                      0F5 C |
 _TOKTOI :                      42E C |  _VAR :                        1CFB D |

    517 symbols
     76 unused symbols

 AS V1.42 Beta [Bld 271] - Source File ttbasic_cnv.asm - Page 3 - 8/11/2025 9:45:24


  Code Pages:
  ----------

STANDARD (0 changed characters)

1 code page

0.22 seconds assembly time

   4221 lines source file
      4 passes
      0 errors
      0 warnings
